Município,UF,chave,cd_mun,status
Gavião Peixoto,SP,GAVIAO PEIXOTO/SP,3516853,OK
Jundiaí,SP,JUNDIAI/SP,3525904,OK
Osvaldo Cruz,SP,OSVALDO CRUZ/SP,3534609,OK
Pompéia,SP,POMPEIA/SP,3540002,OK
Fernando de Noronha,PE,FERNANDO DE NORONHA/PE,2605459,OK
Curitiba,PR,CURITIBA/PR,4106902,OK
Nova Lima,MG,NOVA LIMA/MG,3144805,OK
Gabriel Monteiro,SP,GABRIEL MONTEIRO/SP,3516507,OK
Cornélio Procópio,PR,CORNELIO PROCOPIO/PR,4106407,OK
Luzerna,SC,LUZERNA/SC,4210035,OK
Itupeva,SP,ITUPEVA/SP,3524006,OK
Rafard,SP,RAFARD/SP,3542107,OK
Presidente Lucena,RS,PRESIDENTE LUCENA/RS,4315149,OK
Adamantina,SP,ADAMANTINA/SP,3500105,OK
Maringá,PR,MARINGA/PR,4115200,OK
Alto Alegre,RS,ALTO ALEGRE/RS,4300554,OK
Ribeirão Preto,SP,RIBEIRAO PRETO/SP,3543402,OK
Brasília,DF,BRASILIA/DF,5300108,OK
Barra Bonita,SP,BARRA BONITA/SP,3505302,OK
Araraquara,SP,ARARAQUARA/SP,3503208,OK
Águas de São Pedro,SP,AGUAS DE SAO PEDRO/SP,3500600,OK
São Paulo,SP,SAO PAULO/SP,3550308,OK
Picada Café,RS,PICADA CAFE/RS,4314423,OK
Águas da Prata,SP,AGUAS DA PRATA/SP,3500402,OK
Nova Boa Vista,RS,NOVA BOA VISTA/RS,4312955,OK
Cândido Rodrigues,SP,CANDIDO RODRIGUES/SP,3510104,OK
Quatro Pontes,PR,QUATRO PONTES/PR,4120853,OK
Córrego do Bom Jesus,MG,CORREGO DO BOM JESUS/MG,3119906,OK
Ouro Branco,MG,OURO BRANCO/MG,3145901,OK
Hortolândia,SP,HORTOLANDIA/SP,3519071,OK
Campinas,SP,CAMPINAS/SP,3509502,OK
Buritizal,SP,BURITIZAL/SP,3508207,OK
São João da Boa Vista,SP,SAO JOAO DA BOA VISTA/SP,3549102,OK
Jaguariúna,SP,JAGUARIUNA/SP,3524709,OK
Joinville,SC,JOINVILLE/SC,4209102,OK
Quintana,SP,QUINTANA/SP,3542008,OK
São Bernardo do Campo,SP,SAO BERNARDO DO CAMPO/SP,3548708,OK
Inúbia Paulista,SP,INUBIA PAULISTA/SP,3520806,OK
Santo Anastácio,SP,SANTO ANASTACIO/SP,3547700,OK
São Caetano do Sul,SP,SAO CAETANO DO SUL/SP,3548807,OK
Campo Grande,MS,CAMPO GRANDE/MS,5002704,OK
Cocal do Sul,SC,COCAL DO SUL/SC,4204251,OK
São Carlos,SP,SAO CARLOS/SP,3548906,OK
Uberlândia,MG,UBERLANDIA/MG,3170206,OK
Louveira,SP,LOUVEIRA/SP,3527306,OK
Aspásia,SP,ASPASIA/SP,3503950,OK
Confins,MG,CONFINS/MG,3117876,OK
Belo Horizonte,MG,BELO HORIZONTE/MG,3106200,OK
Bauru,SP,BAURU/SP,3506003,OK
Rubinéia,SP,RUBINEIA/SP,3544509,OK
Jaraguá do Sul,SC,JARAGUA DO SUL/SC,4208906,OK
Rio Quente,GO,RIO QUENTE/GO,5218789,OK
Vista Gaúcha,RS,VISTA GAUCHA/RS,4323705,OK
Nova Guataporanga,SP,NOVA GUATAPORANGA/SP,3533106,OK
Santa Clara d'Oeste,SP,SANTA CLARA D OESTE/SP,3546108,OK
Santópolis do Aguapeí,SP,SANTOPOLIS DO AGUAPEI/SP,3548401,OK
Borá,SP,BORA/SP,3507209,OK
Guaiçara,SP,GUAICARA/SP,3517208,OK
Goiânia,GO,GOIANIA/GO,5208707,OK
Itaú de Minas,MG,ITAU DE MINAS/MG,3133758,OK
Santana de Parnaíba,SP,SANTANA DE PARNAIBA/SP,3547304,OK
Marília,SP,MARILIA/SP,3529005,OK
Quatro Barras,PR,QUATRO BARRAS/PR,4120804,OK
Jumirim,SP,JUMIRIM/SP,3525854,OK
Jales,SP,JALES/SP,3524808,OK
São João da Mata,MG,SAO JOAO DA MATA/MG,3162302,OK
Votuporanga,SP,VOTUPORANGA/SP,3557105,OK
Engenheiro Coelho,SP,ENGENHEIRO COELHO/SP,3515152,OK
Lavras,MG,LAVRAS/MG,3138203,OK
Antônio Carlos,SC,ANTONIO CARLOS/SC,4201208,OK
Orindiúva,SP,ORINDIUVA/SP,3534203,OK
São João das Duas Pontes,SP,SAO JOAO DAS DUAS PONTES/SP,3549201,OK
Tupandi,RS,TUPANDI/RS,4322251,OK
Americana,SP,AMERICANA/SP,3501608,OK
Mogi das Cruzes,SP,MOGI DAS CRUZES/SP,3530607,OK
Araçatuba,SP,ARACATUBA/SP,3502804,OK
Arco-Íris,SP,ARCO IRIS/SP,3503356,OK
Jacutinga,RS,JACUTINGA/RS,4310900,OK
Uru,SP,URU/SP,3555901,OK
Artur Nogueira,SP,ARTUR NOGUEIRA/SP,3503802,OK
Cordeirópolis,SP,CORDEIROPOLIS/SP,3512407,OK
Botucatu,SP,BOTUCATU/SP,3507506,OK
Lindóia,SP,LINDOIA/SP,3527009,OK
Santos,SP,SANTOS/SP,3548500,OK
Nova Luzitânia,SP,NOVA LUZITANIA/SP,3533304,OK
Cajobi,SP,CAJOBI/SP,3509304,OK
Tarumã,SP,TARUMA/SP,3553955,OK
Indiana,SP,INDIANA/SP,3520608,OK
Indaiatuba,SP,INDAIATUBA/SP,3520509,OK
Tietê,SP,TIETE/SP,3554508,OK
Álvares Machado,SP,ALVARES MACHADO/SP,3501301,OK
Presidente Prudente,SP,PRESIDENTE PRUDENTE/SP,3541406,OK
Ribeirão dos Índios,SP,RIBEIRAO DOS INDIOS/SP,3543238,OK
Juiz de Fora,MG,JUIZ DE FORA/MG,3136702,OK
Toledo,PR,TOLEDO/PR,4127700,OK
Palmas,TO,PALMAS/TO,1721000,OK
Blumenau,SC,BLUMENAU/SC,4202404,OK
Viradouro,SP,VIRADOURO/SP,3556800,OK
Pindamonhangaba,SP,PINDAMONHANGABA/SP,3538006,OK
São Francisco,SP,SAO FRANCISCO/SP,3549003,OK
Paulínia,SP,PAULINIA/SP,3536505,OK
Boracéia,SP,BORACEIA/SP,3507308,OK
Vinhedo,SP,VINHEDO/SP,3556701,OK
Bebedouro,SP,BEBEDOURO/SP,3506102,OK
Tabatinga,SP,TABATINGA/SP,3552700,OK
Itajubá,MG,ITAJUBA/MG,3132404,OK
Campina Grande,PB,CAMPINA GRANDE/PB,2504009,OK
Nova Europa,SP,NOVA EUROPA/SP,3532900,OK
Cerquilho,SP,CERQUILHO/SP,3511508,OK
Piracicaba,SP,PIRACICABA/SP,3538709,OK
Florianópolis,SC,FLORIANOPOLIS/SC,4205407,OK
Ivoti,RS,IVOTI/RS,4310801,OK
Leme,SP,LEME/SP,3526704,OK
São José do Hortêncio,RS,SAO JOSE DO HORTENCIO/RS,4318481,OK
Sarandi,RS,SARANDI/RS,4320107,OK
Itatiba,SP,ITATIBA/SP,3523404,OK
Piacatu,SP,PIACATU/SP,3537701,OK
Pirassununga,SP,PIRASSUNUNGA/SP,3539301,OK
Três Arroios,RS,TRES ARROIOS/RS,4321634,OK
Sales,SP,SALES/SP,3544806,OK
Pedrinhas Paulista,SP,PEDRINHAS PAULISTA/SP,3537156,OK
Araras,SP,ARARAS/SP,3503307,OK
Lucianópolis,SP,LUCIANOPOLIS/SP,3527504,OK
Matutina,MG,MATUTINA/MG,3141207,OK
Cruzália,SP,CRUZALIA/SP,3513306,OK
São João do Pau d'Alho,SP,SAO JOAO DO PAU D ALHO/SP,3549300,OK
Sertãozinho,SP,SERTAOZINHO/SP,3551702,OK
Ipeúna,SP,IPEUNA/SP,3521101,OK
Barueri,SP,BARUERI/SP,3505708,OK
Lupércio,SP,LUPERCIO/SP,3527801,OK
Urupês,SP,URUPES/SP,3556008,OK
Bragança Paulista,SP,BRAGANCA PAULISTA/SP,3507605,OK
Joaçaba,SC,JOACABA/SC,4209003,OK
Ibaté,SP,IBATE/SP,3519303,OK
Sarzedo,MG,SARZEDO/MG,3165537,OK
Marinópolis,SP,MARINOPOLIS/SP,3529104,OK
Balneário Camboriú,SC,BALNEARIO CAMBORIU/SC,4202008,OK
Westfália,RS,WESTFALIA/RS,4323770,OK
Saltinho,SP,SALTINHO/SP,3545159,OK
Santa Mercedes,SP,SANTA MERCEDES/SP,3547106,OK
Catanduva,SP,CATANDUVA/SP,3511102,OK
Congonhas,MG,CONGONHAS/MG,3118007,OK
Nova Odessa,SP,NOVA ODESSA/SP,3533403,OK
Alpinópolis,MG,ALPINOPOLIS/MG,3101904,OK
Tupi Paulista,SP,TUPI PAULISTA/SP,3555109,OK
Iracemápolis,SP,IRACEMAPOLIS/SP,3521408,OK
Fernando Prestes,SP,FERNANDO PRESTES/SP,3515608,OK
São José dos Campos,SP,SAO JOSE DOS CAMPOS/SP,3549904,OK
Sebastianópolis do Sul,SP,SEBASTIANOPOLIS DO SUL/SP,3551306,OK
Governador Celso Ramos,SC,GOVERNADOR CELSO RAMOS/SC,4206009,OK
Alvinlândia,SP,ALVINLANDIA/SP,3501509,OK
Parisi,SP,PARISI/SP,3536257,OK
Santana do Seridó,RN,SANTANA DO SERIDO/RN,2411429,OK
São José dos Pinhais,PR,SAO JOSE DOS PINHAIS/PR,4125506,OK
Nova Veneza,SC,NOVA VENEZA/SC,4211603,OK
Guaxupé,MG,GUAXUPE/MG,3128709,OK
Cafelândia,PR,CAFELANDIA/PR,4103453,OK
Franca,SP,FRANCA/SP,3516200,OK
Pracinha,SP,PRACINHA/SP,3540853,OK
Sarapuí,SP,SARAPUI/SP,3551108,OK
Emilianópolis,SP,EMILIANOPOLIS/SP,3515129,OK
Taboão da Serra,SP,TABOAO DA SERRA/SP,3552809,OK
Ivatuba,PR,IVATUBA/PR,4111605,OK
Japaraíba,MG,JAPARAIBA/MG,3135308,OK
Pato Branco,PR,PATO BRANCO/PR,4118501,OK
Paranapanema,SP,PARANAPANEMA/SP,3535804,OK
Guarulhos,SP,GUARULHOS/SP,3518800,OK
Luís Antônio,SP,LUIS ANTONIO/SP,3527603,OK
Olímpia,SP,OLIMPIA/SP,3533908,OK
Floresta,PR,FLORESTA/PR,4107900,OK
Extrema,MG,EXTREMA/MG,3125101,OK
São José do Sul,RS,SAO JOSE DO SUL/RS,4318614,OK
Cândido Mota,SP,CANDIDO MOTA/SP,3510005,OK
Santa Rita do Passa Quatro,SP,SANTA RITA DO PASSA QUATRO/SP,3547502,OK
Itapiranga,SC,ITAPIRANGA/SC,4208401,OK
Bernardino de Campos,SP,BERNARDINO DE CAMPOS/SP,3506300,OK
Bocaina,SP,BOCAINA/SP,3506805,OK
Varginha,MG,VARGINHA/MG,3170701,OK
Montes Claros,MG,MONTES CLAROS/MG,3143302,OK
São Jorge do Ivaí,PR,SAO JORGE DO IVAI/PR,4125308,OK
Viçosa,MG,VICOSA/MG,3171303,OK
Dourado,SP,DOURADO/SP,3514304,OK
Gastão Vidigal,SP,GASTAO VIDIGAL/SP,3516804,OK
Andradina,SP,ANDRADINA/SP,3502101,OK
Ourinhos,SP,OURINHOS/SP,3534708,OK
Dolcinópolis,SP,DOLCINOPOLIS/SP,3514205,OK
Nova Canaã Paulista,SP,NOVA CANAA PAULISTA/SP,3532843,OK
Campina do Monte Alegre,SP,CAMPINA DO MONTE ALEGRE/SP,3509452,OK
Valinhos,SP,VALINHOS/SP,3556206,OK
Serra Alta,SC,SERRA ALTA/SC,4217550,OK
Pomerode,SC,POMERODE/SC,4213203,OK
Guarani d'Oeste,SP,GUARANI D OESTE/SP,3518008,OK
Uraí,PR,URAI/PR,4128401,OK
São Sebastião do Rio Verde,MG,SAO SEBASTIAO DO RIO VERDE/MG,3164902,OK
Mesópolis,SP,MESOPOLIS/SP,3529658,OK
Lourdes,SP,LOURDES/SP,3527256,OK
Jeriquara,SP,JERIQUARA/SP,3525409,OK
Barra Funda,RS,BARRA FUNDA/RS,4301958,OK
Santa Rita do Sapucaí,MG,SANTA RITA DO SAPUCAI/MG,3159605,OK
Munhoz de Melo,PR,MUNHOZ DE MELO/PR,4116307,OK
Salvador das Missões,RS,SALVADOR DAS MISSOES/RS,4316477,OK
Clementina,SP,CLEMENTINA/SP,3511904,OK
Perdões,MG,PERDOES/MG,3149903,OK
Votorantim,SP,VOTORANTIM/SP,3557006,OK
Barra do Jacaré,PR,BARRA DO JACARE/PR,4102703,OK
São Domingos do Sul,RS,SAO DOMINGOS DO SUL/RS,4318051,OK
Cachoeira Dourada,MG,CACHOEIRA DOURADA/MG,3109808,OK
Frederico Westphalen,RS,FREDERICO WESTPHALEN/RS,4308508,OK
Osasco,SP,OSASCO/SP,3534401,OK
Tatuí,SP,TATUI/SP,3554003,OK
Arapuá,MG,ARAPUA/MG,3103801,OK
Turmalina,SP,TURMALINA/SP,3555307,OK
Cedral,SP,CEDRAL/SP,3511300,OK
Bento de Abreu,SP,BENTO DE ABREU/SP,3506201,OK
Boituva,SP,BOITUVA/SP,3507001,OK
Caiabu,SP,CAIABU/SP,3508900,OK
Douradina,PR,DOURADINA/PR,4107256,OK
Dom Silvério,MG,DOM SILVERIO/MG,3122702,OK
Assis,SP,ASSIS/SP,3504008,OK
Cesário Lange,SP,CESARIO LANGE/SP,3511607,OK
Platina,SP,PLATINA/SP,3539707,OK
Laurentino,SC,LAURENTINO/SC,4209508,OK
Braço do Trombudo,SC,BRACO DO TROMBUDO/SC,4202859,OK
Regente Feijó,SP,REGENTE FEIJO/SP,3542404,OK
Londrina,PR,LONDRINA/PR,4113700,OK
João Pessoa,PB,JOAO PESSOA/PB,2507507,OK
Veranópolis,RS,VERANOPOLIS/RS,4322806,OK
Dumont,SP,DUMONT/SP,3514601,OK
Lagoa da Prata,MG,LAGOA DA PRATA/MG,3137205,OK
Itajaí,SC,ITAJAI/SC,4208203,OK
São Joaquim da Barra,SP,SAO JOAQUIM DA BARRA/SP,3549409,OK
Turiúba,SP,TURIUBA/SP,3555208,OK
Brejo Alegre,SP,BREJO ALEGRE/SP,3507753,OK
Estrela d'Oeste,SP,ESTRELA D OESTE/SP,3515202,OK
Aparecida d'Oeste,SP,APARECIDA D OESTE/SP,3502606,OK
Dobrada,SP,DOBRADA/SP,3514007,OK
José Bonifácio,SP,JOSE BONIFACIO/SP,3525706,OK
Tupã,SP,TUPA/SP,3555000,OK
Presidente Bernardes,SP,PRESIDENTE BERNARDES/SP,3541208,OK
Mirassol,SP,MIRASSOL/SP,3530300,OK
Rio do Sul,SC,RIO DO SUL/SC,4214805,OK
Araçoiaba da Serra,SP,ARACOIABA DA SERRA/SP,3502903,OK
Arujá,SP,ARUJA/SP,3503901,OK
Bombinhas,SC,BOMBINHAS/SC,4202453,OK
Contagem,MG,CONTAGEM/MG,3118601,OK
Trabiju,SP,TRABIJU/SP,3554755,OK
Porto Belo,SC,PORTO BELO/SC,4213500,OK
João Neiva,ES,JOAO NEIVA/ES,3203130,OK
Resende,RJ,RESENDE/RJ,3304201,OK
Amparo,SP,AMPARO/SP,3501905,OK
São Bento do Sul,SC,SAO BENTO DO SUL/SC,4215802,OK
Irati,PR,IRATI/PR,4110706,OK
Macedônia,SP,MACEDONIA/SP,3528205,OK
Diadema,SP,DIADEMA/SP,3513801,OK
Dois Irmãos,RS,DOIS IRMAOS/RS,4306403,OK
Mogi Mirim,SP,MOGI MIRIM/SP,3530805,OK
São Vendelino,RS,SAO VENDELINO/RS,4319752,OK
Magda,SP,MAGDA/SP,3528304,OK
Timburi,SP,TIMBURI/SP,3554607,OK
Divinópolis,MG,DIVINOPOLIS/MG,3122306,OK
Peruíbe,SP,PERUIBE/SP,3537602,OK
Jambeiro,SP,JAMBEIRO/SP,3524907,OK
Lavrinhas,SP,LAVRINHAS/SP,3526605,OK
Mato Leitão,RS,MATO LEITAO/RS,4312153,OK
Taciba,SP,TACIBA/SP,3552908,OK
Santa Rita d'Oeste,SP,SANTA RITA D OESTE/SP,3547403,OK
Capitão,RS,CAPITAO/RS,4304697,OK
Quatiguá,PR,QUATIGUA/PR,4120705,OK
Jaú,SP,JAU/SP,3525300,OK
São José do Rio Preto,SP,SAO JOSE DO RIO PRETO/SP,3549805,OK
Santo Expedito,SP,SANTO EXPEDITO/SP,3548302,OK
Novo Xingu,RS,NOVO XINGU/RS,4313466,OK
Harmonia,RS,HARMONIA/RS,4309555,OK
Cotia,SP,COTIA/SP,3513009,OK
Nova Araçá,RS,NOVA ARACA/RS,4312807,OK
Santa Cruz da Esperança,SP,SANTA CRUZ DA ESPERANCA/SP,3546256,OK
Catiguá,SP,CATIGUA/SP,3511201,OK
Cachoeira da Prata,MG,CACHOEIRA DA PRATA/MG,3109600,OK
Serranópolis do Iguaçu,PR,SERRANOPOLIS DO IGUACU/PR,4126355,OK
Pains,MG,PAINS/MG,3146503,OK
Guaraci,SP,GUARACI/SP,3517901,OK
Sagres,SP,SAGRES/SP,3544707,OK
Narandiba,SP,NARANDIBA/SP,3532207,OK
Peritiba,SC,PERITIBA/SC,4212601,OK
Cachoeira Paulista,SP,CACHOEIRA PAULISTA/SP,3508603,OK
Santa Bárbara d'Oeste,SP,SANTA BARBARA D OESTE/SP,3545803,OK
Irapuru,SP,IRAPURU/SP,3521606,OK
Pedreira,SP,PEDREIRA/SP,3537107,OK
Cravinhos,SP,CRAVINHOS/SP,3513108,OK
Ilha Solteira,SP,ILHA SOLTEIRA/SP,3520442,OK
Salto Veloso,SC,SALTO VELOSO/SC,4215406,OK
Nuporanga,SP,NUPORANGA/SP,3533601,OK
Itaquaquecetuba,SP,ITAQUAQUECETUBA/SP,3523107,OK
Pacujá,CE,PACUJA/CE,2309904,OK
São Francisco,SE,SAO FRANCISCO/SE,2806909,OK
Salvador do Sul,RS,SALVADOR DO SUL/RS,4316501,OK
Concórdia,SC,CONCORDIA/SC,4204301,OK
Sorocaba,SP,SOROCABA/SP,3552205,OK
Indaial,SC,INDAIAL/SC,4207502,OK
Monções,SP,MONCOES/SP,3531001,OK
Cuiabá,MT,CUIABA/MT,5103403,OK
Dirce Reis,SP,DIRCE REIS/SP,3513850,OK
Limeira,SP,LIMEIRA/SP,3526902,OK
Fernandópolis,SP,FERNANDOPOLIS/SP,3515509,OK
Tubarão,SC,TUBARAO/SC,4218707,OK
Protásio Alves,RS,PROTASIO ALVES/RS,4315172,OK
Treze Tílias,SC,TREZE TILIAS/SC,4218509,OK
Matão,SP,MATAO/SP,3529302,OK
Palotina,PR,PALOTINA/PR,4117909,OK
Santa Gertrudes,SP,SANTA GERTRUDES/SP,3546702,OK
Arcos,MG,ARCOS/MG,3104205,OK
São Manoel do Paraná,PR,SAO MANOEL DO PARANA/PR,4125555,OK
Capinzal,SC,CAPINZAL/SC,4203907,OK
Uberaba,MG,UBERABA/MG,3170107,OK
Araguainha,MT,ARAGUAINHA/MT,5101209,OK
Barretos,SP,BARRETOS/SP,3505500,OK
São Marcos,RS,SAO MARCOS/RS,4319000,OK
Adolfo,SP,ADOLFO/SP,3500204,OK
Pongaí,SP,PONGAI/SP,3540101,OK
Taubaté,SP,TAUBATE/SP,3554102,OK
Muriaé,MG,MURIAE/MG,3143906,OK
Novo Horizonte,SP,NOVO HORIZONTE/SP,3533502,OK
Nova Trento,SC,NOVA TRENTO/SC,4211504,OK
Irapuã,SP,IRAPUA/SP,3521507,OK
Sumaré,SP,SUMARE/SP,3552403,OK
Dracena,SP,DRACENA/SP,3514403,OK
Queiroz,SP,QUEIROZ/SP,3541802,OK
Paranavaí,PR,PARANAVAI/PR,4118402,OK
Oscar Bressane,SP,OSCAR BRESSANE/SP,3534500,OK
Lins,SP,LINS/SP,3527108,OK
Três Fronteiras,SP,TRES FRONTEIRAS/SP,3554904,OK
Quinze de Novembro,RS,QUINZE DE NOVEMBRO/RS,4315354,OK
Santa Clara do Sul,RS,SANTA CLARA DO SUL/RS,4316758,OK
Presidente Alves,SP,PRESIDENTE ALVES/SP,3541109,OK
Zacarias,SP,ZACARIAS/SP,3557154,OK
São João del Rei,MG,SAO JOAO DEL REI/MG,3162500,OK
Catalão,GO,CATALAO/GO,5205109,OK
Capivari,SP,CAPIVARI/SP,3510401,OK
Rio de Janeiro,RJ,RIO DE JANEIRO/RJ,3304557,OK
Monte Belo do Sul,RS,MONTE BELO DO SUL/RS,4312385,OK
Santa Ernestina,SP,SANTA ERNESTINA/SP,3546504,OK
Jussara,PR,JUSSARA/PR,4113007,OK
Marechal Cândido Rondon,PR,MARECHAL CANDIDO RONDON/PR,4114609,OK
Piquerobi,SP,PIQUEROBI/SP,3538303,OK
Lontras,SC,LONTRAS/SC,4209904,OK
Salto,SP,SALTO/SP,3545209,OK
Bandeirantes,PR,BANDEIRANTES/PR,4102406,OK
Alfenas,MG,ALFENAS/MG,3101607,OK
Pinheiro Preto,SC,PINHEIRO PRETO/SC,4213005,OK
Estrela do Norte,SP,ESTRELA DO NORTE/SP,3515301,OK
Suzanápolis,SP,SUZANAPOLIS/SP,3552551,OK
Porto Alegre,RS,PORTO ALEGRE/RS,4314902,OK
Ouro,SC,OURO/SC,4211801,OK
Monte Alto,SP,MONTE ALTO/SP,3531308,OK
Olímpio Noronha,MG,OLIMPIO NORONHA/MG,3145505,OK
Nova Friburgo,RJ,NOVA FRIBURGO/RJ,3303401,OK
Lajeado,RS,LAJEADO/RS,4311403,OK
Novais,SP,NOVAIS/SP,3533254,OK
Primavera do Leste,MT,PRIMAVERA DO LESTE/MT,5107040,OK
Teresópolis,RJ,TERESOPOLIS/RJ,3305802,OK
Tapiratiba,SP,TAPIRATIBA/SP,3553609,OK
Caxambu,MG,CAXAMBU/MG,3115508,OK
Orleans,SC,ORLEANS/SC,4211702,OK
Iacri,SP,IACRI/SP,3519204,OK
Torrinha,SP,TORRINHA/SP,3554706,OK
Echaporã,SP,ECHAPORA/SP,3514700,OK
Gramado,RS,GRAMADO/RS,4309100,OK
Macatuba,SP,MACATUBA/SP,3528007,OK
São Manuel,SP,SAO MANUEL/SP,3550100,OK
Itumirim,MG,ITUMIRIM/MG,3134301,OK
São Lourenço,MG,SAO LOURENCO/MG,3163706,OK
Natal,RN,NATAL/RN,2408102,OK
Barbacena,MG,BARBACENA/MG,3105608,OK
Timbó,SC,TIMBO/SC,4218202,OK
Pirangi,SP,PIRANGI/SP,3539004,OK
Anhumas,SP,ANHUMAS/SP,3502408,OK
Dois Córregos,SP,DOIS CORREGOS/SP,3514106,OK
Ouro Preto,MG,OURO PRETO/MG,3146107,OK
Alfredo Marcondes,SP,ALFREDO MARCONDES/SP,3500808,OK
Ariranha,SP,ARIRANHA/SP,3503703,OK
São Ludgero,SC,SAO LUDGERO/SC,4217006,OK
Condado,PB,CONDADO/PB,2504504,OK
Niterói,RJ,NITEROI/RJ,3303302,OK
Criciúma,SC,CRICIUMA/SC,4204608,OK
Ouro Verde,SP,OURO VERDE/SP,3534807,OK
Diamantina,MG,DIAMANTINA/MG,3121605,OK
Cataguases,MG,CATAGUASES/MG,3115300,OK
Caieiras,SP,CAIEIRAS/SP,3509007,OK
Bilac,SP,BILAC/SP,3506409,OK
Vitória Brasil,SP,VITORIA BRASIL/SP,3556958,OK
Manduri,SP,MANDURI/SP,3528601,OK
Tarabai,SP,TARABAI/SP,3553906,OK
Rio Negro,PR,RIO NEGRO/PR,4122305,OK
Pinhais,PR,PINHAIS/PR,4119152,OK
Poá,SP,POA/SP,3539806,OK
Espírito Santo do Turvo,SP,ESPIRITO SANTO DO TURVO/SP,3515194,OK
Formiga,MG,FORMIGA/MG,3126109,OK
Santo André,SP,SANTO ANDRE/SP,3547809,OK
Guaranésia,MG,GUARANESIA/MG,3128303,OK
Santo Ângelo,RS,SANTO ANGELO/RS,4317509,OK
Cascavel,PR,CASCAVEL/PR,4104808,OK
Jacareí,SP,JACAREI/SP,3524402,OK
Salmourão,SP,SALMOURAO/SP,3545100,OK
Birigui,SP,BIRIGUI/SP,3506508,OK
Glicério,SP,GLICERIO/SP,3517109,OK
Ibituruna,MG,IBITURUNA/MG,3130002,OK
Lençóis Paulista,SP,LENCOIS PAULISTA/SP,3526803,OK
Quirinópolis,GO,QUIRINOPOLIS/GO,5218508,OK
Vila Flores,RS,VILA FLORES/RS,4323309,OK
Pedrinópolis,MG,PEDRINOPOLIS/MG,3149200,OK
Anicuns,GO,ANICUNS/GO,5201306,OK
Nova Aurora,GO,NOVA AURORA/GO,5214804,OK
Cajuru,SP,CAJURU/SP,3509403,OK
Elias Fausto,SP,ELIAS FAUSTO/SP,3514908,OK
Urussanga,SC,URUSSANGA/SC,4219002,OK
Carlos Barbosa,RS,CARLOS BARBOSA/RS,4304804,OK
Santa Rosa de Viterbo,SP,SANTA ROSA DE VITERBO/SP,3547601,OK
São Pedro do Butiá,RS,SAO PEDRO DO BUTIA/RS,4319372,OK
Tambaú,SP,TAMBAU/SP,3553302,OK
Anápolis,GO,ANAPOLIS/GO,5201108,OK
Meridiano,SP,MERIDIANO/SP,3529609,OK
Guaíra,SP,GUAIRA/SP,3517406,OK
Caibi,SC,CAIBI/SC,4203105,OK
Passo Fundo,RS,PASSO FUNDO/RS,4314100,OK
Iperó,SP,IPERO/SP,3521002,OK
Grupiara,MG,GRUPIARA/MG,3127909,OK
Schroeder,SC,SCHROEDER/SC,4217402,OK
Santo Antônio de Posse,SP,SANTO ANTONIO DE POSSE/SP,3548005,OK
Holambra,SP,HOLAMBRA/SP,3519055,OK
Barrinha,SP,BARRINHA/SP,3505609,OK
Óleo,SP,OLEO/SP,3533809,OK
Junqueirópolis,SP,JUNQUEIROPOLIS/SP,3526001,OK
Floraí,PR,FLORAI/PR,4107801,OK
Parapuã,SP,PARAPUA/SP,3536000,OK
Marizópolis,PB,MARIZOPOLIS/PB,2509156,OK
Riacho da Cruz,RN,RIACHO DA CRUZ/RN,2410702,OK
Rio das Pedras,SP,RIO DAS PEDRAS/SP,3544004,OK
Bastos,SP,BASTOS/SP,3505807,OK
Pinhal,RS,PINHAL/RS,4314456,OK
Piraju,SP,PIRAJU/SP,3538808,OK
Pradópolis,SP,PRADOPOLIS/SP,3540903,OK
Passa Quatro,MG,PASSA QUATRO/MG,3147600,OK
Ubirajara,SP,UBIRAJARA/SP,3555505,OK
Descalvado,SP,DESCALVADO/SP,3513702,OK
Goianésia,GO,GOIANESIA/GO,5208608,OK
Itamonte,MG,ITAMONTE/MG,3133006,OK
Pedranópolis,SP,PEDRANOPOLIS/SP,3536901,OK
Atalaia,PR,ATALAIA/PR,4102208,OK
Pelotas,RS,PELOTAS/RS,4314407,OK
Bariri,SP,BARIRI/SP,3505203,OK
Cosmópolis,SP,COSMOPOLIS/SP,3512803,OK
Ceres,GO,CERES/GO,5205406,OK
Machado,MG,MACHADO/MG,3139003,OK
Porto Feliz,SP,PORTO FELIZ/SP,3540606,OK
Rondonópolis,MT,RONDONOPOLIS/MT,5107602,OK
Jardinópolis,SC,JARDINOPOLIS/SC,4208955,OK
Alto Horizonte,GO,ALTO HORIZONTE/GO,5200555,OK
Umuarama,PR,UMUARAMA/PR,4128104,OK
Taquaritinga,SP,TAQUARITINGA/SP,3553708,OK
Glória de Dourados,MS,GLORIA DE DOURADOS/MS,5004007,OK
Presidente Venceslau,SP,PRESIDENTE VENCESLAU/SP,3541505,OK
Boa Vista das Missões,RS,BOA VISTA DAS MISSOES/RS,4302154,OK
Ituiutaba,MG,ITUIUTABA/MG,3134202,OK
Iepê,SP,IEPE/SP,3519907,OK
Não-Me-Toque,RS,NAO ME TOQUE/RS,4312658,OK
Bady Bassitt,SP,BADY BASSITT/SP,3504602,OK
Itirapina,SP,ITIRAPINA/SP,3523602,OK
Vista Alegre do Alto,SP,VISTA ALEGRE DO ALTO/SP,3556909,OK
São Pedro de Alcântara,SC,SAO PEDRO DE ALCANTARA/SC,4217253,OK
Quatá,SP,QUATA/SP,3541703,OK
Patos de Minas,MG,PATOS DE MINAS/MG,3148004,OK
Monte Sião,MG,MONTE SIAO/MG,3143401,OK
Ubarana,SP,UBARANA/SP,3555356,OK
Camboriú,SC,CAMBORIU/SC,4203204,OK
Monte Castelo,SP,MONTE CASTELO/SP,3531605,OK
Jesúpolis,GO,JESUPOLIS/GO,5212055,OK
Japurá,PR,JAPURA/PR,4112405,OK
Lindolfo Collor,RS,LINDOLFO COLLOR/RS,4311627,OK
Orlândia,SP,ORLANDIA/SP,3534302,OK
Capivari de Baixo,SC,CAPIVARI DE BAIXO/SC,4203956,OK
União da Vitória,PR,UNIAO DA VITORIA/PR,4128203,OK
Poços de Caldas,MG,POCOS DE CALDAS/MG,3151800,OK
Pouso Alegre,MG,POUSO ALEGRE/MG,3152501,OK
Miraselva,PR,MIRASELVA/PR,4116000,OK
Doutor Maurício Cardoso,RS,DOUTOR MAURICIO CARDOSO/RS,4306734,OK
Alto Feliz,RS,ALTO FELIZ/RS,4300570,OK
Fartura,SP,FARTURA/SP,3515400,OK
Piratuba,SC,PIRATUBA/SC,4213104,OK
Pará de Minas,MG,PARA DE MINAS/MG,3147105,OK
Erechim,RS,ERECHIM/RS,4307005,OK
Luz,MG,LUZ/MG,3138807,OK
Aracaju,SE,ARACAJU/SE,2800308,OK
Cruzeiro da Fortaleza,MG,CRUZEIRO DA FORTALEZA/MG,3120706,OK
Santana da Ponte Pensa,SP,SANTANA DA PONTE PENSA/SP,3547205,OK
Serafina Corrêa,RS,SERAFINA CORREA/RS,4320404,OK
Paraisópolis,MG,PARAISOPOLIS/MG,3147303,OK
Cianorte,PR,CIANORTE/PR,4105508,OK
Vanini,RS,VANINI/RS,4322558,OK
Matelândia,PR,MATELANDIA/PR,4115606,OK
Santa Cruz de Minas,MG,SANTA CRUZ DE MINAS/MG,3157336,OK
Santa Juliana,MG,SANTA JULIANA/MG,3157708,OK
São João de Iracema,SP,SAO JOAO DE IRACEMA/SP,3549250,OK
Chapecó,SC,CHAPECO/SC,4204202,OK
Águas de Santa Bárbara,SP,AGUAS DE SANTA BARBARA/SP,3500550,OK
Flores da Cunha,RS,FLORES DA CUNHA/RS,4308201,OK
Otacílio Costa,SC,OTACILIO COSTA/SC,4211751,OK
Carmo da Mata,MG,CARMO DA MATA/MG,3114006,OK
Batatais,SP,BATATAIS/SP,3505906,OK
São José,SC,SAO JOSE/SC,4216602,OK
Catas Altas,MG,CATAS ALTAS/MG,3115359,OK
Ibitinga,SP,IBITINGA/SP,3519600,OK
Mariana,MG,MARIANA/MG,3140001,OK
Teutônia,RS,TEUTONIA/RS,4321451,OK
Entre Rios do Oeste,PR,ENTRE RIOS DO OESTE/PR,4107538,OK
Parnamirim,RN,PARNAMIRIM/RN,2403251,OK
Rubiácea,SP,RUBIACEA/SP,3544400,OK
Jaborandi,SP,JABORANDI/SP,3524204,OK
Araguari,MG,ARAGUARI/MG,3103504,OK
Serra,ES,SERRA/ES,3205002,OK
Lucélia,SP,LUCELIA/SP,3527405,OK
Santo Expedito do Sul,RS,SANTO EXPEDITO DO SUL/RS,4317954,OK
Populina,SP,POPULINA/SP,3540408,OK
Torre de Pedra,SP,TORRE DE PEDRA/SP,3554656,OK
Sanclerlândia,GO,SANCLERLANDIA/GO,5219001,OK
Elisiário,SP,ELISIARIO/SP,3514924,OK
Serra Negra,SP,SERRA NEGRA/SP,3551603,OK
Reginópolis,SP,REGINOPOLIS/SP,3542503,OK
Braúna,SP,BRAUNA/SP,3507704,OK
Marialva,PR,MARIALVA/PR,4114807,OK
Jacutinga,MG,JACUTINGA/MG,3134905,OK
Tocos do Moji,MG,TOCOS DO MOJI/MG,3169059,OK
Arapongas,PR,ARAPONGAS/PR,4101507,OK
Pedras Grandes,SC,PEDRAS GRANDES/SC,4212403,OK
Itajobi,SP,ITAJOBI/SP,3521903,OK
Santa Fé do Sul,SP,SANTA FE DO SUL/SP,3546603,OK
Ijaci,MG,IJACI/MG,3130408,OK
Vila Maria,RS,VILA MARIA/RS,4323408,OK
Bonfinópolis,GO,BONFINOPOLIS/GO,5203559,OK
Horizontina,RS,HORIZONTINA/RS,4309605,OK
Carambeí,PR,CARAMBEI/PR,4104659,OK
Pirapozinho,SP,PIRAPOZINHO/SP,3539202,OK
Vila Velha,ES,VILA VELHA/ES,3205200,OK
Laranjal,MG,LARANJAL/MG,3138005,OK
Siderópolis,SC,SIDEROPOLIS/SC,4217600,OK
Iraí de Minas,MG,IRAI DE MINAS/MG,3131604,OK
Monsenhor Paulo,MG,MONSENHOR PAULO/MG,3142601,OK
São Jorge do Patrocínio,PR,SAO JORGE DO PATROCINIO/PR,4125357,OK
Pontalinda,SP,PONTALINDA/SP,3540259,OK
Morrinhos do Sul,RS,MORRINHOS DO SUL/RS,4312443,OK
Alambari,SP,ALAMBARI/SP,3500758,OK
Palmeira d'Oeste,SP,PALMEIRA D OESTE/SP,3535200,OK
Itapevi,SP,ITAPEVI/SP,3522505,OK
Itobi,SP,ITOBI/SP,3523800,OK
Guararapes,SP,GUARARAPES/SP,3518206,OK
Santa Rita de Jacutinga,MG,SANTA RITA DE JACUTINGA/MG,3159308,OK
Ipatinga,MG,IPATINGA/MG,3131307,OK
Pontes Gestal,SP,PONTES GESTAL/SP,3540309,OK
Salinas,MG,SALINAS/MG,3157005,OK
Ouvidor,GO,OUVIDOR/GO,5215504,OK
Ribeirão Vermelho,MG,RIBEIRAO VERMELHO/MG,3154705,OK
Jandira,SP,JANDIRA/SP,3525003,OK
Barbosa,SP,BARBOSA/SP,3505104,OK
Olho D'Água do Piauí,PI,OLHO D AGUA DO PIAUI/PI,2207108,OK
São João do Oeste,SC,SAO JOAO DO OESTE/SC,4216255,OK
Luiziânia,SP,LUIZIANIA/SP,3527702,OK
Bom Jesus dos Perdões,SP,BOM JESUS DOS PERDOES/SP,3507100,OK
Ribeirão Grande,SP,RIBEIRAO GRANDE/SP,3543253,OK
Rio Acima,MG,RIO ACIMA/MG,3154804,OK
Itá,SC,ITA/SC,4208005,OK
Flórida,PR,FLORIDA/PR,4108106,OK
Praia Grande,SP,PRAIA GRANDE/SP,3541000,OK
Paranacity,PR,PARANACITY/PR,4118105,OK
Teresina,PI,TERESINA/PI,2211001,OK
Vitória,ES,VITORIA/ES,3205309,OK
Nova Independência,SP,NOVA INDEPENDENCIA/SP,3533205,OK
Montauri,RS,MONTAURI/RS,4312351,OK
Analândia,SP,ANALANDIA/SP,3502002,OK
Jandaia do Sul,PR,JANDAIA DO SUL/PR,4112108,OK
Pirpirituba,PB,PIRPIRITUBA/PB,2511806,OK
Queluzito,MG,QUELUZITO/MG,3153806,OK
Rio Negrinho,SC,RIO NEGRINHO/SC,4215000,OK
Santa Fé,PR,SANTA FE/PR,4123402,OK
Kaloré,PR,KALORE/PR,4113106,OK
Florestal,MG,FLORESTAL/MG,3126000,OK
Rio Claro,SP,RIO CLARO/SP,3543907,OK
Pardinho,SP,PARDINHO/SP,3536109,OK
Bom Princípio,RS,BOM PRINCIPIO/RS,4302352,OK
Delta,MG,DELTA/MG,3121258,OK
Paranapuã,SP,PARANAPUA/SP,3535903,OK
Dom Viçoso,MG,DOM VICOSO/MG,3122801,OK
Conselheiro Lafaiete,MG,CONSELHEIRO LAFAIETE/MG,3118304,OK
Taguaí,SP,TAGUAI/SP,3553005,OK
Buritama,SP,BURITAMA/SP,3508108,OK
Cajamar,SP,CAJAMAR/SP,3509205,OK
São José da Varginha,MG,SAO JOSE DA VARGINHA/MG,3163102,OK
Jardim Olinda,PR,JARDIM OLINDA/PR,4112603,OK
Itanhandu,MG,ITANHANDU/MG,3133105,OK
Igarapava,SP,IGARAPAVA/SP,3520103,OK
Borborema,SP,BORBOREMA/SP,3507407,OK
Rancho Queimado,SC,RANCHO QUEIMADO/SC,4214300,OK
Montenegro,RS,MONTENEGRO/RS,4312401,OK
Travesseiro,RS,TRAVESSEIRO/RS,4321626,OK
Pitangueiras,PR,PITANGUEIRAS/PR,4119657,OK
Fagundes Varela,RS,FAGUNDES VARELA/RS,4307864,OK
Monte Alegre do Sul,SP,MONTE ALEGRE DO SUL/SP,3531209,OK
Nipoã,SP,NIPOA/SP,3532702,OK
Dourados,MS,DOURADOS/MS,5003702,OK
Guará,SP,GUARA/SP,3517703,OK
Embaúba,SP,EMBAUBA/SP,3514957,OK
Dores de Campos,MG,DORES DE CAMPOS/MG,3123007,OK
Nova Erechim,SC,NOVA ERECHIM/SC,4211405,OK
Ibirubá,RS,IBIRUBA/RS,4310009,OK
Diamante do Norte,PR,DIAMANTE DO NORTE/PR,4107108,OK
Brochier,RS,BROCHIER/RS,4302659,OK
Novo Itacolomi,PR,NOVO ITACOLOMI/PR,4117297,OK
Turvolândia,MG,TURVOLANDIA/MG,3169802,OK
Ubiratã,PR,UBIRATA/PR,4128005,OK
Realeza,PR,REALEZA/PR,4121406,OK
Fama,MG,FAMA/MG,3125200,OK
Urutaí,GO,URUTAI/GO,5221809,OK
Américo de Campos,SP,AMERICO DE CAMPOS/SP,3501806,OK
Sales Oliveira,SP,SALES OLIVEIRA/SP,3544905,OK
Laranjal Paulista,SP,LARANJAL PAULISTA/SP,3526407,OK
Flora Rica,SP,FLORA RICA/SP,3515806,OK
Mineiros do Tietê,SP,MINEIROS DO TIETE/SP,3529807,OK
Avaré,SP,AVARE/SP,3504503,OK
Itápolis,SP,ITAPOLIS/SP,3522703,OK
Nilópolis,RJ,NILOPOLIS/RJ,3303203,OK
Santiago do Sul,SC,SANTIAGO DO SUL/SC,4215695,OK
Oriente,SP,ORIENTE/SP,3534104,OK
Igarapé,MG,IGARAPE/MG,3130101,OK
Nantes,SP,NANTES/SP,3532157,OK
Motuca,SP,MOTUCA/SP,3532058,OK
Boa Vista do Sul,RS,BOA VISTA DO SUL/RS,4302253,OK
Itapecerica da Serra,SP,ITAPECERICA DA SERRA/SP,3522208,OK
Bananal,SP,BANANAL/SP,3504909,OK
Nova Prata,RS,NOVA PRATA/RS,4313300,OK
São Bento do Sapucaí,SP,SAO BENTO DO SAPUCAI/SP,3548609,OK
Fernão,SP,FERNAO/SP,3515657,OK
Herculândia,SP,HERCULANDIA/SP,3519006,OK
Assaí,PR,ASSAI/PR,4101903,OK
Relvado,RS,RELVADO/RS,4315453,OK
Pitangueiras,SP,PITANGUEIRAS/SP,3539509,OK
Paulo de Faria,SP,PAULO DE FARIA/SP,3536604,OK
Guarantã,SP,GUARANTA/SP,3518107,OK
Cafelândia,SP,CAFELANDIA/SP,3508801,OK
Rancho Alegre,PR,RANCHO ALEGRE/PR,4121307,OK
Guararema,SP,GUARAREMA/SP,3518305,OK
Nova Petrópolis,RS,NOVA PETROPOLIS/RS,4313201,OK
Balbinos,SP,BALBINOS/SP,3504701,OK
Cabedelo,PB,CABEDELO/PB,2503209,OK
Guaraciaba,SC,GUARACIABA/SC,4206405,OK
Itapetininga,SP,ITAPETININGA/SP,3522307,OK
Paiçandu,PR,PAICANDU/PR,4117503,OK
Sud Mennucci,SP,SUD MENNUCCI/SP,3552304,OK
Porangaba,SP,PORANGABA/SP,3540507,OK
Penha,SC,PENHA/SC,4212502,OK
Poloni,SP,POLONI/SP,3539905,OK
Brodowski,SP,BRODOWSKI/SP,3507803,OK
Guaimbê,SP,GUAIMBE/SP,3517307,OK
São Carlos,SC,SAO CARLOS/SC,4216008,OK
Morungaba,SP,MORUNGABA/SP,3532009,OK
São Luís,MA,SAO LUIS/MA,2111300,OK
Agudos,SP,AGUDOS/SP,3500709,OK
Linha Nova,RS,LINHA NOVA/RS,4311643,OK
Quatis,RJ,QUATIS/RJ,3304128,OK
Ernestina,RS,ERNESTINA/RS,4307054,OK
Itararé,SP,ITARARE/SP,3523206,OK
Taquari,RS,TAQUARI/RS,4321303,OK
Iacanga,SP,IACANGA/SP,3519105,OK
Garopaba,SC,GAROPABA/SC,4205704,OK
Lacerdópolis,SC,LACERDOPOLIS/SC,4209201,OK
São Simão,GO,SAO SIMAO/GO,5220405,OK
João Monlevade,MG,JOAO MONLEVADE/MG,3136207,OK
Bálsamo,SP,BALSAMO/SP,3504800,OK
Laguna,SC,LAGUNA/SC,4209409,OK
Mombuca,SP,MOMBUCA/SP,3530904,OK
Ibiraçu,ES,IBIRACU/ES,3202504,OK
Santa Maria da Serra,SP,SANTA MARIA DA SERRA/SP,3547007,OK
Morro Reuter,RS,MORRO REUTER/RS,4312476,OK
Pereira Barreto,SP,PEREIRA BARRETO/SP,3537404,OK
São José da Bela Vista,SP,SAO JOSE DA BELA VISTA/SP,3549508,OK
Borda da Mata,MG,BORDA DA MATA/MG,3108305,OK
Presidente Epitácio,SP,PRESIDENTE EPITACIO/SP,3541307,OK
Pinhalzinho,SC,PINHALZINHO/SC,4212908,OK
Cruzeiro do Oeste,PR,CRUZEIRO DO OESTE/PR,4106605,OK
Mira Estrela,SP,MIRA ESTRELA/SP,3530003,OK
Belo Jardim,PE,BELO JARDIM/PE,2601706,OK
Palmares Paulista,SP,PALMARES PAULISTA/SP,3535101,OK
Cerqueira César,SP,CERQUEIRA CESAR/SP,3511409,OK
Corupá,SC,CORUPA/SC,4204509,OK
Santana do Jacaré,MG,SANTANA DO JACARE/MG,3158805,OK
Ribeirão Bonito,SP,RIBEIRAO BONITO/SP,3542909,OK
Carrapateira,PB,CARRAPATEIRA/PB,2504108,OK
Barão,RS,BARAO/RS,4301651,OK
Pratápolis,MG,PRATAPOLIS/MG,3152907,OK
São José do Inhacorá,RS,SAO JOSE DO INHACORA/RS,4318499,OK
Cambuí,MG,CAMBUI/MG,3110608,OK
Nova Castilho,SP,NOVA CASTILHO/SP,3532868,OK
Taquarituba,SP,TAQUARITUBA/SP,3553807,OK
Santa Rosa do Sul,SC,SANTA ROSA DO SUL/SC,4215653,OK
Campos do Jordão,SP,CAMPOS DO JORDAO/SP,3509700,OK
Estação,RS,ESTACAO/RS,4307559,OK
Sertaneja,PR,SERTANEJA/PR,4126405,OK
Corbélia,PR,CORBELIA/PR,4106308,OK
Várzea,PB,VARZEA/PB,2517100,OK
Bom Jesus da Penha,MG,BOM JESUS DA PENHA/MG,3107604,OK
Araxá,MG,ARAXA/MG,3104007,OK
Monte Azul Paulista,SP,MONTE AZUL PAULISTA/SP,3531506,OK
Pacaembu,SP,PACAEMBU/SP,3534906,OK
Indianópolis,PR,INDIANOPOLIS/PR,4110409,OK
Onda Verde,SP,ONDA VERDE/SP,3534005,OK
Colatina,ES,COLATINA/ES,3201506,OK
Três Lagoas,MS,TRES LAGOAS/MS,5008305,OK
Dona Euzébia,MG,DONA EUZEBIA/MG,3122900,OK
Charqueada,SP,CHARQUEADA/SP,3511706,OK
Dois Vizinhos,PR,DOIS VIZINHOS/PR,4107207,OK
Valentim Gentil,SP,VALENTIM GENTIL/SP,3556107,OK
Areado,MG,AREADO/MG,3104304,OK
Charqueadas,RS,CHARQUEADAS/RS,4305355,OK
Rio Fortuna,SC,RIO FORTUNA/SC,4214904,OK
Monte Mor,SP,MONTE MOR/SP,3531803,OK
Caiapônia,GO,CAIAPONIA/GO,5204409,OK
Zortéa,SC,ZORTEA/SC,4219853,OK
Piratininga,SP,PIRATININGA/SP,3539400,OK
Caçapava,SP,CACAPAVA/SP,3508504,OK
Santo Antônio do Jardim,SP,SANTO ANTONIO DO JARDIM/SP,3548104,OK
Astorga,PR,ASTORGA/PR,4102109,OK
Cosmorama,SP,COSMORAMA/SP,3512902,OK
Feliz,RS,FELIZ/RS,4308102,OK
Abdon Batista,SC,ABDON BATISTA/SC,4200051,OK
Ibirité,MG,IBIRITE/MG,3129806,OK
Olaria,MG,OLARIA/MG,3145406,OK
São João Batista,SC,SAO JOAO BATISTA/SC,4216305,OK
São José do Rio Pardo,SP,SAO JOSE DO RIO PARDO/SP,3549706,OK
Sananduva,RS,SANANDUVA/RS,4316600,OK
Altair,SP,ALTAIR/SP,3500907,OK
Itapeva,SP,ITAPEVA/SP,3522406,OK
Vargem Grande Paulista,SP,VARGEM GRANDE PAULISTA/SP,3556453,OK
Aguanil,MG,AGUANIL/MG,3100807,OK
Marau,RS,MARAU/RS,4311809,OK
Patrocínio,MG,PATROCINIO/MG,3148103,OK
Caeté,MG,CAETE/MG,3110004,OK
Fortuna de Minas,MG,FORTUNA DE MINAS/MG,3126406,OK
Esperança Nova,PR,ESPERANCA NOVA/PR,4107520,OK
Taiúva,SP,TAIUVA/SP,3553203,OK
Prudente de Morais,MG,PRUDENTE DE MORAIS/MG,3153608,OK
Espírito Santo do Pinhal,SP,ESPIRITO SANTO DO PINHAL/SP,3515186,OK
Cabreúva,SP,CABREUVA/SP,3508405,OK
Serrana,SP,SERRANA/SP,3551504,OK
Esteio,RS,ESTEIO/RS,4307708,OK
Mirassolândia,SP,MIRASSOLANDIA/SP,3530409,OK
Cana Verde,MG,CANA VERDE/MG,3111903,OK
Santiago,RS,SANTIAGO/RS,4317400,OK
Rio Verde,GO,RIO VERDE/GO,5218805,OK
Arroio do Meio,RS,ARROIO DO MEIO/RS,4301008,OK
Carmo do Cajuru,MG,CARMO DO CAJURU/MG,3114204,OK
Colorado,PR,COLORADO/PR,4105904,OK
Pirajuba,MG,PIRAJUBA/MG,3150703,OK
Brusque,SC,BRUSQUE/SC,4202909,OK
Arealva,SP,AREALVA/SP,3503406,OK
Tuiuti,SP,TUIUTI/SP,3554953,OK
Itirapuã,SP,ITIRAPUA/SP,3523701,OK
Campo Alegre,SC,CAMPO ALEGRE/SC,4203303,OK
Patrocínio Paulista,SP,PATROCINIO PAULISTA/SP,3536307,OK
Amorinópolis,GO,AMORINOPOLIS/GO,5200902,OK
Casa Grande,MG,CASA GRANDE/MG,3114907,OK
Ascurra,SC,ASCURRA/SC,4201703,OK
Sandovalina,SP,SANDOVALINA/SP,3545506,OK
Mendonça,SP,MENDONCA/SP,3529500,OK
Guaratinguetá,SP,GUARATINGUETA/SP,3518404,OK
Aramina,SP,ARAMINA/SP,3503000,OK
Itapuranga,GO,ITAPURANGA/GO,5211206,OK
Pirapó,RS,PIRAPO/RS,4314555,OK
Pratânia,SP,PRATANIA/SP,3541059,OK
Águas de Lindóia,SP,AGUAS DE LINDOIA/SP,3500501,OK
Marataízes,ES,MARATAIZES/ES,3203320,OK
Mirante do Paranapanema,SP,MIRANTE DO PARANAPANEMA/SP,3530201,OK
Álvaro de Carvalho,SP,ALVARO DE CARVALHO/SP,3501400,OK
Pederneiras,SP,PEDERNEIRAS/SP,3536703,OK
São José do Alegre,MG,SAO JOSE DO ALEGRE/MG,3163201,OK
São Mamede,PB,SAO MAMEDE/PB,2514909,OK
Iporá,GO,IPORA/GO,5210208,OK
Aracitaba,MG,ARACITABA/MG,3103306,OK
Murutinga do Sul,SP,MURUTINGA DO SUL/SP,3532108,OK
Boa Vista do Buricá,RS,BOA VISTA DO BURICA/RS,4302204,OK
Nova Serrana,MG,NOVA SERRANA/MG,3145208,OK
Lagoa Santa,MG,LAGOA SANTA/MG,3137601,OK
São Sebastião do Paraíso,MG,SAO SEBASTIAO DO PARAISO/MG,3164704,OK
Bom Sucesso,MG,BOM SUCESSO/MG,3108008,OK
Coxilha,RS,COXILHA/RS,4305975,OK
Pato Bragado,PR,PATO BRAGADO/PR,4118451,OK
Camargo,RS,CAMARGO/RS,4303558,OK
Itambé,PR,ITAMBE/PR,4111100,OK
Andirá,PR,ANDIRA/PR,4101101,OK
Gurjão,PB,GURJAO/PB,2506509,OK
Ribeirão Pires,SP,RIBEIRAO PIRES/SP,3543303,OK
Rio Pomba,MG,RIO POMBA/MG,3155801,OK
Martinópolis,SP,MARTINOPOLIS/SP,3529203,OK
Mariápolis,SP,MARIAPOLIS/SP,3528908,OK
Mondaí,SC,MONDAI/SC,4211009,OK
Piranguinho,MG,PIRANGUINHO/MG,3151008,OK
Nova Roma do Sul,RS,NOVA ROMA DO SUL/RS,4313359,OK
Heliodora,MG,HELIODORA/MG,3129202,OK
Oliveira,MG,OLIVEIRA/MG,3145604,OK
Tuparendi,RS,TUPARENDI/RS,4322301,OK
Nova Ponte,MG,NOVA PONTE/MG,3145000,OK
Morro Agudo de Goiás,GO,MORRO AGUDO DE GOIAS/GO,5213855,OK
Taquaruçu do Sul,RS,TAQUARUCU DO SUL/RS,4321329,OK
Nova Alvorada,RS,NOVA ALVORADA/RS,4312757,OK
Cristiano Otoni,MG,CRISTIANO OTONI/MG,3120409,OK
Severiano de Almeida,RS,SEVERIANO DE ALMEIDA/RS,4320602,OK
Jaboticabal,SP,JABOTICABAL/SP,3524303,OK
Alegre,ES,ALEGRE/ES,3200201,OK
Santa Tereza,RS,SANTA TEREZA/RS,4317251,OK
União do Oeste,SC,UNIAO DO OESTE/SC,4218855,OK
Fortaleza,CE,FORTALEZA/CE,2304400,OK
Paulistânia,SP,PAULISTANIA/SP,3536570,OK
Dores do Indaiá,MG,DORES DO INDAIA/MG,3123205,OK
Iomerê,SC,IOMERE/SC,4207577,OK
Neves Paulista,SP,NEVES PAULISTA/SP,3532504,OK
Santa Cruz do Rio Pardo,SP,SANTA CRUZ DO RIO PARDO/SP,3546405,OK
Abaíra,BA,ABAIRA/BA,2900108,OK
Itapema,SC,ITAPEMA/SC,4208302,OK
Nova Esperança do Sul,RS,NOVA ESPERANCA DO SUL/RS,4313037,OK
Bataguassu,MS,BATAGUASSU/MS,5001904,OK
Granjeiro,CE,GRANJEIRO/CE,2304806,OK
Lagoa dos Três Cantos,RS,LAGOA DOS TRES CANTOS/RS,4311270,OK
São Vicente,SP,SAO VICENTE/SP,3551009,OK
Colina,SP,COLINA/SP,3512001,OK
Ribeirão Corrente,SP,RIBEIRAO CORRENTE/SP,3543105,OK
Ibirá,SP,IBIRA/SP,3519402,OK
Tio Hugo,RS,TIO HUGO/RS,4321469,OK
São Lourenço do Oeste,SC,SAO LOURENCO DO OESTE/SC,4216909,OK
Várzea Paulista,SP,VARZEA PAULISTA/SP,3556503,OK
Senador Canedo,GO,SENADOR CANEDO/GO,5220454,OK
Areal,RJ,AREAL/RJ,3300225,OK
Marapoama,SP,MARAPOAMA/SP,3528858,OK
Ocauçu,SP,OCAUCU/SP,3533700,OK
Américo Brasiliense,SP,AMERICO BRASILIENSE/SP,3501707,OK
Porto Rico,PR,PORTO RICO/PR,4120200,OK
São João Batista do Glória,MG,SAO JOAO BATISTA DO GLORIA/MG,3162203,OK
Canitar,SP,CANITAR/SP,3510153,OK
Jesuânia,MG,JESUANIA/MG,3135902,OK
Campo Belo,MG,CAMPO BELO/MG,3111200,OK
Presidente Castello Branco,SC,PRESIDENTE CASTELLO BRANCO/SC,4213906,OK
Foz do Iguaçu,PR,FOZ DO IGUACU/PR,4108304,OK
Cândido Godói,RS,CANDIDO GODOI/RS,4304309,OK
São Gonçalo do Rio Abaixo,MG,SAO GONCALO DO RIO ABAIXO/MG,3161908,OK
Inajá,PR,INAJA/PR,4110300,OK
Santo Antônio da Alegria,SP,SANTO ANTONIO DA ALEGRIA/SP,3547908,OK
Mauá,SP,MAUA/SP,3529401,OK
Palmeiras de Goiás,GO,PALMEIRAS DE GOIAS/GO,5215702,OK
São Pedro do Turvo,SP,SAO PEDRO DO TURVO/SP,3550506,OK
Itapira,SP,ITAPIRA/SP,3522604,OK
Cordeiro,RJ,CORDEIRO/RJ,3301504,OK
Casca,RS,CASCA/RS,4304903,OK
Espírito Santo do Dourado,MG,ESPIRITO SANTO DO DOURADO/MG,3124401,OK
Mormaço,RS,MORMACO/RS,4312427,OK
Patos,PB,PATOS/PB,2510808,OK
Doutor Ricardo,RS,DOUTOR RICARDO/RS,4306759,OK
Guariba,SP,GUARIBA/SP,3518602,OK
Ponte Alta do Norte,SC,PONTE ALTA DO NORTE/SC,4213351,OK
Nova Candelária,RS,NOVA CANDELARIA/RS,4313011,OK
Luminárias,MG,LUMINARIAS/MG,3138708,OK
Volta Redonda,RJ,VOLTA REDONDA/RJ,3306305,OK
Santa Terezinha de Itaipu,PR,SANTA TEREZINHA DE ITAIPU/PR,4124053,OK
Matias Barbosa,MG,MATIAS BARBOSA/MG,3140803,OK
Pedro Osório,RS,PEDRO OSORIO/RS,4314209,OK
Rondon,PR,RONDON/PR,4122602,OK
Cambé,PR,CAMBE/PR,4103701,OK
Treviso,SC,TREVISO/SC,4218350,OK
Picos,PI,PICOS/PI,2208007,OK
Italva,RJ,ITALVA/RJ,3302056,OK
São Miguel do Oeste,SC,SAO MIGUEL DO OESTE/SC,4217204,OK
Nova Era,MG,NOVA ERA/MG,3144706,OK
Araújos,MG,ARAUJOS/MG,3103900,OK
Santa Amélia,PR,SANTA AMELIA/PR,4123105,OK
Humaitá,RS,HUMAITA/RS,4309704,OK
Mogi Guaçu,SP,MOGI GUACU/SP,3530706,OK
Cambira,PR,CAMBIRA/PR,4103800,OK
Mandaguari,PR,MANDAGUARI/PR,4114203,OK
Uruguaiana,RS,URUGUAIANA/RS,4322400,OK
Novo Hamburgo,RS,NOVO HAMBURGO/RS,4313409,OK
União Paulista,SP,UNIAO PAULISTA/SP,3555703,OK
São José da Lapa,MG,SAO JOSE DA LAPA/MG,3162955,OK
Almirante Tamandaré do Sul,RS,ALMIRANTE TAMANDARE DO SUL/RS,4300471,OK
Guabiruba,SC,GUABIRUBA/SC,4206306,OK
Joca Claudino,PB,JOCA CLAUDINO/PB,2513653,OK
Forquilhinha,SC,FORQUILHINHA/SC,4205456,OK
Guarará,MG,GUARARA/MG,3128501,OK
Vargem Grande do Sul,SP,VARGEM GRANDE DO SUL/SP,3556404,OK
Urânia,SP,URANIA/SP,3555802,OK
Tanabi,SP,TANABI/SP,3553401,OK
Suzano,SP,SUZANO/SP,3552502,OK
Carvalhópolis,MG,CARVALHOPOLIS/MG,3114709,OK
Ipuã,SP,IPUA/SP,3521309,OK
Alto Caparaó,MG,ALTO CAPARAO/MG,3102050,OK
Faxinal do Soturno,RS,FAXINAL DO SOTURNO/RS,4308003,OK
Inhumas,GO,INHUMAS/GO,5210000,OK
Três Corações,MG,TRES CORACOES/MG,3169307,OK
Santa Inês,PR,SANTA INES/PR,4123600,OK
Poço Verde,SE,POCO VERDE/SE,2805505,OK
Tombos,MG,TOMBOS/MG,3169208,OK
Carmo,RJ,CARMO/RJ,3301207,OK
Paiva,MG,PAIVA/MG,3146602,OK
Fazenda Nova,GO,FAZENDA NOVA/GO,5207600,OK
Marcelino Ramos,RS,MARCELINO RAMOS/RS,4311908,OK
Pereiras,SP,PEREIRAS/SP,3537503,OK
Garça,SP,GARCA/SP,3516705,OK
Potirendaba,SP,POTIRENDABA/SP,3540804,OK
São José da Boa Vista,PR,SAO JOSE DA BOA VISTA/PR,4125407,OK
Embu das Artes,SP,EMBU DAS ARTES/SP,3515004,OK
São Miguel do Aleixo,SE,SAO MIGUEL DO ALEIXO/SE,2807006,OK
Cristais,MG,CRISTAIS/MG,3120201,OK
Tremembé,SP,TREMEMBE/SP,3554805,OK
Moita Bonita,SE,MOITA BONITA/SE,2804102,OK
Ampére,PR,AMPERE/PR,4101002,OK
Denise,MT,DENISE/MT,5103452,OK
Jaguaraçu,MG,JAGUARACU/MG,3135001,OK
Restinga,SP,RESTINGA/SP,3542701,OK
Santa Cruz do Sul,RS,SANTA CRUZ DO SUL/RS,4316808,OK
Bom Jesus do Norte,ES,BOM JESUS DO NORTE/ES,3201100,OK
Macuco,RJ,MACUCO/RJ,3302452,OK
Senador Salgado Filho,RS,SENADOR SALGADO FILHO/RS,4320321,OK
Turmalina,MG,TURMALINA/MG,3169703,OK
Carmo do Paranaíba,MG,CARMO DO PARANAIBA/MG,3114303,OK
Penápolis,SP,PENAPOLIS/SP,3537305,OK
Sabará,MG,SABARA/MG,3156700,OK
Valparaíso de Goiás,GO,VALPARAISO DE GOIAS/GO,5221858,OK
Tijucas,SC,TIJUCAS/SC,4218004,OK
Oliveira Fortes,MG,OLIVEIRA FORTES/MG,3145703,OK
Cachoeirinha,RS,CACHOEIRINHA/RS,4303103,OK
Anhanguera,GO,ANHANGUERA/GO,5201207,OK
Paulicéia,SP,PAULICEIA/SP,3536406,OK
Santa Salete,SP,SANTA SALETE/SP,3547650,OK
Divinolândia,SP,DIVINOLANDIA/SP,3513900,OK
Campo Mourão,PR,CAMPO MOURAO/PR,4104303,OK
Ipaussu,SP,IPAUSSU/SP,3520905,OK
Soledade de Minas,MG,SOLEDADE DE MINAS/MG,3167806,OK
Ibiraci,MG,IBIRACI/MG,3129707,OK
Santo Augusto,RS,SANTO AUGUSTO/RS,4317806,OK
Taquaral,SP,TAQUARAL/SP,3553658,OK
Ilhabela,SP,ILHABELA/SP,3520400,OK
Guzolândia,SP,GUZOLANDIA/SP,3518909,OK
Três de Maio,RS,TRES DE MAIO/RS,4321808,OK
Santo Inácio,PR,SANTO INACIO/PR,4124509,OK
Paraíso,SP,PARAISO/SP,3535705,OK
Santana do Paraíso,MG,SANTANA DO PARAISO/MG,3158953,OK
Nova Santa Rosa,PR,NOVA SANTA ROSA/PR,4117222,OK
Rio Doce,MG,RIO DOCE/MG,3155009,OK
São Gonçalo do Pará,MG,SAO GONCALO DO PARA/MG,3161809,OK
Araruna,PR,ARARUNA/PR,4101705,OK
Morrinhos,GO,MORRINHOS/GO,5213806,OK
Celso Ramos,SC,CELSO RAMOS/SC,4204152,OK
Brotas,SP,BROTAS/SP,3507902,OK
Igaratinga,MG,IGARATINGA/MG,3130200,OK
Carmópolis de Minas,MG,CARMOPOLIS DE MINAS/MG,3114501,OK
São Tomé,PR,SAO TOME/PR,4126108,OK
David Canabarro,RS,DAVID CANABARRO/RS,4306304,OK
Mariano Moro,RS,MARIANO MORO/RS,4312005,OK
Córrego Fundo,MG,CORREGO FUNDO/MG,3119955,OK
Palmital,SP,PALMITAL/SP,3535309,OK
Quadra,SP,QUADRA/SP,3541653,OK
Cordilheira Alta,SC,CORDILHEIRA ALTA/SC,4204350,OK
Trombudo Central,SC,TROMBUDO CENTRAL/SC,4218608,OK
Barroso,MG,BARROSO/MG,3105905,OK
Ibirama,SC,IBIRAMA/SC,4206900,OK
Chapadão do Céu,GO,CHAPADAO DO CEU/GO,5205471,OK
Jardinópolis,SP,JARDINOPOLIS/SP,3525102,OK
Ijuí,RS,IJUI/RS,4310207,OK
Aparecida de Goiânia,GO,APARECIDA DE GOIANIA/GO,5201405,OK
Maracaí,SP,MARACAI/SP,3528809,OK
Bicas,MG,BICAS/MG,3106903,OK
Douradoquara,MG,DOURADOQUARA/MG,3123502,OK
Jateí,MS,JATEI/MS,5005103,OK
Encantado,RS,ENCANTADO/RS,4306809,OK
Ituverava,SP,ITUVERAVA/SP,3524105,OK
Botelhos,MG,BOTELHOS/MG,3108404,OK
Eusébio,CE,EUSEBIO/CE,2304285,OK
Guarujá,SP,GUARUJA/SP,3518701,OK
Doutor Severiano,RN,DOUTOR SEVERIANO/RN,2403202,OK
Francisco Beltrão,PR,FRANCISCO BELTRAO/PR,4108403,OK
Palhoça,SC,PALHOCA/SC,4211900,OK
Farroupilha,RS,FARROUPILHA/RS,4307906,OK
Monte Aprazível,SP,MONTE APRAZIVEL/SP,3531407,OK
Conchal,SP,CONCHAL/SP,3512209,OK
Victor Graeff,RS,VICTOR GRAEFF/RS,4323200,OK
Fazenda Rio Grande,PR,FAZENDA RIO GRANDE/PR,4107652,OK
Riversul,SP,RIVERSUL/SP,3543501,OK
Rolândia,PR,ROLANDIA/PR,4122404,OK
Carapicuíba,SP,CARAPICUIBA/SP,3510609,OK
Cabrália Paulista,SP,CABRALIA PAULISTA/SP,3508306,OK
Piracaia,SP,PIRACAIA/SP,3538600,OK
Planalto,SP,PLANALTO/SP,3539608,OK
Nova Esperança,PR,NOVA ESPERANCA/PR,4116901,OK
Lima Duarte,MG,LIMA DUARTE/MG,3138609,OK
Céu Azul,PR,CEU AZUL/PR,4105300,OK
Santa Cruz do Capibaribe,PE,SANTA CRUZ DO CAPIBARIBE/PE,2612505,OK
Carneirinho,MG,CARNEIRINHO/MG,3114550,OK
Tunápolis,SC,TUNAPOLIS/SC,4218756,OK
Grão-Pará,SC,GRAO PARA/SC,4206108,OK
Selbach,RS,SELBACH/RS,4320305,OK
Santa Adélia,SP,SANTA ADELIA/SP,3545605,OK
Conceição do Pará,MG,CONCEICAO DO PARA/MG,3117603,OK
Ouroeste,SP,OUROESTE/SP,3534757,OK
Araçaí,MG,ARACAI/MG,3103207,OK
Aratiba,RS,ARATIBA/RS,4300901,OK
Nova Veneza,GO,NOVA VENEZA/GO,5215009,OK
Dom Pedro de Alcântara,RS,DOM PEDRO DE ALCANTARA/RS,4306551,OK
Iguaraçu,PR,IGUARACU/PR,4110003,OK
Pequeri,MG,PEQUERI/MG,3149507,OK
Uchoa,SP,UCHOA/SP,3555604,OK
Vera Cruz,SP,VERA CRUZ/SP,3556602,OK
São Vicente de Minas,MG,SAO VICENTE DE MINAS/MG,3165305,OK
Sousa,PB,SOUSA/PB,2516201,OK
São José do Cedro,SC,SAO JOSE DO CEDRO/SC,4216701,OK
Colombo,PR,COLOMBO/PR,4105805,OK
Amparo do São Francisco,SE,AMPARO DO SAO FRANCISCO/SE,2800100,OK
Nazareno,MG,NAZARENO/MG,3144508,OK
Alto Paraíso,PR,ALTO PARAISO/PR,4128625,OK
Três Ranchos,GO,TRES RANCHOS/GO,5221304,OK
Nova Aurora,PR,NOVA AURORA/PR,4116703,OK
Quaraí,RS,QUARAI/RS,4315305,OK
Linhares,ES,LINHARES/ES,3203205,OK
Sobral,CE,SOBRAL/CE,2312908,OK
Salgado Filho,PR,SALGADO FILHO/PR,4122800,OK
Careaçu,MG,CAREACU/MG,3113602,OK
Natércia,MG,NATERCIA/MG,3144409,OK
Anahy,PR,ANAHY/PR,4101051,OK
Lorena,SP,LORENA/SP,3527207,OK
Poço das Antas,RS,POCO DAS ANTAS/RS,4314753,OK
Estiva Gerbi,SP,ESTIVA GERBI/SP,3557303,OK
Jarinu,SP,JARINU/SP,3525201,OK
Campo Verde,MT,CAMPO VERDE/MT,5102678,OK
Coronel Macedo,SP,CORONEL MACEDO/SP,3512605,OK
Medeiros,MG,MEDEIROS/MG,3141306,OK
Tupanci do Sul,RS,TUPANCI DO SUL/RS,4322186,OK
Bagé,RS,BAGE/RS,4301602,OK
Ribeirão Claro,PR,RIBEIRAO CLARO/PR,4121802,OK
São Simão,SP,SAO SIMAO/SP,3550902,OK
Pouso Alto,MG,POUSO ALTO/MG,3152600,OK
Nova Olímpia,PR,NOVA OLIMPIA/PR,4117206,OK
Cláudio,MG,CLAUDIO/MG,3116605,OK
Cromínia,GO,CROMINIA/GO,5206503,OK
Santo Antônio de Goiás,GO,SANTO ANTONIO DE GOIAS/GO,5219738,OK
Chapadão do Sul,MS,CHAPADAO DO SUL/MS,5002951,OK
Itu,SP,ITU/SP,3523909,OK
Catanduvas,SC,CATANDUVAS/SC,4204004,OK
Boa Vista,RR,BOA VISTA/RR,1400100,OK
Araucária,PR,ARAUCARIA/PR,4101804,OK
Tupaciguara,MG,TUPACIGUARA/MG,3169604,OK
São José do Sabugi,PB,SAO JOSE DO SABUGI/PB,2514701,OK
São João do Oriente,MG,SAO JOAO DO ORIENTE/MG,3162609,OK
Itapeva,MG,ITAPEVA/MG,3133600,OK
Piumhi,MG,PIUMHI/MG,3151503,OK
Vespasiano Corrêa,RS,VESPASIANO CORREA/RS,4322855,OK
Maravilha,SC,MARAVILHA/SC,4210506,OK
Maracajá,SC,MARACAJA/SC,4210407,OK
Guaraci,PR,GUARACI/PR,4109203,OK
Buriti de Goiás,GO,BURITI DE GOIAS/GO,5203939,OK
Itaúna,MG,ITAUNA/MG,3133808,OK
Itanhaém,SP,ITANHAEM/SP,3522109,OK
São Francisco do Glória,MG,SAO FRANCISCO DO GLORIA/MG,3161403,OK
Pontão,RS,PONTAO/RS,4314779,OK
Pindorama,SP,PINDORAMA/SP,3538105,OK
Nova Aliança,SP,NOVA ALIANCA/SP,3532801,OK
Pontal,SP,PONTAL/SP,3540200,OK
Floriano Peixoto,RS,FLORIANO PEIXOTO/RS,4308250,OK
Morro da Fumaça,SC,MORRO DA FUMACA/SC,4211207,OK
Pedra Dourada,MG,PEDRA DOURADA/MG,3149002,OK
Naviraí,MS,NAVIRAI/MS,5005707,OK
Bom Despacho,MG,BOM DESPACHO/MG,3107406,OK
Santo Antônio do Descoberto,GO,SANTO ANTONIO DO DESCOBERTO/GO,5219753,OK
Panorama,SP,PANORAMA/SP,3535408,OK
Morro Agudo,SP,MORRO AGUDO/SP,3531902,OK
Jerônimo Monteiro,ES,JERONIMO MONTEIRO/ES,3203106,OK
São Vicente,RN,SAO VICENTE/RN,2413003,OK
Uniflor,PR,UNIFLOR/PR,4128302,OK
São João da Barra,RJ,SAO JOAO DA BARRA/RJ,3305000,OK
Giruá,RS,GIRUA/RS,4309001,OK
Medianeira,PR,MEDIANEIRA/PR,4115804,OK
Santo Amaro da Imperatriz,SC,SANTO AMARO DA IMPERATRIZ/SC,4215703,OK
Duartina,SP,DUARTINA/SP,3514502,OK
Floreal,SP,FLOREAL/SP,3515905,OK
Barra Mansa,RJ,BARRA MANSA/RJ,3300407,OK
Sussuapara,PI,SUSSUAPARA/PI,2210938,OK
Canoinhas,SC,CANOINHAS/SC,4203808,OK
Novo Brasil,GO,NOVO BRASIL/GO,5215207,OK
São Pedro da Aldeia,RJ,SAO PEDRO DA ALDEIA/RJ,3305208,OK
Rosana,SP,ROSANA/SP,3544251,OK
Itapecerica,MG,ITAPECERICA/MG,3133501,OK
Porto Real,RJ,PORTO REAL/RJ,3304110,OK
Belém,PB,BELEM/PB,2501906,OK
Ipanema,MG,IPANEMA/MG,3131208,OK
Porto Mauá,RS,PORTO MAUA/RS,4315057,OK
Colômbia,SP,COLOMBIA/SP,3512100,OK
Cássia dos Coqueiros,SP,CASSIA DOS COQUEIROS/SP,3510906,OK
São Sebastião da Bela Vista,MG,SAO SEBASTIAO DA BELA VISTA/MG,3164407,OK
Ipueira,RN,IPUEIRA/RN,2404804,OK
Santo Antônio do Aventureiro,MG,SANTO ANTONIO DO AVENTUREIRO/MG,3160009,OK
Naque,MG,NAQUE/MG,3144359,OK
Águas Lindas de Goiás,GO,AGUAS LINDAS DE GOIAS/GO,5200258,OK
Sarutaiá,SP,SARUTAIA/SP,3551207,OK
Betim,MG,BETIM/MG,3106705,OK
Cristal do Sul,RS,CRISTAL DO SUL/RS,4306072,OK
Santa Helena,SC,SANTA HELENA/SC,4215554,OK
Balneário Piçarras,SC,BALNEARIO PICARRAS/SC,4212809,OK
Bom Sucesso do Sul,PR,BOM SUCESSO DO SUL/PR,4103222,OK
Ilha Comprida,SP,ILHA COMPRIDA/SP,3520426,OK
Edéia,GO,EDEIA/GO,5207402,OK
Capitão Leônidas Marques,PR,CAPITAO LEONIDAS MARQUES/PR,4104600,OK
Caldas Novas,GO,CALDAS NOVAS/GO,5204508,OK
Guapiaçu,SP,GUAPIACU/SP,3517505,OK
São Pedro,SP,SAO PEDRO/SP,3550407,OK
Riolândia,SP,RIOLANDIA/SP,3544202,OK
Santa Bárbara,MG,SANTA BARBARA/MG,3157203,OK
São Jorge,RS,SAO JORGE/RS,4318440,OK
Cerro Largo,RS,CERRO LARGO/RS,4305207,OK
Aurilândia,GO,AURILANDIA/GO,5202601,OK
Chapada,RS,CHAPADA/RS,4305306,OK
Formosa,GO,FORMOSA/GO,5208004,OK
Capela do Alto,SP,CAPELA DO ALTO/SP,3510302,OK
Estância Velha,RS,ESTANCIA VELHA/RS,4307609,OK
Martinho Campos,MG,MARTINHO CAMPOS/MG,3140506,OK
Cidade Gaúcha,PR,CIDADE GAUCHA/PR,4105607,OK
Santa Rosa,RS,SANTA ROSA/RS,4317202,OK
Palestina,SP,PALESTINA/SP,3535002,OK
Arroio Trinta,SC,ARROIO TRINTA/SC,4201604,OK
Monte Carmelo,MG,MONTE CARMELO/MG,3143104,OK
Paulista,PE,PAULISTA/PE,2610707,OK
Flórida Paulista,SP,FLORIDA PAULISTA/SP,3516002,OK
Igaraçu do Tietê,SP,IGARACU DO TIETE/SP,3520004,OK
Tabapuã,SP,TABAPUA/SP,3552601,OK
Brejo Santo,CE,BREJO SANTO/CE,2302503,OK
Guaçuí,ES,GUACUI/ES,3202306,OK
Vera Cruz,RS,VERA CRUZ/RS,4322707,OK
Novo Gama,GO,NOVO GAMA/GO,5215231,OK
Videira,SC,VIDEIRA/SC,4219309,OK
São Pedro da União,MG,SAO PEDRO DA UNIAO/MG,3163904,OK
Comendador Levy Gasparian,RJ,COMENDADOR LEVY GASPARIAN/RJ,3300951,OK
Senador Cortes,MG,SENADOR CORTES/MG,3165602,OK
Coronel Xavier Chaves,MG,CORONEL XAVIER CHAVES/MG,3119708,OK
Estrela,RS,ESTRELA/RS,4307807,OK
Arroio Grande,RS,ARROIO GRANDE/RS,4301305,OK
Promissão,SP,PROMISSAO/SP,3541604,OK
São Félix do Piauí,PI,SAO FELIX DO PIAUI/PI,2209609,OK
Ewbank da Câmara,MG,EWBANK DA CAMARA/MG,3125002,OK
São Bento Abade,MG,SAO BENTO ABADE/MG,3160801,OK
Itaju,SP,ITAJU/SP,3522000,OK
Barão de Antonina,SP,BARAO DE ANTONINA/SP,3505005,OK
Mirandópolis,SP,MIRANDOPOLIS/SP,3530102,OK
São Leopoldo,RS,SAO LEOPOLDO/RS,4318705,OK
Mercedes,PR,MERCEDES/PR,4115853,OK
Bento Gonçalves,RS,BENTO GONCALVES/RS,4302105,OK
Rianápolis,GO,RIANAPOLIS/GO,5218706,OK
Nacip Raydan,MG,NACIP RAYDAN/MG,3144201,OK
Anta Gorda,RS,ANTA GORDA/RS,4300703,OK
Bandeira do Sul,MG,BANDEIRA DO SUL/MG,3105301,OK
Canas,SP,CANAS/SP,3509957,OK
Nova Russas,CE,NOVA RUSSAS/CE,2309300,OK
Marema,SC,MAREMA/SC,4210555,OK
Itabirito,MG,ITABIRITO/MG,3131901,OK
Cardoso,SP,CARDOSO/SP,3510708,OK
Emas,PB,EMAS/PB,2505907,OK
Vespasiano,MG,VESPASIANO/MG,3171204,OK
Tapejara,RS,TAPEJARA/RS,4320909,OK
Cafeara,PR,CAFEARA/PR,4103404,OK
Registro,SP,REGISTRO/SP,3542602,OK
Jaborá,SC,JABORA/SC,4208609,OK
Vista Alegre do Prata,RS,VISTA ALEGRE DO PRATA/RS,4323606,OK
Apiaí,SP,APIAI/SP,3502705,OK
Pedra do Indaiá,MG,PEDRA DO INDAIA/MG,3148905,OK
Carnaúba dos Dantas,RN,CARNAUBA DOS DANTAS/RN,2402402,OK
Ilópolis,RS,ILOPOLIS/RS,4310306,OK
Chuí,RS,CHUI/RS,4305439,OK
Unaí,MG,UNAI/MG,3170404,OK
Barão de Cotegipe,RS,BARAO DE COTEGIPE/RS,4301701,OK
São Tomás de Aquino,MG,SAO TOMAS DE AQUINO/MG,3165107,OK
Serranos,MG,SERRANOS/MG,3167004,OK
Panambi,RS,PANAMBI/RS,4313904,OK
Santa Cruz da Conceição,SP,SANTA CRUZ DA CONCEICAO/SP,3546207,OK
Alto Taquari,MT,ALTO TAQUARI/MT,5100607,OK
São Gotardo,MG,SAO GOTARDO/MG,3162104,OK
Palmitos,SC,PALMITOS/SC,4212106,OK
Jardim do Seridó,RN,JARDIM DO SERIDO/RN,2405702,OK
Passos,MG,PASSOS/MG,3147907,OK
Mariópolis,PR,MARIOPOLIS/PR,4115309,OK
Santo Antônio do Monte,MG,SANTO ANTONIO DO MONTE/MG,3160405,OK
Lutécia,SP,LUTECIA/SP,3527900,OK
Tamboara,PR,TAMBOARA/PR,4126702,OK
Indianópolis,MG,INDIANOPOLIS/MG,3130705,OK
Cruzília,MG,CRUZILIA/MG,3120805,OK
Seritinga,MG,SERITINGA/MG,3166402,OK
Coroados,SP,COROADOS/SP,3512506,OK
Vale Real,RS,VALE REAL/RS,4322541,OK
Cachoeira de Goiás,GO,CACHOEIRA DE GOIAS/GO,5204201,OK
Rodeio Bonito,RS,RODEIO BONITO/RS,4315909,OK
Chavantes,SP,CHAVANTES/SP,3557204,OK
Paraíba do Sul,RJ,PARAIBA DO SUL/RJ,3303708,OK
Santo Antônio da Platina,PR,SANTO ANTONIO DA PLATINA/PR,4124103,OK
Salto de Pirapora,SP,SALTO DE PIRAPORA/SP,3545308,OK
Avanhandava,SP,AVANHANDAVA/SP,3504404,OK
Apucarana,PR,APUCARANA/PR,4101408,OK
Lambari,MG,LAMBARI/MG,3137809,OK
Iporã do Oeste,SC,IPORA DO OESTE/SC,4207650,OK
Gravataí,RS,GRAVATAI/RS,4309209,OK
Campo Limpo de Goiás,GO,CAMPO LIMPO DE GOIAS/GO,5204854,OK
Mossâmedes,GO,MOSSAMEDES/GO,5213905,OK
Morro Grande,SC,MORRO GRANDE/SC,4211256,OK
Itapoá,SC,ITAPOA/SC,4208450,OK
Itaguajé,PR,ITAGUAJE/PR,4110904,OK
Caçador,SC,CACADOR/SC,4203006,OK
Capão Bonito,SP,CAPAO BONITO/SP,3510203,OK
Imigrante,RS,IMIGRANTE/RS,4310363,OK
Martins,RN,MARTINS/RN,2407401,OK
Itambaracá,PR,ITAMBARACA/PR,4111001,OK
Curvelo,MG,CURVELO/MG,3120904,OK
Alto Alegre,SP,ALTO ALEGRE/SP,3501103,OK
Jataí,GO,JATAI/GO,5211909,OK
São João do Sabugi,RN,SAO JOAO DO SABUGI/RN,2412104,OK
Nova Granada,SP,NOVA GRANADA/SP,3533007,OK
Camocim,CE,CAMOCIM/CE,2302602,OK
Angélica,MS,ANGELICA/MS,5000856,OK
Içara,SC,ICARA/SC,4207007,OK
Conselheiro Mairinck,PR,CONSELHEIRO MAIRINCK/PR,4106100,OK
Itaguara,MG,ITAGUARA/MG,3132206,OK
Ponta Grossa,PR,PONTA GROSSA/PR,4119905,OK
Três Pontas,MG,TRES PONTAS/MG,3169406,OK
Nova Bassano,RS,NOVA BASSANO/RS,4312906,OK
Serrania,MG,SERRANIA/MG,3166907,OK
Santo Antônio da Patrulha,RS,SANTO ANTONIO DA PATRULHA/RS,4317608,OK
Jaci,SP,JACI/SP,3524501,OK
Faria Lemos,MG,FARIA LEMOS/MG,3125309,OK
Campinas do Sul,RS,CAMPINAS DO SUL/RS,4303806,OK
Crato,CE,CRATO/CE,2304202,OK
Abadia dos Dourados,MG,ABADIA DOS DOURADOS/MG,3100104,OK
Poço de José de Moura,PB,POCO DE JOSE DE MOURA/PB,2512077,OK
Aparecida,SP,APARECIDA/SP,3502507,OK
Angatuba,SP,ANGATUBA/SP,3502200,OK
Fortaleza de Minas,MG,FORTALEZA DE MINAS/MG,3126307,OK
Caxias do Sul,RS,CAXIAS DO SUL/RS,4305108,OK
Telêmaco Borba,PR,TELEMACO BORBA/PR,4127106,OK
Arapeí,SP,ARAPEI/SP,3503158,OK
Paim Filho,RS,PAIM FILHO/RS,4313607,OK
Centenário,RS,CENTENARIO/RS,4305116,OK
Rondinha,RS,RONDINHA/RS,4316204,OK
Itabira,MG,ITABIRA/MG,3131703,OK
Icém,SP,ICEM/SP,3519808,OK
Muqui,ES,MUQUI/ES,3203809,OK
Itaberá,SP,ITABERA/SP,3521705,OK
Sete Lagoas,MG,SETE LAGOAS/MG,3167202,OK
Jardim Alegre,PR,JARDIM ALEGRE/PR,4112504,OK
Monte Carlo,SC,MONTE CARLO/SC,4211058,OK
Terra Boa,PR,TERRA BOA/PR,4127205,OK
Aperibé,RJ,APERIBE/RJ,3300159,OK
Serra Grande,PB,SERRA GRANDE/PB,2515708,OK
Israelândia,GO,ISRAELANDIA/GO,5210307,OK
Santa Albertina,SP,SANTA ALBERTINA/SP,3545704,OK
Monte Santo de Minas,MG,MONTE SANTO DE MINAS/MG,3143203,OK
Petrolina,PE,PETROLINA/PE,2611101,OK
Terra Roxa,PR,TERRA ROXA/PR,4127403,OK
Vargeão,SC,VARGEAO/SC,4219101,OK
Matrinchã,GO,MATRINCHA/GO,5212956,OK
Vargem Bonita,SC,VARGEM BONITA/SC,4219176,OK
Adelândia,GO,ADELANDIA/GO,5200159,OK
Santa Cruz das Palmeiras,SP,SANTA CRUZ DAS PALMEIRAS/SP,3546306,OK
Pejuçara,RS,PEJUCARA/RS,4314308,OK
Severínia,SP,SEVERINIA/SP,3551900,OK
Manaus,AM,MANAUS/AM,1302603,OK
Ferraz de Vasconcelos,SP,FERRAZ DE VASCONCELOS/SP,3515707,OK
Ribeirão do Sul,SP,RIBEIRAO DO SUL/SP,3543204,OK
Mário Campos,MG,MARIO CAMPOS/MG,3140159,OK
Jacarezinho,PR,JACAREZINHO/PR,4111803,OK
Atibaia,SP,ATIBAIA/SP,3504107,OK
Belém,PA,BELEM/PA,1501402,OK
Alto Paraná,PR,ALTO PARANA/PR,4100608,OK
Ibema,PR,IBEMA/PR,4109757,OK
São Gonçalo do Sapucaí,MG,SAO GONCALO DO SAPUCAI/MG,3162005,OK
Gentil,RS,GENTIL/RS,4308854,OK
Porto Ferreira,SP,PORTO FERREIRA/SP,3540705,OK
Borebi,SP,BOREBI/SP,3507456,OK
Ibaiti,PR,IBAITI/PR,4109708,OK
Ubá,MG,UBA/MG,3169901,OK
Nhandeara,SP,NHANDEARA/SP,3532603,OK
Pilões,RN,PILOES/RN,2410009,OK
Roca Sales,RS,ROCA SALES/RS,4315800,OK
Rio Claro,RJ,RIO CLARO/RJ,3304409,OK
Cristais Paulista,SP,CRISTAIS PAULISTA/SP,3513207,OK
Caruaru,PE,CARUARU/PE,2604106,OK
Cunha Porã,SC,CUNHA PORA/SC,4204707,OK
Nova Andradina,MS,NOVA ANDRADINA/MS,5006200,OK
Guatapará,SP,GUATAPARA/SP,3518859,OK
Sacramento,MG,SACRAMENTO/MG,3156908,OK
Surubim,PE,SURUBIM/PE,2614501,OK
Madre de Deus de Minas,MG,MADRE DE DEUS DE MINAS/MG,3139102,OK
Imbituba,SC,IMBITUBA/SC,4207304,OK
Paraguaçu Paulista,SP,PARAGUACU PAULISTA/SP,3535507,OK
Campo Bonito,PR,CAMPO BONITO/PR,4104055,OK
Porto União,SC,PORTO UNIAO/SC,4213609,OK
Entre Rios do Sul,RS,ENTRE RIOS DO SUL/RS,4306957,OK
Altônia,PR,ALTONIA/PR,4100509,OK
Moema,MG,MOEMA/MG,3142403,OK
São Pedro das Missões,RS,SAO PEDRO DAS MISSOES/RS,4319364,OK
Conceição do Mato Dentro,MG,CONCEICAO DO MATO DENTRO/MG,3117504,OK
Sairé,PE,SAIRE/PE,2612000,OK
Carmópolis,SE,CARMOPOLIS/SE,2801504,OK
Miracema,RJ,MIRACEMA/RJ,3303005,OK
Ermo,SC,ERMO/SC,4205191,OK
Cidade Ocidental,GO,CIDADE OCIDENTAL/GO,5205497,OK
Campinorte,GO,CAMPINORTE/GO,5204706,OK
Terra Roxa,SP,TERRA ROXA/SP,3554409,OK
Oratórios,MG,ORATORIOS/MG,3145851,OK
Cabo Frio,RJ,CABO FRIO/RJ,3300704,OK
São João do Itaperiú,SC,SAO JOAO DO ITAPERIU/SC,4216354,OK
Arroio dos Ratos,RS,ARROIO DOS RATOS/RS,4301107,OK
Albertina,MG,ALBERTINA/MG,3101409,OK
Taiaçu,SP,TAIACU/SP,3553104,OK
Brazópolis,MG,BRAZOPOLIS/MG,3108909,OK
Mococa,SP,MOCOCA/SP,3530508,OK
Nova Iguaçu de Goiás,GO,NOVA IGUACU DE GOIAS/GO,5214879,OK
Boa Esperança,PR,BOA ESPERANCA/PR,4103008,OK
Nova Campina,SP,NOVA CAMPINA/SP,3532827,OK
Ouro Fino,MG,OURO FINO/MG,3146008,OK
Doutor Camargo,PR,DOUTOR CAMARGO/PR,4107306,OK
Cachoeira de Minas,MG,CACHOEIRA DE MINAS/MG,3109709,OK
Paranapoema,PR,PARANAPOEMA/PR,4118303,OK
Porto Amazonas,PR,PORTO AMAZONAS/PR,4120101,OK
São Carlos do Ivaí,PR,SAO CARLOS DO IVAI/PR,4124608,OK
Guarapuava,PR,GUARAPUAVA/PR,4109401,OK
Ponto Belo,ES,PONTO BELO/ES,3204252,OK
Passagem,PB,PASSAGEM/PB,2510709,OK
Timóteo,MG,TIMOTEO/MG,3168705,OK
Pilar do Sul,SP,PILAR DO SUL/SP,3537909,OK
Planalto Alegre,SC,PLANALTO ALEGRE/SC,4213153,OK
Lauro de Freitas,BA,LAURO DE FREITAS/BA,2919207,OK
Assis Chateaubriand,PR,ASSIS CHATEAUBRIAND/PR,4102000,OK
Socorro,SP,SOCORRO/SP,3552106,OK
Lupionópolis,PR,LUPIONOPOLIS/PR,4113809,OK
Cordislândia,MG,CORDISLANDIA/MG,3119005,OK
Teodoro Sampaio,SP,TEODORO SAMPAIO/SP,3554300,OK
Veredinha,MG,VEREDINHA/MG,3171071,OK
Pariquera-Açu,SP,PARIQUERA ACU/SP,3536208,OK
Guaíba,RS,GUAIBA/RS,4309308,OK
Sapezal,MT,SAPEZAL/MT,5107875,OK
Itaipulândia,PR,ITAIPULANDIA/PR,4110953,OK
Saudade do Iguaçu,PR,SAUDADE DO IGUACU/PR,4126272,OK
Rochedo de Minas,MG,ROCHEDO DE MINAS/MG,3156205,OK
Itatiaia,RJ,ITATIAIA/RJ,3302254,OK
Nepomuceno,MG,NEPOMUCENO/MG,3144607,OK
Cássia,MG,CASSIA/MG,3115102,OK
Herval d'Oeste,SC,HERVAL D OESTE/SC,4206702,OK
Santo Antônio do Rio Abaixo,MG,SANTO ANTONIO DO RIO ABAIXO/MG,3160504,OK
São José do Calçado,ES,SAO JOSE DO CALCADO/ES,3204807,OK
Rio Brilhante,MS,RIO BRILHANTE/MS,5007208,OK
Jupiá,SC,JUPIA/SC,4209177,OK
Guaporema,PR,GUAPOREMA/PR,4109104,OK
Paraibuna,SP,PARAIBUNA/SP,3535606,OK
Pinheiral,RJ,PINHEIRAL/RJ,3303955,OK
Araporã,MG,ARAPORA/MG,3103751,OK
São José do Povo,MT,SAO JOSE DO POVO/MT,5107297,OK
Iturama,MG,ITURAMA/MG,3134400,OK
Vicentinópolis,GO,VICENTINOPOLIS/GO,5222054,OK
Santa Rosa de Lima,SC,SANTA ROSA DE LIMA/SC,4215604,OK
São José das Missões,RS,SAO JOSE DAS MISSOES/RS,4318457,OK
Ruy Barbosa,RN,RUY BARBOSA/RN,2411106,OK
Três Rios,RJ,TRES RIOS/RJ,3306008,OK
São Francisco de Paula,MG,SAO FRANCISCO DE PAULA/MG,3161205,OK
Ibirarema,SP,IBIRAREMA/SP,3519501,OK
Bom Jesus do Oeste,SC,BOM JESUS DO OESTE/SC,4202578,OK
Uruaçu,GO,URUACU/GO,5221601,OK
Serra Talhada,PE,SERRA TALHADA/PE,2613909,OK
Prata,PB,PRATA/PB,2512200,OK
Ourizona,PR,OURIZONA/PR,4117404,OK
Santa Luzia,PB,SANTA LUZIA/PB,2513406,OK
Maravilhas,MG,MARAVILHAS/MG,3139706,OK
Igrejinha,RS,IGREJINHA/RS,4310108,OK
São Brás do Suaçuí,MG,SAO BRAS DO SUACUI/MG,3160900,OK
Altinópolis,SP,ALTINOPOLIS/SP,3501004,OK
São Valentim do Sul,RS,SAO VALENTIM DO SUL/RS,4319711,OK
Muzambinho,MG,MUZAMBINHO/MG,3144102,OK
Santa Helena de Goiás,GO,SANTA HELENA DE GOIAS/GO,5219308,OK
Guaramirim,SC,GUARAMIRIM/SC,4206504,OK
Prados,MG,PRADOS/MG,3152709,OK
Dom Aquino,MT,DOM AQUINO/MT,5103601,OK
Nova Londrina,PR,NOVA LONDRINA/PR,4117107,OK
Nazário,GO,NAZARIO/GO,5214408,OK
Castelo,ES,CASTELO/ES,3201407,OK
Boa Vista do Incra,RS,BOA VISTA DO INCRA/RS,4302238,OK
Turvo,SC,TURVO/SC,4218806,OK
Inconfidentes,MG,INCONFIDENTES/MG,3130606,OK
Missal,PR,MISSAL/PR,4116059,OK
Minaçu,GO,MINACU/GO,5213087,OK
André da Rocha,RS,ANDRE DA ROCHA/RS,4300661,OK
Sul Brasil,SC,SUL BRASIL/SC,4217758,OK
Cachoeira Dourada,GO,CACHOEIRA DOURADA/GO,5204250,OK
Auriflama,SP,AURIFLAMA/SP,3504206,OK
Xangri-lá,RS,XANGRI LA/RS,4323804,OK
Pranchita,PR,PRANCHITA/PR,4120358,OK
Itapuí,SP,ITAPUI/SP,3522901,OK
São Sebastião,SP,SAO SEBASTIAO/SP,3550704,OK
Apiacá,ES,APIACA/ES,3200508,OK
Perobal,PR,PEROBAL/PR,4118857,OK
Canela,RS,CANELA/RS,4304408,OK
Rincão,SP,RINCAO/SP,3543709,OK
Timbaúba dos Batistas,RN,TIMBAUBA DOS BATISTAS/RN,2414308,OK
Cachoeiro de Itapemirim,ES,CACHOEIRO DE ITAPEMIRIM/ES,3201209,OK
Jeceaba,MG,JECEABA/MG,3135407,OK
Vitorino,PR,VITORINO/PR,4128708,OK
Getúlio Vargas,RS,GETULIO VARGAS/RS,4308904,OK
São Gabriel do Oeste,MS,SAO GABRIEL DO OESTE/MS,5007695,OK
Valente,BA,VALENTE/BA,2933000,OK
Piraquara,PR,PIRAQUARA/PR,4119509,OK
Atílio Vivácqua,ES,ATILIO VIVACQUA/ES,3200706,OK
Ponte Branca,MT,PONTE BRANCA/MT,5106703,OK
Piranhas,AL,PIRANHAS/AL,2707107,OK
Foz do Jordão,PR,FOZ DO JORDAO/PR,4108452,OK
Benedito Novo,SC,BENEDITO NOVO/SC,4202206,OK
Recreio,MG,RECREIO/MG,3154101,OK
Tiradentes,MG,TIRADENTES/MG,3168804,OK
São José do Ouro,RS,SAO JOSE DO OURO/RS,4318606,OK
São Luís de Montes Belos,GO,SAO LUIS DE MONTES BELOS/GO,5220108,OK
Coronel Barros,RS,CORONEL BARROS/RS,4305871,OK
Perdigão,MG,PERDIGAO/MG,3149705,OK
Cananéia,SP,CANANEIA/SP,3509908,OK
Nova América da Colina,PR,NOVA AMERICA DA COLINA/PR,4116604,OK
Colinas do Tocantins,TO,COLINAS DO TOCANTINS/TO,1705508,OK
Presidente Getúlio,SC,PRESIDENTE GETULIO/SC,4214003,OK
Montividiu,GO,MONTIVIDIU/GO,5213756,OK
Santo Antônio do Amparo,MG,SANTO ANTONIO DO AMPARO/MG,3159902,OK
Itacuruba,PE,ITACURUBA/PE,2607406,OK
Ponte Nova,MG,PONTE NOVA/MG,3152105,OK
Maripá,PR,MARIPA/PR,4115358,OK
Mercês,MG,MERCES/MG,3141603,OK
Itaberaí,GO,ITABERAI/GO,5210406,OK
Maratá,RS,MARATA/RS,4311791,OK
Santo Antônio do Planalto,RS,SANTO ANTONIO DO PLANALTO/RS,4317756,OK
Gravatal,SC,GRAVATAL/SC,4206207,OK
Iconha,ES,ICONHA/ES,3202603,OK
Mato Queimado,RS,MATO QUEIMADO/RS,4312179,OK
Francisco Morato,SP,FRANCISCO MORATO/SP,3516309,OK
Campo Largo,PR,CAMPO LARGO/PR,4104204,OK
Venda Nova do Imigrante,ES,VENDA NOVA DO IMIGRANTE/ES,3205069,OK
Cariacica,ES,CARIACICA/ES,3201308,OK
Juazeiro do Piauí,PI,JUAZEIRO DO PIAUI/PI,2205516,OK
Cambuquira,MG,CAMBUQUIRA/MG,3110707,OK
Quartel Geral,MG,QUARTEL GERAL/MG,3153707,OK
Itumbiara,GO,ITUMBIARA/GO,5211503,OK
Córrego Danta,MG,CORREGO DANTA/MG,3119807,OK
Barra Velha,SC,BARRA VELHA/SC,4202107,OK
Ibicaré,SC,IBICARE/SC,4206801,OK
Coromandel,MG,COROMANDEL/MG,3119302,OK
Piedade de Ponte Nova,MG,PIEDADE DE PONTE NOVA/MG,3150208,OK
Catuípe,RS,CATUIPE/RS,4305009,OK
Quixaba,PE,QUIXABA/PE,2611533,OK
Boa Esperança do Sul,SP,BOA ESPERANCA DO SUL/SP,3506706,OK
Santa Luzia,MG,SANTA LUZIA/MG,3157807,OK
São Sebastião da Vargem Alegre,MG,SAO SEBASTIAO DA VARGEM ALEGRE/MG,3164431,OK
Antônio Prado,RS,ANTONIO PRADO/RS,4300802,OK
Lavínia,SP,LAVINIA/SP,3526506,OK
Rio Bom,PR,RIO BOM/PR,4122107,OK
Itiruçu,BA,ITIRUCU/BA,2916906,OK
Engenheiro Beltrão,PR,ENGENHEIRO BELTRAO/PR,4107504,OK
Campos Gerais,MG,CAMPOS GERAIS/MG,3111606,OK
Congonhal,MG,CONGONHAL/MG,3117900,OK
João Ramalho,SP,JOAO RAMALHO/SP,3525607,OK
Siqueira Campos,PR,SIQUEIRA CAMPOS/PR,4126603,OK
Grandes Rios,PR,GRANDES RIOS/PR,4108700,OK
Mairipotaba,GO,MAIRIPOTABA/GO,5212600,OK
Dom Cavati,MG,DOM CAVATI/MG,3122504,OK
Rio Branco,AC,RIO BRANCO/AC,1200401,OK
São Tomé das Letras,MG,SAO TOME DAS LETRAS/MG,3165206,OK
São João da Urtiga,RS,SAO JOAO DA URTIGA/RS,4318424,OK
Tapiraí,MG,TAPIRAI/MG,3168200,OK
Caranaíba,MG,CARANAIBA/MG,3113107,OK
Vargem Alta,ES,VARGEM ALTA/ES,3205036,OK
Paulo Bento,RS,PAULO BENTO/RS,4314134,OK
Leoberto Leal,SC,LEOBERTO LEAL/SC,4209805,OK
Tapera,RS,TAPERA/RS,4321006,OK
Manhuaçu,MG,MANHUACU/MG,3139409,OK
Timbé do Sul,SC,TIMBE DO SUL/SC,4218103,OK
São Mateus do Sul,PR,SAO MATEUS DO SUL/PR,4125605,OK
Canoas,RS,CANOAS/RS,4304606,OK
Nova União,MG,NOVA UNIAO/MG,3136603,OK
Araquari,SC,ARAQUARI/SC,4201307,OK
Nicolau Vergueiro,RS,NICOLAU VERGUEIRO/RS,4312674,OK
Capanema,PR,CAPANEMA/PR,4104501,OK
Goiandira,GO,GOIANDIRA/GO,5208509,OK
Sapucaí-Mirim,MG,SAPUCAI MIRIM/MG,3165404,OK
Córrego do Ouro,GO,CORREGO DO OURO/GO,5205703,OK
Triunfo,PB,TRIUNFO/PB,2516805,OK
Jauru,MT,JAURU/MT,5105002,OK
Itamogi,MG,ITAMOGI/MG,3132909,OK
Pontal do Araguaia,MT,PONTAL DO ARAGUAIA/MT,5106653,OK
Pombal,PB,POMBAL/PB,2512101,OK
Várzea,RN,VARZEA/RN,2414704,OK
Rolador,RS,ROLADOR/RS,4315958,OK
Pau dos Ferros,RN,PAU DOS FERROS/RN,2409407,OK
Santa Lúcia,SP,SANTA LUCIA/SP,3546900,OK
Armazém,SC,ARMAZEM/SC,4201505,OK
Itabi,SE,ITABI/SE,2803104,OK
Mairinque,SP,MAIRINQUE/SP,3528403,OK
Alegria,RS,ALEGRIA/RS,4300455,OK
São Valentim,RS,SAO VALENTIM/RS,4319703,OK
Junco do Seridó,PB,JUNCO DO SERIDO/PB,2507804,OK
Guaporé,RS,GUAPORE/RS,4309407,OK
Caicó,RN,CAICO/RN,2402006,OK
Biguaçu,SC,BIGUACU/SC,4202305,OK
Santo Cristo,RS,SANTO CRISTO/RS,4317905,OK
Arambaré,RS,ARAMBARE/RS,4300851,OK
São Roque,SP,SAO ROQUE/SP,3550605,OK
Santa Rita de Caldas,MG,SANTA RITA DE CALDAS/MG,3159209,OK
Loanda,PR,LOANDA/PR,4113502,OK
Barracão,PR,BARRACAO/PR,4102604,OK
Taquarivaí,SP,TAQUARIVAI/SP,3553856,OK
Ouro Branco,RN,OURO BRANCO/RN,2408508,OK
Estrela do Sul,MG,ESTRELA DO SUL/MG,3124807,OK
Mafra,SC,MAFRA/SC,4210100,OK
Rancharia,SP,RANCHARIA/SP,3542206,OK
Itauçu,GO,ITAUCU/GO,5211404,OK
Camocim de São Félix,PE,CAMOCIM DE SAO FELIX/PE,2603504,OK
Jaguapitã,PR,JAGUAPITA/PR,4111902,OK
Jati,CE,JATI/CE,2307205,OK
Conceição do Rio Verde,MG,CONCEICAO DO RIO VERDE/MG,3117702,OK
Corumbataí,SP,CORUMBATAI/SP,3512704,OK
Faxinal dos Guedes,SC,FAXINAL DOS GUEDES/SC,4205308,OK
Bozano,RS,BOZANO/RS,4302584,OK
Matozinhos,MG,MATOZINHOS/MG,3141108,OK
Lauro Müller,SC,LAURO MULLER/SC,4209607,OK
Rifaina,SP,RIFAINA/SP,3543600,OK
Modelo,SC,MODELO/SC,4210902,OK
Goioerê,PR,GOIOERE/PR,4108601,OK
Salgueiro,PE,SALGUEIRO/PE,2612208,OK
Santos Dumont,MG,SANTOS DUMONT/MG,3160702,OK
Areial,PB,AREIAL/PB,2501203,OK
Alvinópolis,MG,ALVINOPOLIS/MG,3102308,OK
Colinas,RS,COLINAS/RS,4305587,OK
Iguatu,CE,IGUATU/CE,2305506,OK
Olho d'Água do Borges,RN,OLHO D AGUA DO BORGES/RN,2408409,OK
Casa Branca,SP,CASA BRANCA/SP,3510807,OK
Caraguatatuba,SP,CARAGUATATUBA/SP,3510500,OK
Braço do Norte,SC,BRACO DO NORTE/SC,4202800,OK
Pérola d'Oeste,PR,PEROLA D OESTE/PR,4119004,OK
Miguelópolis,SP,MIGUELOPOLIS/SP,3529708,OK
Franco da Rocha,SP,FRANCO DA ROCHA/SP,3516408,OK
Chiapetta,RS,CHIAPETTA/RS,4305405,OK
Lages,SC,LAGES/SC,4209300,OK
Recife,PE,RECIFE/PE,2611606,OK
Ilhota,SC,ILHOTA/SC,4207106,OK
Venâncio Aires,RS,VENANCIO AIRES/RS,4322608,OK
Porteirão,GO,PORTEIRAO/GO,5218052,OK
Eldorado do Sul,RS,ELDORADO DO SUL/RS,4306767,OK
Camanducaia,MG,CAMANDUCAIA/MG,3110509,OK
Acari,RN,ACARI/RN,2400109,OK
Faxinal,PR,FAXINAL/PR,4107603,OK
Boa Esperança,MG,BOA ESPERANCA/MG,3107109,OK
Barra do Rio Azul,RS,BARRA DO RIO AZUL/RS,4301925,OK
Paraíso do Norte,PR,PARAISO DO NORTE/PR,4118006,OK
Flor do Sertão,SC,FLOR DO SERTAO/SC,4205357,OK
Chopinzinho,PR,CHOPINZINHO/PR,4105409,OK
Constantina,RS,CONSTANTINA/RS,4305801,OK
Araçu,GO,ARACU/GO,5201603,OK
Caratinga,MG,CARATINGA/MG,3113404,OK
Santa Maria,RS,SANTA MARIA/RS,4316907,OK
Porangatu,GO,PORANGATU/GO,5218003,OK
Camacho,MG,CAMACHO/MG,3110400,OK
Alvorada do Sul,PR,ALVORADA DO SUL/PR,4100806,OK
Goiatuba,GO,GOIATUBA/GO,5209101,OK
Ipiguá,SP,IPIGUA/SP,3521150,OK
Elesbão Veloso,PI,ELESBAO VELOSO/PI,2203503,OK
Juazeiro do Norte,CE,JUAZEIRO DO NORTE/CE,2307304,OK
Mucurici,ES,MUCURICI/ES,3203601,OK
Vargem Alegre,MG,VARGEM ALEGRE/MG,3170578,OK
Urucânia,MG,URUCANIA/MG,3170503,OK
Fortaleza dos Valos,RS,FORTALEZA DOS VALOS/RS,4308458,OK
Navegantes,SC,NAVEGANTES/SC,4211306,OK
Ipameri,GO,IPAMERI/GO,5210109,OK
São João Nepomuceno,MG,SAO JOAO NEPOMUCENO/MG,3162906,OK
Tupãssi,PR,TUPASSI/PR,4127957,OK
Cajazeiras,PB,CAJAZEIRAS/PB,2503704,OK
Sagrada Família,RS,SAGRADA FAMILIA/RS,4316428,OK
Getulina,SP,GETULINA/SP,3517000,OK
Pérola,PR,PEROLA/PR,4118907,OK
Frei Rogério,SC,FREI ROGERIO/SC,4205555,OK
Santana do Garambéu,MG,SANTANA DO GARAMBEU/MG,3158706,OK
Roseira,SP,ROSEIRA/SP,3544301,OK
Tanque Novo,BA,TANQUE NOVO/BA,2931053,OK
Guarabira,PB,GUARABIRA/PB,2506301,OK
Areiópolis,SP,AREIOPOLIS/SP,3503604,OK
Guaraçaí,SP,GUARACAI/SP,3517802,OK
Ipiranga do Norte,MT,IPIRANGA DO NORTE/MT,5104526,OK
Descoberto,MG,DESCOBERTO/MG,3121308,OK
Passo de Torres,SC,PASSO DE TORRES/SC,4212254,OK
Sabino,SP,SABINO/SP,3544608,OK
Gaurama,RS,GAURAMA/RS,4308706,OK
Pedro Leopoldo,MG,PEDRO LEOPOLDO/MG,3149309,OK
Rubiataba,GO,RUBIATABA/GO,5218904,OK
Pirapora,MG,PIRAPORA/MG,3151206,OK
Soledade,PB,SOLEDADE/PB,2516102,OK
Piranhas,GO,PIRANHAS/GO,5217203,OK
Alfredo Chaves,ES,ALFREDO CHAVES/ES,3200300,OK
São José da Barra,MG,SAO JOSE DA BARRA/MG,3162948,OK
Água Clara,MS,AGUA CLARA/MS,5000203,OK
Valparaíso,SP,VALPARAISO/SP,3556305,OK
Santa Rosa da Serra,MG,SANTA ROSA DA SERRA/MG,3159704,OK
Dezesseis de Novembro,RS,DEZESSEIS DE NOVEMBRO/RS,4306353,OK
Vieiras,MG,VIEIRAS/MG,3171402,OK
Rinópolis,SP,RINOPOLIS/SP,3543808,OK
Áurea,RS,AUREA/RS,4301552,OK
Palmelo,GO,PALMELO/GO,5215801,OK
Anchieta,ES,ANCHIETA/ES,3200409,OK
Três Coroas,RS,TRES COROAS/RS,4321709,OK
Tapiraí,SP,TAPIRAI/SP,3553500,OK
Indiaporã,SP,INDIAPORA/SP,3520707,OK
Cedro do Abaeté,MG,CEDRO DO ABAETE/MG,3115607,OK
Iporanga,SP,IPORANGA/SP,3521200,OK
Serra da Raiz,PB,SERRA DA RAIZ/PB,2515609,OK
Lagoa Santa,GO,LAGOA SANTA/GO,5212253,OK
São Cristóvão do Sul,SC,SAO CRISTOVAO DO SUL/SC,4216057,OK
Ibiporã,PR,IBIPORA/PR,4109807,OK
Rio Piracicaba,MG,RIO PIRACICABA/MG,3155702,OK
Penedo,AL,PENEDO/AL,2706703,OK
São Fernando,RN,SAO FERNANDO/RN,2411809,OK
Damianópolis,GO,DAMIANOPOLIS/GO,5206701,OK
Guapó,GO,GUAPO/GO,5209200,OK
Campanha,MG,CAMPANHA/MG,3110905,OK
Itaguaru,GO,ITAGUARU/GO,5210604,OK
Iguape,SP,IGUAPE/SP,3520301,OK
Novo Oriente,CE,NOVO ORIENTE/CE,2309409,OK
Divisópolis,MG,DIVISOPOLIS/MG,3122454,OK
Santa Lúcia,PR,SANTA LUCIA/PR,4123824,OK
Vista Serrana,PB,VISTA SERRANA/PB,2505501,OK
São José dos Cordeiros,PB,SAO JOSE DOS CORDEIROS/PB,2514800,OK
Aracruz,ES,ARACRUZ/ES,3200607,OK
Santa Mariana,PR,SANTA MARIANA/PR,4123907,OK
Água Comprida,MG,AGUA COMPRIDA/MG,3100708,OK
Paço do Lumiar,MA,PACO DO LUMIAR/MA,2107506,OK
Itabaiana,SE,ITABAIANA/SE,2802908,OK
Tanque do Piauí,PI,TANQUE DO PIAUI/PI,2210979,OK
Dom Expedito Lopes,PI,DOM EXPEDITO LOPES/PI,2203404,OK
Ipira,SC,IPIRA/SC,4207601,OK
Currais Novos,RN,CURRAIS NOVOS/RN,2403103,OK
Romaria,MG,ROMARIA/MG,3156403,OK
Pinhal da Serra,RS,PINHAL DA SERRA/RS,4314464,OK
Paulo Lopes,SC,PAULO LOPES/SC,4212304,OK
Bueno Brandão,MG,BUENO BRANDAO/MG,3109105,OK
Itatinga,SP,ITATINGA/SP,3523503,OK
Telha,SE,TELHA/SE,2807303,OK
Formosa do Sul,SC,FORMOSA DO SUL/SC,4205431,OK
Consolação,MG,CONSOLACAO/MG,3118502,OK
Rio Grande da Serra,SP,RIO GRANDE DA SERRA/SP,3544103,OK
Raposos,MG,RAPOSOS/MG,3153905,OK
Araçariguama,SP,ARACARIGUAMA/SP,3502754,OK
Alfredo Vasconcelos,MG,ALFREDO VASCONCELOS/MG,3101631,OK
Fraiburgo,SC,FRAIBURGO/SC,4205506,OK
Ipueiras,CE,IPUEIRAS/CE,2305902,OK
São José do Barreiro,SP,SAO JOSE DO BARREIRO/SP,3549607,OK
São Tiago,MG,SAO TIAGO/MG,3165008,OK
Macaubal,SP,MACAUBAL/SP,3528106,OK
Florânia,RN,FLORANIA/RN,2403806,OK
Rio das Flores,RJ,RIO DAS FLORES/RJ,3304508,OK
Riachão,PB,RIACHAO/PB,2512747,OK
Vazante,MG,VAZANTE/MG,3171006,OK
Ibiam,SC,IBIAM/SC,4206751,OK
Sertãozinho,PB,SERTAOZINHO/PB,2515930,OK
Jussara,GO,JUSSARA/GO,5212204,OK
Urupema,SC,URUPEMA/SC,4218954,OK
Camapuã,MS,CAMAPUA/MS,5002605,OK
Brasilândia do Tocantins,TO,BRASILANDIA DO TOCANTINS/TO,1703602,OK
Francisco Santos,PI,FRANCISCO SANTOS/PI,2204204,OK
Santana de Cataguases,MG,SANTANA DE CATAGUASES/MG,3158409,OK
Avaí,SP,AVAI/SP,3504305,OK
Cedro de São João,SE,CEDRO DE SAO JOAO/SE,2801603,OK
São Cristóvão,SE,SAO CRISTOVAO/SE,2806701,OK
Aparecida do Taboado,MS,APARECIDA DO TABOADO/MS,5001003,OK
Coronel Pacheco,MG,CORONEL PACHECO/MG,3119609,OK
São Pedro da Serra,RS,SAO PEDRO DA SERRA/RS,4319356,OK
São Lourenço da Serra,SP,SAO LOURENCO DA SERRA/SP,3549953,OK
Ibiá,MG,IBIA/MG,3129509,OK
Silvianópolis,MG,SILVIANOPOLIS/MG,3167400,OK
Maripá de Minas,MG,MARIPA DE MINAS/MG,3140209,OK
Leopoldina,MG,LEOPOLDINA/MG,3138401,OK
Barro Alto,GO,BARRO ALTO/GO,5203203,OK
Garibaldi,RS,GARIBALDI/RS,4308607,OK
Mineiros,GO,MINEIROS/GO,5213103,OK
Matipó,MG,MATIPO/MG,3140902,OK
Lagarto,SE,LAGARTO/SE,2803500,OK
Borrazópolis,PR,BORRAZOPOLIS/PR,4103305,OK
Irani,SC,IRANI/SC,4207809,OK
Belo Oriente,MG,BELO ORIENTE/MG,3106309,OK
Campestre de Goiás,GO,CAMPESTRE DE GOIAS/GO,5204607,OK
Santa Helena,PB,SANTA HELENA/PB,2513307,OK
Ibirapuitã,RS,IBIRAPUITA/RS,4309951,OK
Campina Verde,MG,CAMPINA VERDE/MG,3111101,OK
Bom Jardim,RJ,BOM JARDIM/RJ,3300506,OK
Muçum,RS,MUCUM/RS,4312609,OK
Itamarati de Minas,MG,ITAMARATI DE MINAS/MG,3132602,OK
Ritápolis,MG,RITAPOLIS/MG,3156106,OK
Dionísio,MG,DIONISIO/MG,3121803,OK
Mato Grosso,PB,MATO GROSSO/PB,2509370,OK
Goiabeira,MG,GOIABEIRA/MG,3127370,OK
Doresópolis,MG,DORESOPOLIS/MG,3123403,OK
Água Boa,MT,AGUA BOA/MT,5100201,OK
Joanópolis,SP,JOANOPOLIS/SP,3525508,OK
Tejupá,SP,TEJUPA/SP,3554201,OK
Inhacorá,RS,INHACORA/RS,4310413,OK
Pirajuí,SP,PIRAJUI/SP,3538907,OK
Bertioga,SP,BERTIOGA/SP,3506359,OK
Maximiliano de Almeida,RS,MAXIMILIANO DE ALMEIDA/RS,4312203,OK
Presidente Olegário,MG,PRESIDENTE OLEGARIO/MG,3153400,OK
Juatuba,MG,JUATUBA/MG,3136652,OK
Santo Antônio do Aracanguá,SP,SANTO ANTONIO DO ARACANGUA/SP,3548054,OK
Sabáudia,PR,SABAUDIA/PR,4122701,OK
Cocal de Telha,PI,COCAL DE TELHA/PI,2202711,OK
Arroio do Padre,RS,ARROIO DO PADRE/RS,4301073,OK
Saldanha Marinho,RS,SALDANHA MARINHO/RS,4316436,OK
Capitólio,MG,CAPITOLIO/MG,3112802,OK
Arandu,SP,ARANDU/SP,3503109,OK
Mamborê,PR,MAMBORE/PR,4114005,OK
Jesuítas,PR,JESUITAS/PR,4112751,OK
Serra da Saudade,MG,SERRA DA SAUDADE/MG,3166600,OK
São João da Paraúna,GO,SAO JOAO DA PARAUNA/GO,5220058,OK
Pires do Rio,GO,PIRES DO RIO/GO,5217401,OK
Campo Limpo Paulista,SP,CAMPO LIMPO PAULISTA/SP,3509601,OK
Presidente Dutra,BA,PRESIDENTE DUTRA/BA,2925600,OK
Cristina,MG,CRISTINA/MG,3120508,OK
Santana do Itararé,PR,SANTANA DO ITARARE/PR,4124004,OK
Pirapetinga,MG,PIRAPETINGA/MG,3151107,OK
Araguaína,TO,ARAGUAINA/TO,1702109,OK
Arceburgo,MG,ARCEBURGO/MG,3104106,OK
Campo Bom,RS,CAMPO BOM/RS,4303905,OK
Muribeca,SE,MURIBECA/SE,2804300,OK
Coqueiral,MG,COQUEIRAL/MG,3118700,OK
Primeiro de Maio,PR,PRIMEIRO DE MAIO/PR,4120507,OK
São Borja,RS,SAO BORJA/RS,4318002,OK
Salto do Itararé,PR,SALTO DO ITARARE/PR,4122909,OK
Itapemirim,ES,ITAPEMIRIM/ES,3202801,OK
Ribeirão das Neves,MG,RIBEIRAO DAS NEVES/MG,3154606,OK
Santana da Vargem,MG,SANTANA DA VARGEM/MG,3158300,OK
Paraíso das Águas,MS,PARAISO DAS AGUAS/MS,5006275,OK
Santa Isabel,GO,SANTA ISABEL/GO,5219357,OK
Rolim de Moura,RO,ROLIM DE MOURA/RO,1100288,OK
Cacoal,RO,CACOAL/RO,1100049,OK
Combinado,TO,COMBINADO/TO,1705557,OK
Iúna,ES,IUNA/ES,3203007,OK
Imbaú,PR,IMBAU/PR,4110078,OK
Pareci Novo,RS,PARECI NOVO/RS,4314035,OK
São Sebastião do Oeste,MG,SAO SEBASTIAO DO OESTE/MG,3164605,OK
Mar de Espanha,MG,MAR DE ESPANHA/MG,3139805,OK
Taparuba,MG,TAPARUBA/MG,3168051,OK
Vera Cruz do Oeste,PR,VERA CRUZ DO OESTE/PR,4128559,OK
Viçosa,RN,VICOSA/RN,2414902,OK
Jaupaci,GO,JAUPACI/GO,5212006,OK
Braganey,PR,BRAGANEY/PR,4103354,OK
Guaraíta,GO,GUARAITA/GO,5209291,OK
Palma,MG,PALMA/MG,3146701,OK
Ivaiporã,PR,IVAIPORA/PR,4111506,OK
Carmo do Rio Claro,MG,CARMO DO RIO CLARO/MG,3114402,OK
Seara,SC,SEARA/SC,4217501,OK
Nova Aliança do Ivaí,PR,NOVA ALIANCA DO IVAI/PR,4116505,OK
Guarapari,ES,GUARAPARI/ES,3202405,OK
Guimarânia,MG,GUIMARANIA/MG,3128907,OK
Putinga,RS,PUTINGA/RS,4315206,OK
Monteiro Lobato,SP,MONTEIRO LOBATO/SP,3531704,OK
Santa Tereza do Oeste,PR,SANTA TEREZA DO OESTE/PR,4124020,OK
São João,PR,SAO JOAO/PR,4124806,OK
Leópolis,PR,LEOPOLIS/PR,4113403,OK
Novo Cabrais,RS,NOVO CABRAIS/RS,4313391,OK
Cocal dos Alves,PI,COCAL DOS ALVES/PI,2202729,OK
Datas,MG,DATAS/MG,3121001,OK
Santa Rita do Trivelato,MT,SANTA RITA DO TRIVELATO/MT,5107768,OK
Eugenópolis,MG,EUGENOPOLIS/MG,3124906,OK
Santo Antônio dos Milagres,PI,SANTO ANTONIO DOS MILAGRES/PI,2209450,OK
Fronteira,MG,FRONTEIRA/MG,3127008,OK
Arapoti,PR,ARAPOTI/PR,4101606,OK
Florínea,SP,FLORINEA/SP,3516101,OK
Baependi,MG,BAEPENDI/MG,3104908,OK
Esmeraldas,MG,ESMERALDAS/MG,3124104,OK
Coqueiros do Sul,RS,COQUEIROS DO SUL/RS,4305850,OK
Monte Belo,MG,MONTE BELO/MG,3143005,OK
Nossa Senhora de Nazaré,PI,NOSSA SENHORA DE NAZARE/PI,2206753,OK
Conceição das Alagoas,MG,CONCEICAO DAS ALAGOAS/MG,3117306,OK
Anhembi,SP,ANHEMBI/SP,3502309,OK
Vicentina,MS,VICENTINA/MS,5008404,OK
Trindade,GO,TRINDADE/GO,5221403,OK
Itacurubi,RS,ITACURUBI/RS,4310553,OK
Volta Grande,MG,VOLTA GRANDE/MG,3172103,OK
Mallet,PR,MALLET/PR,4113908,OK
Wenceslau Braz,MG,WENCESLAU BRAZ/MG,3172202,OK
Sapucaia do Sul,RS,SAPUCAIA DO SUL/RS,4320008,OK
Tangará,SC,TANGARA/SC,4217907,OK
Pantano Grande,RS,PANTANO GRANDE/RS,4313953,OK
São José do Seridó,RN,SAO JOSE DO SERIDO/RN,2412401,OK
Conchas,SP,CONCHAS/SP,3512308,OK
Alterosa,MG,ALTEROSA/MG,3102001,OK
Itatiaiuçu,MG,ITATIAIUCU/MG,3133709,OK
Santa Carmem,MT,SANTA CARMEM/MT,5107248,OK
Ibiaçá,RS,IBIACA/RS,4309803,OK
Elói Mendes,MG,ELOI MENDES/MG,3123601,OK
São Domingos,SC,SAO DOMINGOS/SC,4216107,OK
Natividade,RJ,NATIVIDADE/RJ,3303104,OK
Seberi,RS,SEBERI/RS,4320206,OK
Primavera de Rondônia,RO,PRIMAVERA DE RONDONIA/RO,1101476,OK
Madre de Deus,BA,MADRE DE DEUS/BA,2919926,OK
Tigrinhos,SC,TIGRINHOS/SC,4217956,OK
Gaspar,SC,GASPAR/SC,4205902,OK
Ponte Preta,RS,PONTE PRETA/RS,4314787,OK
Minas do Leão,RS,MINAS DO LEAO/RS,4312252,OK
Campos dos Goytacazes,RJ,CAMPOS DOS GOYTACAZES/RJ,3301009,OK
Jataizinho,PR,JATAIZINHO/PR,4112702,OK
Conceição da Barra de Minas,MG,CONCEICAO DA BARRA DE MINAS/MG,3115201,OK
Piedade do Rio Grande,MG,PIEDADE DO RIO GRANDE/MG,3150307,OK
Álvares Florence,SP,ALVARES FLORENCE/SP,3501202,OK
Janaúba,MG,JANAUBA/MG,3135100,OK
Curitibanos,SC,CURITIBANOS/SC,4204806,OK
Eldorado,MS,ELDORADO/MS,5003751,OK
Guaíra,PR,GUAIRA/PR,4108809,OK
Boa Vista do Cadeado,RS,BOA VISTA DO CADEADO/RS,4302220,OK
Turvelândia,GO,TURVELANDIA/GO,5221551,OK
Firminópolis,GO,FIRMINOPOLIS/GO,5207808,OK
Serraria,PB,SERRARIA/PB,2515906,OK
Alto Piquiri,PR,ALTO PIQUIRI/PR,4100707,OK
Guaraciaba do Norte,CE,GUARACIABA DO NORTE/CE,2305001,OK
Coronel Freitas,SC,CORONEL FREITAS/SC,4204400,OK
Encanto,RN,ENCANTO/RN,2403301,OK
Xaxim,SC,XAXIM/SC,4219705,OK
Campo Erê,SC,CAMPO ERE/SC,4203501,OK
Vitória das Missões,RS,VITORIA DAS MISSOES/RS,4323754,OK
Quixeramobim,CE,QUIXERAMOBIM/CE,2311405,OK
Santa Vitória,MG,SANTA VITORIA/MG,3159803,OK
Frutal,MG,FRUTAL/MG,3127107,OK
Pedregulho,SP,PEDREGULHO/SP,3537008,OK
Ivaté,PR,IVATE/PR,4111555,OK
Piên,PR,PIEN/PR,4119103,OK
Santana dos Montes,MG,SANTANA DOS MONTES/MG,3159100,OK
Itaperuna,RJ,ITAPERUNA/RJ,3302205,OK
Frei Martinho,PB,FREI MARTINHO/PB,2506202,OK
São Julião,PI,SAO JULIAO/PI,2210300,OK
Serranópolis,GO,SERRANOPOLIS/GO,5220504,OK
Piúma,ES,PIUMA/ES,3204203,OK
Itaporanga,SP,ITAPORANGA/SP,3522802,OK
Catu,BA,CATU/BA,2907509,OK
Miraí,MG,MIRAI/MG,3142205,OK
Alto Rio Novo,ES,ALTO RIO NOVO/ES,3200359,OK
Guairaçá,PR,GUAIRACA/PR,4108908,OK
Entre-Ijuís,RS,ENTRE IJUIS/RS,4306932,OK
Figueira,PR,FIGUEIRA/PR,4107751,OK
Ingazeira,PE,INGAZEIRA/PE,2607109,OK
Itapagipe,MG,ITAPAGIPE/MG,3133402,OK
Lagoa Dourada,MG,LAGOA DOURADA/MG,3137403,OK
Conquista,MG,CONQUISTA/MG,3118205,OK
Piraí,RJ,PIRAI/RJ,3304003,OK
São Sebastião da Grama,SP,SAO SEBASTIAO DA GRAMA/SP,3550803,OK
Cruzeiro,SP,CRUZEIRO/SP,3513405,OK
Capivari do Sul,RS,CAPIVARI DO SUL/RS,4304671,OK
Paraopeba,MG,PARAOPEBA/MG,3147402,OK
Pedro Teixeira,MG,PEDRO TEIXEIRA/MG,3149408,OK
Juranda,PR,JURANDA/PR,4112959,OK
Júlio de Castilhos,RS,JULIO DE CASTILHOS/RS,4311205,OK
Bias Fortes,MG,BIAS FORTES/MG,3106804,OK
Corumbá de Goiás,GO,CORUMBA DE GOIAS/GO,5205802,OK
Mimoso do Sul,ES,MIMOSO DO SUL/ES,3203403,OK
Ilicínea,MG,ILICINEA/MG,3130507,OK
São Martinho,SC,SAO MARTINHO/SC,4217105,OK
Coronel Ezequiel,RN,CORONEL EZEQUIEL/RN,2402808,OK
Sapiranga,RS,SAPIRANGA/RS,4319901,OK
São Bentinho,PB,SAO BENTINHO/PB,2513927,OK
Teotônio Vilela,AL,TEOTONIO VILELA/AL,2709152,OK
Resende Costa,MG,RESENDE COSTA/MG,3154200,OK
Indiara,GO,INDIARA/GO,5209952,OK
Santa Rita do Pardo,MS,SANTA RITA DO PARDO/MS,5007554,OK
Barreiras,BA,BARREIRAS/BA,2903201,OK
Campo Florido,MG,CAMPO FLORIDO/MG,3111408,OK
Aguaí,SP,AGUAI/SP,3500303,OK
Astolfo Dutra,MG,ASTOLFO DUTRA/MG,3104601,OK
Silveiras,SP,SILVEIRAS/SP,3552007,OK
Mantena,MG,MANTENA/MG,3139607,OK
Barra do Garças,MT,BARRA DO GARCAS/MT,5101803,OK
Demerval Lobão,PI,DEMERVAL LOBAO/PI,2203305,OK
Benevides,PA,BENEVIDES/PA,1501501,OK
Perdizes,MG,PERDIZES/MG,3149804,OK
Vermelho Novo,MG,VERMELHO NOVO/MG,3171154,OK
Gravatá,PE,GRAVATA/PE,2606408,OK
Iapu,MG,IAPU/MG,3129301,OK
Bandeirantes,MS,BANDEIRANTES/MS,5001508,OK
Malhada dos Bois,SE,MALHADA DOS BOIS/SE,2803807,OK
Presidente Kubitschek,MG,PRESIDENTE KUBITSCHEK/MG,3153301,OK
Tucunduva,RS,TUCUNDUVA/RS,4322103,OK
Capetinga,MG,CAPETINGA/MG,3112406,OK
Nova Mutum,MT,NOVA MUTUM/MT,5106224,OK
São Francisco do Sul,SC,SAO FRANCISCO DO SUL/SC,4216206,OK
Manhumirim,MG,MANHUMIRIM/MG,3139508,OK
Iguatama,MG,IGUATAMA/MG,3130309,OK
Jaguaruna,SC,JAGUARUNA/SC,4208807,OK
Nova Pádua,RS,NOVA PADUA/RS,4313086,OK
São Paulo das Missões,RS,SAO PAULO DAS MISSOES/RS,4319307,OK
Macaé,RJ,MACAE/RJ,3302403,OK
São Domingos das Dores,MG,SAO DOMINGOS DAS DORES/MG,3160959,OK
Colorado do Oeste,RO,COLORADO DO OESTE/RO,1100064,OK
São José de Ribamar,MA,SAO JOSE DE RIBAMAR/MA,2111201,OK
Cabaceiras,PB,CABACEIRAS/PB,2503100,OK
Carandaí,MG,CARANDAI/MG,3113206,OK
Jaboti,PR,JABOTI/PR,4111704,OK
Itaitinga,CE,ITAITINGA/CE,2306256,OK
São Gonçalo do Amarante,RN,SAO GONCALO DO AMARANTE/RN,2412005,OK
Abatiá,PR,ABATIA/PR,4100103,OK
Florestópolis,PR,FLORESTOPOLIS/PR,4108007,OK
Ibiassucê,BA,IBIASSUCE/BA,2912004,OK
Silveirânia,MG,SILVEIRANIA/MG,3167301,OK
Guabiju,RS,GUABIJU/RS,4309258,OK
Itaguari,GO,ITAGUARI/GO,5210562,OK
Damolândia,GO,DAMOLANDIA/GO,5206800,OK
Júlio Mesquita,SP,JULIO MESQUITA/SP,3525805,OK
São Gonçalo do Rio Preto,MG,SAO GONCALO DO RIO PRETO/MG,3125507,OK
Coronel Pilar,RS,CORONEL PILAR/RS,4305934,OK
Gurupi,TO,GURUPI/TO,1709500,OK
Limeira do Oeste,MG,LIMEIRA DO OESTE/MG,3138625,OK
Curral Velho,PB,CURRAL VELHO/PB,2505303,OK
Taquaral de Goiás,GO,TAQUARAL DE GOIAS/GO,5221007,OK
Araputanga,MT,ARAPUTANGA/MT,5101258,OK
Antônio Prado de Minas,MG,ANTONIO PRADO DE MINAS/MG,3103108,OK
Jaciara,MT,JACIARA/MT,5104807,OK
Joaquim Távora,PR,JOAQUIM TAVORA/PR,4112801,OK
Castelândia,GO,CASTELANDIA/GO,5205059,OK
Cajazeiras do Piauí,PI,CAJAZEIRAS DO PIAUI/PI,2202075,OK
Irauçuba,CE,IRAUCUBA/CE,2306108,OK
Rio Preto,MG,RIO PRETO/MG,3155900,OK
Marilândia do Sul,PR,MARILANDIA DO SUL/PR,4114906,OK
Vargem,SP,VARGEM/SP,3556354,OK
Barrocas,BA,BARROCAS/BA,2903276,OK
Paracatu,MG,PARACATU/MG,3147006,OK
Nazaré da Mata,PE,NAZARE DA MATA/PE,2609501,OK
Marilândia,ES,MARILANDIA/ES,3203353,OK
Ouro Verde do Oeste,PR,OURO VERDE DO OESTE/PR,4117453,OK
Figueirópolis D'Oeste,MT,FIGUEIROPOLIS D OESTE/MT,5103809,OK
Pedro Laurentino,PI,PEDRO LAURENTINO/PI,2207934,OK
Campina das Missões,RS,CAMPINA DAS MISSOES/RS,4303707,OK
Senador Amaral,MG,SENADOR AMARAL/MG,3165578,OK
Osório,RS,OSORIO/RS,4313508,OK
São Gabriel,BA,SAO GABRIEL/BA,2929255,OK
Pitangui,MG,PITANGUI/MG,3151404,OK
Sinop,MT,SINOP/MT,5107909,OK
Além Paraíba,MG,ALEM PARAIBA/MG,3101508,OK
Bela Vista de Minas,MG,BELA VISTA DE MINAS/MG,3106002,OK
São Miguel da Boa Vista,SC,SAO MIGUEL DA BOA VISTA/SC,4217154,OK
Paraíso do Tocantins,TO,PARAISO DO TOCANTINS/TO,1716109,OK
Capelinha,MG,CAPELINHA/MG,3112307,OK
Nova Ramada,RS,NOVA RAMADA/RS,4313334,OK
Itaí,SP,ITAI/SP,3521804,OK
Lajeado Grande,SC,LAJEADO GRANDE/SC,4209458,OK
Mauá da Serra,PR,MAUA DA SERRA/PR,4115754,OK
Duas Estradas,PB,DUAS ESTRADAS/PB,2505808,OK
Prata do Piauí,PI,PRATA DO PIAUI/PI,2208601,OK
Santo Antônio do Pinhal,SP,SANTO ANTONIO DO PINHAL/SP,3548203,OK
São Bernardino,SC,SAO BERNARDINO/SC,4215752,OK
Salete,SC,SALETE/SC,4215307,OK
Gracho Cardoso,SE,GRACHO CARDOSO/SE,2802601,OK
Luís Eduardo Magalhães,BA,LUIS EDUARDO MAGALHAES/BA,2919553,OK
Marabá Paulista,SP,MARABA PAULISTA/SP,3528700,OK
Jaguariaíva,PR,JAGUARIAIVA/PR,4112009,OK
Cambará,PR,CAMBARA/PR,4103602,OK
Porciúncula,RJ,PORCIUNCULA/RJ,3304102,OK
Sete de Setembro,RS,SETE DE SETEMBRO/RS,4320578,OK
Mathias Lobato,MG,MATHIAS LOBATO/MG,3171501,OK
Itaoca,SP,ITAOCA/SP,3522158,OK
Juvenília,MG,JUVENILIA/MG,3136959,OK
Rio das Ostras,RJ,RIO DAS OSTRAS/RJ,3304524,OK
João Pinheiro,MG,JOAO PINHEIRO/MG,3136306,OK
Passa Tempo,MG,PASSA TEMPO/MG,3147709,OK
Nova Bréscia,RS,NOVA BRESCIA/RS,4313003,OK
Ipiaçu,MG,IPIACU/MG,3131406,OK
Martinópole,CE,MARTINOPOLE/CE,2307908,OK
Quixabeira,BA,QUIXABEIRA/BA,2925931,OK
Gouveia,MG,GOUVEIA/MG,3127602,OK
Logradouro,PB,LOGRADOURO/PB,2508554,OK
Planura,MG,PLANURA/MG,3151602,OK
Pimenta,MG,PIMENTA/MG,3150505,OK
Arês,RN,ARES/RN,2401206,OK
Garanhuns,PE,GARANHUNS/PE,2606002,OK
Conceição dos Ouros,MG,CONCEICAO DOS OUROS/MG,3117801,OK
Ipuiúna,MG,IPUIUNA/MG,3131505,OK
Guanhães,MG,GUANHAES/MG,3128006,OK
São Francisco de Assis,RS,SAO FRANCISCO DE ASSIS/RS,4318101,OK
Fênix,PR,FENIX/PR,4107702,OK
Três Marias,MG,TRES MARIAS/MG,3169356,OK
Cafezal do Sul,PR,CAFEZAL DO SUL/PR,4103479,OK
Paraguaçu,MG,PARAGUACU/MG,3147204,OK
Abreu e Lima,PE,ABREU E LIMA/PE,2600054,OK
São Miguel Arcanjo,SP,SAO MIGUEL ARCANJO/SP,3550209,OK
Acreúna,GO,ACREUNA/GO,5200134,OK
Lagoa Formosa,MG,LAGOA FORMOSA/MG,3137502,OK
Santa Tereza de Goiás,GO,SANTA TEREZA DE GOIAS/GO,5219605,OK
Witmarsum,SC,WITMARSUM/SC,4219408,OK
Aloândia,GO,ALOANDIA/GO,5200506,OK
Maracaju,MS,MARACAJU/MS,5005400,OK
Extremoz,RN,EXTREMOZ/RN,2403608,OK
Salvador,BA,SALVADOR/BA,2927408,OK
Palmeira,PR,PALMEIRA/PR,4117701,OK
São Roque de Minas,MG,SAO ROQUE DE MINAS/MG,3164308,OK
Bambuí,MG,BAMBUI/MG,3105103,OK
Goianira,GO,GOIANIRA/GO,5208806,OK
Guapirama,PR,GUAPIRAMA/PR,4109005,OK
Ipaba,MG,IPABA/MG,3131158,OK
Muliterno,RS,MULITERNO/RS,4312625,OK
Caseiros,RS,CASEIROS/RS,4304952,OK
Armação dos Búzios,RJ,ARMACAO DOS BUZIOS/RJ,3300233,OK
Quixaba,PB,QUIXABA/PB,2512606,OK
Maruim,SE,MARUIM/SE,2804003,OK
Palestina,AL,PALESTINA/AL,2706208,OK
Itapejara d'Oeste,PR,ITAPEJARA D OESTE/PR,4111209,OK
Presidente Nereu,SC,PRESIDENTE NEREU/SC,4214102,OK
Santa Fé de Goiás,GO,SANTA FE DE GOIAS/GO,5219258,OK
Santo Antônio do Caiuá,PR,SANTO ANTONIO DO CAIUA/PR,4124202,OK
São Pedro dos Ferros,MG,SAO PEDRO DOS FERROS/MG,3164001,OK
Caiuá,SP,CAIUA/SP,3509106,OK
Fernandes Pinheiro,PR,FERNANDES PINHEIRO/PR,4107736,OK
Monte Alegre de Minas,MG,MONTE ALEGRE DE MINAS/MG,3142809,OK
Vargem Grande do Rio Pardo,MG,VARGEM GRANDE DO RIO PARDO/MG,3170651,OK
Presidente Castelo Branco,PR,PRESIDENTE CASTELO BRANCO/PR,4120408,OK
Borborema,PB,BORBOREMA/PB,2502706,OK
Capão do Leão,RS,CAPAO DO LEAO/RS,4304663,OK
Santa Teresa,ES,SANTA TERESA/ES,3204609,OK
Paraí,RS,PARAI/RS,4314001,OK
Duas Barras,RJ,DUAS BARRAS/RJ,3301603,OK
Dois Irmãos das Missões,RS,DOIS IRMAOS DAS MISSOES/RS,4306429,OK
Barra de São Francisco,ES,BARRA DE SAO FRANCISCO/ES,3200904,OK
Eldorado,SP,ELDORADO/SP,3514809,OK
Augusto Pestana,RS,AUGUSTO PESTANA/RS,4301503,OK
Sulina,PR,SULINA/PR,4126652,OK
Jacuípe,AL,JACUIPE/AL,2703502,OK
Santo Antônio do Grama,MG,SANTO ANTONIO DO GRAMA/MG,3160108,OK
Torixoréu,MT,TORIXOREU/MT,5108204,OK
Terra Rica,PR,TERRA RICA/PR,4127304,OK
Arraial do Cabo,RJ,ARRAIAL DO CABO/RJ,3300258,OK
Bonfinópolis de Minas,MG,BONFINOPOLIS DE MINAS/MG,3108206,OK
Santa Isabel,SP,SANTA ISABEL/SP,3546801,OK
São Joaquim,SC,SAO JOAQUIM/SC,4216503,OK
Piraúba,MG,PIRAUBA/MG,3151305,OK
Morro da Garça,MG,MORRO DA GARCA/MG,3143609,OK
Parelhas,RN,PARELHAS/RN,2408904,OK
Arcoverde,PE,ARCOVERDE/PE,2601201,OK
Juruaia,MG,JURUAIA/MG,3136900,OK
São Patrício,GO,SAO PATRICIO/GO,5220280,OK
Barbosa Ferraz,PR,BARBOSA FERRAZ/PR,4102505,OK
Tabuleiro,MG,TABULEIRO/MG,3167905,OK
Angicos,RN,ANGICOS/RN,2400802,OK
Manoel Viana,RS,MANOEL VIANA/RS,4311759,OK
Pedreiras,MA,PEDREIRAS/MA,2108207,OK
Prata,MG,PRATA/MG,3152808,OK
Frecheirinha,CE,FRECHEIRINHA/CE,2304509,OK
Governador Valadares,MG,GOVERNADOR VALADARES/MG,3127701,OK
Bofete,SP,BOFETE/SP,3506904,OK
Deodápolis,MS,DEODAPOLIS/MS,5003454,OK
Afogados da Ingazeira,PE,AFOGADOS DA INGAZEIRA/PE,2600104,OK
Botuverá,SC,BOTUVERA/SC,4202701,OK
Águas Frias,SC,AGUAS FRIAS/SC,4200556,OK
Senhora dos Remédios,MG,SENHORA DOS REMEDIOS/MG,3166204,OK
Sarandi,PR,SARANDI/PR,4126256,OK
Moiporá,GO,MOIPORA/GO,5213400,OK
Entre Rios de Minas,MG,ENTRE RIOS DE MINAS/MG,3123908,OK
Divisa Nova,MG,DIVISA NOVA/MG,3122405,OK
Renascença,PR,RENASCENCA/PR,4121604,OK
Divinésia,MG,DIVINESIA/MG,3121902,OK
Canaã dos Carajás,PA,CANAA DOS CARAJAS/PA,1502152,OK
Várzea Grande,MT,VARZEA GRANDE/MT,5108402,OK
Mari,PB,MARI/PB,2509107,OK
São Joaquim de Bicas,MG,SAO JOAQUIM DE BICAS/MG,3162922,OK
Potengi,CE,POTENGI/CE,2311207,OK
Carrancas,MG,CARRANCAS/MG,3114600,OK
Caturaí,GO,CATURAI/GO,5205208,OK
Amparo,PB,AMPARO/PB,2500734,OK
Viana,ES,VIANA/ES,3205101,OK
Alumínio,SP,ALUMINIO/SP,3501152,OK
Doutor Pedrinho,SC,DOUTOR PEDRINHO/SC,4205159,OK
Arapuã,PR,ARAPUA/PR,4101655,OK
Boa Esperança do Iguaçu,PR,BOA ESPERANCA DO IGUACU/PR,4103024,OK
Varjão de Minas,MG,VARJAO DE MINAS/MG,3170750,OK
Mamonas,MG,MAMONAS/MG,3139250,OK
Goiás,GO,GOIAS/GO,5208905,OK
Indiavaí,MT,INDIAVAI/MT,5104500,OK
Guapé,MG,GUAPE/MG,3128105,OK
Pastos Bons,MA,PASTOS BONS/MA,2108009,OK
Nova Glória,GO,NOVA GLORIA/GO,5214861,OK
Espera Feliz,MG,ESPERA FELIZ/MG,3124203,OK
Bocaiúva,MG,BOCAIUVA/MG,3107307,OK
Forquilha,CE,FORQUILHA/CE,2304350,OK
Licínio de Almeida,BA,LICINIO DE ALMEIDA/BA,2919405,OK
Itarana,ES,ITARANA/ES,3202900,OK
Pinto Bandeira,RS,PINTO BANDEIRA/RS,4314548,OK
Taió,SC,TAIO/SC,4217808,OK
Dois Lajeados,RS,DOIS LAJEADOS/RS,4306452,OK
Araricá,RS,ARARICA/RS,4300877,OK
Santa Bárbara do Leste,MG,SANTA BARBARA DO LESTE/MG,3157252,OK
Igaratá,SP,IGARATA/SP,3520202,OK
Jandaia,GO,JANDAIA/GO,5211701,OK
Dores do Rio Preto,ES,DORES DO RIO PRETO/ES,3202009,OK
Acaiaca,MG,ACAIACA/MG,3100401,OK
Santo Antônio de Pádua,RJ,SANTO ANTONIO DE PADUA/RJ,3304706,OK
Mendes,RJ,MENDES/RJ,3302809,OK
Paraú,RN,PARAU/RN,2408706,OK
Jacuí,MG,JACUI/MG,3134806,OK
Bela Vista,MS,BELA VISTA/MS,5002100,OK
Carpina,PE,CARPINA/PE,2604007,OK
Marmelópolis,MG,MARMELOPOLIS/MG,3140407,OK
Maceió,AL,MACEIO/AL,2704302,OK
Abaeté,MG,ABAETE/MG,3100203,OK
Nova Olímpia,MT,NOVA OLIMPIA/MT,5106232,OK
Bom Jesus,RS,BOM JESUS/RS,4302303,OK
Seropédica,RJ,SEROPEDICA/RJ,3305554,OK
Itapé,BA,ITAPE/BA,2916203,OK
Araranguá,SC,ARARANGUA/SC,4201406,OK
Desterro de Entre Rios,MG,DESTERRO DE ENTRE RIOS/MG,3121407,OK
Jardim,MS,JARDIM/MS,5005004,OK
Colorado,RS,COLORADO/RS,4305603,OK
Mongaguá,SP,MONGAGUA/SP,3531100,OK
Lindóia do Sul,SC,LINDOIA DO SUL/SC,4209854,OK
Feira Nova,SE,FEIRA NOVA/SE,2802205,OK
Inhapim,MG,INHAPIM/MG,3130903,OK
Três Passos,RS,TRES PASSOS/RS,4321907,OK
Cristália,MG,CRISTALIA/MG,3120300,OK
Tenente Ananias,RN,TENENTE ANANIAS/RN,2414100,OK
Alto Araguaia,MT,ALTO ARAGUAIA/MT,5100300,OK
Mandaguaçu,PR,MANDAGUACU/PR,4114104,OK
Itapuca,RS,ITAPUCA/RS,4310579,OK
São Gonçalo do Piauí,PI,SAO GONCALO DO PIAUI/PI,2209807,OK
Lapa,PR,LAPA/PR,4113205,OK
Garuva,SC,GARUVA/SC,4205803,OK
Boa Hora,PI,BOA HORA/PI,2201770,OK
Mundo Novo,MS,MUNDO NOVO/MS,5005681,OK
Ivolândia,GO,IVOLANDIA/GO,5211602,OK
São João do Caiuá,PR,SAO JOAO DO CAIUA/PR,4124905,OK
Contenda,PR,CONTENDA/PR,4106209,OK
Nazarezinho,PB,NAZAREZINHO/PB,2510006,OK
Itapaci,GO,ITAPACI/GO,5210901,OK
Nova Prata do Iguaçu,PR,NOVA PRATA DO IGUACU/PR,4117255,OK
São Sebastião do Anta,MG,SAO SEBASTIAO DO ANTA/MG,3164472,OK
Santa Branca,SP,SANTA BRANCA/SP,3546009,OK
Rio Rufino,SC,RIO RUFINO/SC,4215059,OK
Nossa Senhora do Socorro,SE,NOSSA SENHORA DO SOCORRO/SE,2804805,OK
Candeias,MG,CANDEIAS/MG,3112000,OK
Pedro Afonso,TO,PEDRO AFONSO/TO,1716505,OK
Olho d'Água,PB,OLHO D AGUA/PB,2510402,OK
Cabeceira Grande,MG,CABECEIRA GRANDE/MG,3109451,OK
Mata Verde,MG,MATA VERDE/MG,3140555,OK
Guareí,SP,GUAREI/SP,3518503,OK
Coqueiro Baixo,RS,COQUEIRO BAIXO/RS,4305835,OK
Cruzmaltina,PR,CRUZMALTINA/PR,4106852,OK
Lajeado do Bugre,RS,LAJEADO DO BUGRE/RS,4311429,OK
Bom Sucesso,PR,BOM SUCESSO/PR,4103206,OK
Formoso,GO,FORMOSO/GO,5208103,OK
Carmolândia,TO,CARMOLANDIA/TO,1703883,OK
Sertanópolis,PR,SERTANOPOLIS/PR,4126504,OK
Cachoeira Alta,GO,CACHOEIRA ALTA/GO,5204102,OK
Uruana,GO,URUANA/GO,5221700,OK
Dom Macedo Costa,BA,DOM MACEDO COSTA/BA,2910206,OK
Ipê,RS,IPE/RS,4310439,OK
Coruripe,AL,CORURIPE/AL,2702306,OK
Itaquara,BA,ITAQUARA/BA,2916708,OK
Três Barras,SC,TRES BARRAS/SC,4218301,OK
Andradas,MG,ANDRADAS/MG,3102605,OK
Guanambi,BA,GUANAMBI/BA,2911709,OK
Miguel Pereira,RJ,MIGUEL PEREIRA/RJ,3302908,OK
Erval Velho,SC,ERVAL VELHO/SC,4205209,OK
Cambuci,RJ,CAMBUCI/RJ,3300902,OK
Lapão,BA,LAPAO/BA,2919157,OK
Meleiro,SC,MELEIRO/SC,4210803,OK
Caçu,GO,CACU/GO,5204300,OK
São Pedro da Cipa,MT,SAO PEDRO DA CIPA/MT,5107404,OK
Rafael Godeiro,RN,RAFAEL GODEIRO/RN,2410603,OK
Senador Georgino Avelino,RN,SENADOR GEORGINO AVELINO/RN,2413201,OK
Sede Nova,RS,SEDE NOVA/RS,4320230,OK
São Sebastião da Amoreira,PR,SAO SEBASTIAO DA AMOREIRA/PR,4126009,OK
Jaguaribe,CE,JAGUARIBE/CE,2306900,OK
Prado Ferreira,PR,PRADO FERREIRA/PR,4120333,OK
São Paulo do Potengi,RN,SAO PAULO DO POTENGI/RN,2412609,OK
São Luiz Gonzaga,RS,SAO LUIZ GONZAGA/RS,4318903,OK
Aruanã,GO,ARUANA/GO,5202502,OK
Petrolândia,PE,PETROLANDIA/PE,2611002,OK
Santo Antônio do Palma,RS,SANTO ANTONIO DO PALMA/RS,4317558,OK
Carmo de Minas,MG,CARMO DE MINAS/MG,3114105,OK
Petrópolis,RJ,PETROPOLIS/RJ,3303906,OK
Ponte Alta,SC,PONTE ALTA/SC,4213302,OK
Barra dos Coqueiros,SE,BARRA DOS COQUEIROS/SE,2800605,OK
Mutunópolis,GO,MUTUNOPOLIS/GO,5214101,OK
Areias,SP,AREIAS/SP,3503505,OK
Alto Bela Vista,SC,ALTO BELA VISTA/SC,4200754,OK
Valença,RJ,VALENCA/RJ,3306107,OK
Timon,MA,TIMON/MA,2112209,OK
Goianá,MG,GOIANA/MG,3127388,OK
São José do Jacuípe,BA,SAO JOSE DO JACUIPE/BA,2929370,OK
Coronel Fabriciano,MG,CORONEL FABRICIANO/MG,3119401,OK
Senador Firmino,MG,SENADOR FIRMINO/MG,3165701,OK
Tapira,MG,TAPIRA/MG,3168101,OK
Ichu,BA,ICHU/BA,2913309,OK
Nova Resende,MG,NOVA RESENDE/MG,3145109,OK
São Francisco de Goiás,GO,SAO FRANCISCO DE GOIAS/GO,5219902,OK
Francisco Ayres,PI,FRANCISCO AYRES/PI,2204105,OK
Senador José Bento,MG,SENADOR JOSE BENTO/MG,3165800,OK
Ariranha do Ivaí,PR,ARIRANHA DO IVAI/PR,4101853,OK
São Pedro do Iguaçu,PR,SAO PEDRO DO IGUACU/PR,4125753,OK
Floresta do Piauí,PI,FLORESTA DO PIAUI/PI,2203859,OK
Belém,AL,BELEM/AL,2700805,OK
Clevelândia,PR,CLEVELANDIA/PR,4105706,OK
Queimadas,PB,QUEIMADAS/PB,2512507,OK
São Miguel do Anta,MG,SAO MIGUEL DO ANTA/MG,3163805,OK
Joviânia,GO,JOVIANIA/GO,5212105,OK
Rio de Contas,BA,RIO DE CONTAS/BA,2926707,OK
Eugênio de Castro,RS,EUGENIO DE CASTRO/RS,4307831,OK
Paraúna,GO,PARAUNA/GO,5216403,OK
Marzagão,GO,MARZAGAO/GO,5212907,OK
Santa Isabel do Ivaí,PR,SANTA ISABEL DO IVAI/PR,4123709,OK
Jaguarão,RS,JAGUARAO/RS,4311007,OK
Agronômica,SC,AGRONOMICA/SC,4200309,OK
Divinópolis de Goiás,GO,DIVINOPOLIS DE GOIAS/GO,5208301,OK
Campos Belos,GO,CAMPOS BELOS/GO,5204904,OK
Itamarandiba,MG,ITAMARANDIBA/MG,3132503,OK
Lajinha,MG,LAJINHA/MG,3137700,OK
Cerejeiras,RO,CEREJEIRAS/RO,1100056,OK
Itatiba do Sul,RS,ITATIBA DO SUL/RS,4310702,OK
Nossa Senhora de Lourdes,SE,NOSSA SENHORA DE LOURDES/SE,2804706,OK
Rio Casca,MG,RIO CASCA/MG,3154903,OK
Fazenda Vilanova,RS,FAZENDA VILANOVA/RS,4308078,OK
Agrolândia,SC,AGROLANDIA/SC,4200200,OK
Janduís,RN,JANDUIS/RN,2405207,OK
Cantagalo,MG,CANTAGALO/MG,3112059,OK
Nova Marilândia,MT,NOVA MARILANDIA/MT,5108857,OK
Guia Lopes da Laguna,MS,GUIA LOPES DA LAGUNA/MS,5004106,OK
Quatro Irmãos,RS,QUATRO IRMAOS/RS,4315313,OK
Pinhalão,PR,PINHALAO/PR,4119202,OK
Virmond,PR,VIRMOND/PR,4128658,OK
Entre Folhas,MG,ENTRE FOLHAS/MG,3123858,OK
Treze de Maio,SC,TREZE DE MAIO/SC,4218400,OK
Catanduvas,PR,CATANDUVAS/PR,4105003,OK
Saudades,SC,SAUDADES/SC,4217303,OK
Barra de São Miguel,AL,BARRA DE SAO MIGUEL/AL,2700607,OK
Minduri,MG,MINDURI/MG,3141900,OK
Imbé de Minas,MG,IMBE DE MINAS/MG,3130556,OK
Viadutos,RS,VIADUTOS/RS,4322905,OK
Santana do São Francisco,SE,SANTANA DO SAO FRANCISCO/SE,2806404,OK
Macieira,SC,MACIEIRA/SC,4210050,OK
Santa Quitéria,CE,SANTA QUITERIA/CE,2312205,OK
Baixio,CE,BAIXIO/CE,2301802,OK
Ji-Paraná,RO,JI PARANA/RO,1100122,OK
Cumbe,SE,CUMBE/SE,2801900,OK
Nova Venécia,ES,NOVA VENECIA/ES,3203908,OK
Campo Alegre de Goiás,GO,CAMPO ALEGRE DE GOIAS/GO,5204805,OK
São José do Brejo do Cruz,PB,SAO JOSE DO BREJO DO CRUZ/PB,2514651,OK
Carlópolis,PR,CARLOPOLIS/PR,4104709,OK
Guarani,MG,GUARANI/MG,3128402,OK
Pontalina,GO,PONTALINA/GO,5217708,OK
Balneário Rincão,SC,BALNEARIO RINCAO/SC,4220000,OK
Rio Branco,MT,RIO BRANCO/MT,5107206,OK
Miguel Leão,PI,MIGUEL LEAO/PI,2206308,OK
Lobato,PR,LOBATO/PR,4113601,OK
Cunha,SP,CUNHA/SP,3513603,OK
Bom Jesus de Goiás,GO,BOM JESUS DE GOIAS/GO,5203500,OK
Fundão,ES,FUNDAO/ES,3202207,OK
Russas,CE,RUSSAS/CE,2311801,OK
Santa Rosa de Goiás,GO,SANTA ROSA DE GOIAS/GO,5219506,OK
Bom Jesus,SC,BOM JESUS/SC,4202537,OK
Bela Vista do Paraíso,PR,BELA VISTA DO PARAISO/PR,4102802,OK
Bocaina,PI,BOCAINA/PI,2201804,OK
Caetité,BA,CAETITE/BA,2905206,OK
Bom Jesus do Amparo,MG,BOM JESUS DO AMPARO/MG,3107703,OK
Uibaí,BA,UIBAI/BA,2932408,OK
Roque Gonzales,RS,ROQUE GONZALES/RS,4316303,OK
Conceição das Pedras,MG,CONCEICAO DAS PEDRAS/MG,3117207,OK
Inocência,MS,INOCENCIA/MS,5004403,OK
Piquete,SP,PIQUETE/SP,3538501,OK
Salto Grande,SP,SALTO GRANDE/SP,3545407,OK
Balneário Barra do Sul,SC,BALNEARIO BARRA DO SUL/SC,4202057,OK
Serra do Salitre,MG,SERRA DO SALITRE/MG,3166808,OK
São Domingos do Prata,MG,SAO DOMINGOS DO PRATA/MG,3161007,OK
Guarujá do Sul,SC,GUARUJA DO SUL/SC,4206603,OK
Lagoa d'Anta,RN,LAGOA D ANTA/RN,2406205,OK
Barra do Quaraí,RS,BARRA DO QUARAI/RS,4301875,OK
Simão Pereira,MG,SIMAO PEREIRA/MG,3167509,OK
Sobradinho,RS,SOBRADINHO/RS,4320701,OK
Santo Antônio do Sudoeste,PR,SANTO ANTONIO DO SUDOESTE/PR,4124400,OK
Crucilândia,MG,CRUCILANDIA/MG,3120607,OK
Alegrete,RS,ALEGRETE/RS,4300406,OK
Pratinha,MG,PRATINHA/MG,3153004,OK
Diorama,GO,DIORAMA/GO,5207105,OK
Itaobim,MG,ITAOBIM/MG,3133303,OK
Gália,SP,GALIA/SP,3516606,OK
Funilândia,MG,FUNILANDIA/MG,3127206,OK
Brasileira,PI,BRASILEIRA/PI,2201960,OK
Ciríaco,RS,CIRIACO/RS,4305504,OK
Jaraguá,GO,JARAGUA/GO,5211800,OK
Lavras da Mangabeira,CE,LAVRAS DA MANGABEIRA/CE,2307502,OK
Peabiru,PR,PEABIRU/PR,4118808,OK
Chã Preta,AL,CHA PRETA/AL,2701902,OK
Trombas,GO,TROMBAS/GO,5221452,OK
Alagoa,MG,ALAGOA/MG,3101300,OK
Pacoti,CE,PACOTI/CE,2309805,OK
Rosário do Sul,RS,ROSARIO DO SUL/RS,4316402,OK
São José do Mantimento,MG,SAO JOSE DO MANTIMENTO/MG,3163607,OK
Remígio,PB,REMIGIO/PB,2512705,OK
Palmitinho,RS,PALMITINHO/RS,4313805,OK
Guiratinga,MT,GUIRATINGA/MT,5104203,OK
Bom Jesus do Itabapoana,RJ,BOM JESUS DO ITABAPOANA/RJ,3300605,OK
Lucrécia,RN,LUCRECIA/RN,2406908,OK
Vargem Bonita,MG,VARGEM BONITA/MG,3170602,OK
Caldazinha,GO,CALDAZINHA/GO,5204557,OK
Caculé,BA,CACULE/BA,2905008,OK
Açailândia,MA,ACAILANDIA/MA,2100055,OK
Santana dos Garrotes,PB,SANTANA DOS GARROTES/PB,2513604,OK
Baixo Guandu,ES,BAIXO GUANDU/ES,3200805,OK
Vitória da Conquista,BA,VITORIA DA CONQUISTA/BA,2933307,OK
Biritiba Mirim,SP,BIRITIBA MIRIM/SP,3506607,OK
Itaporã,MS,ITAPORA/MS,5004502,OK
Cubatão,SP,CUBATAO/SP,3513504,OK
Apiúna,SC,APIUNA/SC,4201257,OK
Santa Cruz do Escalvado,MG,SANTA CRUZ DO ESCALVADO/MG,3157401,OK
Coronel Murta,MG,CORONEL MURTA/MG,3119500,OK
Bom Princípio do Piauí,PI,BOM PRINCIPIO DO PIAUI/PI,2201919,OK
Senhora de Oliveira,MG,SENHORA DE OLIVEIRA/MG,3166006,OK
Desterro do Melo,MG,DESTERRO DO MELO/MG,3121506,OK
Baturité,CE,BATURITE/CE,2302107,OK
Porto Xavier,RS,PORTO XAVIER/RS,4315107,OK
Itapura,SP,ITAPURA/SP,3523008,OK
São Sebastião do Umbuzeiro,PB,SAO SEBASTIAO DO UMBUZEIRO/PB,2515203,OK
Umari,CE,UMARI/CE,2313708,OK
Independência,RS,INDEPENDENCIA/RS,4310405,OK
Boqueirão do Piauí,PI,BOQUEIRAO DO PIAUI/PI,2201945,OK
São Miguel do Iguaçu,PR,SAO MIGUEL DO IGUACU/PR,4125704,OK
Palmeira,SC,PALMEIRA/SC,4212056,OK
Xanxerê,SC,XANXERE/SC,4219507,OK
Estrela do Indaiá,MG,ESTRELA DO INDAIA/MG,3124708,OK
Ressaquinha,MG,RESSAQUINHA/MG,3154408,OK
Campos Novos Paulista,SP,CAMPOS NOVOS PAULISTA/SP,3509809,OK
Campinaçu,GO,CAMPINACU/GO,5204656,OK
Pedra Preta,MT,PEDRA PRETA/MT,5106372,OK
Chiador,MG,CHIADOR/MG,3116209,OK
Belágua,MA,BELAGUA/MA,2101731,OK
Nova Guarita,MT,NOVA GUARITA/MT,5108808,OK
Olinda,PE,OLINDA/PE,2609600,OK
Taiobeiras,MG,TAIOBEIRAS/MG,3168002,OK
Icaraíma,PR,ICARAIMA/PR,4109906,OK
Onça de Pitangui,MG,ONCA DE PITANGUI/MG,3145802,OK
Três Forquilhas,RS,TRES FORQUILHAS/RS,4321832,OK
Argirita,MG,ARGIRITA/MG,3104403,OK
Curral de Dentro,MG,CURRAL DE DENTRO/MG,3120870,OK
Santa Cruz,RN,SANTA CRUZ/RN,2411205,OK
Mateus Leme,MG,MATEUS LEME/MG,3140704,OK
Terezópolis de Goiás,GO,TEREZOPOLIS DE GOIAS/GO,5221197,OK
Arabutã,SC,ARABUTA/SC,4201273,OK
Iguatu,PR,IGUATU/PR,4110052,OK
Romelândia,SC,ROMELANDIA/SC,4215208,OK
Jaboticaba,RS,JABOTICABA/RS,4310850,OK
Barbalha,CE,BARBALHA/CE,2301901,OK
Santa Cecília do Pavão,PR,SANTA CECILIA DO PAVAO/PR,4123204,OK
Sapucaia,RJ,SAPUCAIA/RJ,3305406,OK
Divino das Laranjeiras,MG,DIVINO DAS LARANJEIRAS/MG,3122108,OK
Canhotinho,PE,CANHOTINHO/PE,2603702,OK
Arenápolis,MT,ARENAPOLIS/MT,5101308,OK
Juazeirinho,PB,JUAZEIRINHO/PB,2507705,OK
Várzea Alegre,CE,VARZEA ALEGRE/CE,2314003,OK
Ribas do Rio Pardo,MS,RIBAS DO RIO PARDO/MS,5007109,OK
Tangará da Serra,MT,TANGARA DA SERRA/MT,5107958,OK
Ouro Verde de Goiás,GO,OURO VERDE DE GOIAS/GO,5215405,OK
Bonito,MS,BONITO/MS,5002209,OK
Unistalda,RS,UNISTALDA/RS,4322376,OK
Patrocínio do Muriaé,MG,PATROCINIO DO MURIAE/MG,3148202,OK
Laranjeiras do Sul,PR,LARANJEIRAS DO SUL/PR,4113304,OK
João Costa,PI,JOAO COSTA/PI,2205359,OK
Espírito Santo,RN,ESPIRITO SANTO/RN,2403509,OK
Japira,PR,JAPIRA/PR,4112306,OK
Brumadinho,MG,BRUMADINHO/MG,3109006,OK
Espumoso,RS,ESPUMOSO/RS,4307500,OK
Itutinga,MG,ITUTINGA/MG,3134509,OK
Garruchos,RS,GARRUCHOS/RS,4308656,OK
Correntes,PE,CORRENTES/PE,2604700,OK
Palminópolis,GO,PALMINOPOLIS/GO,5215900,OK
Tanque d'Arca,AL,TANQUE D ARCA/AL,2709004,OK
Porto Vera Cruz,RS,PORTO VERA CRUZ/RS,4315073,OK
Cardoso Moreira,RJ,CARDOSO MOREIRA/RJ,3301157,OK
Redenção,CE,REDENCAO/CE,2311603,OK
Campo do Tenente,PR,CAMPO DO TENENTE/PR,4104105,OK
Santa Bárbara do Sul,RS,SANTA BARBARA DO SUL/RS,4316709,OK
Canápolis,MG,CANAPOLIS/MG,3111804,OK
Passabém,MG,PASSABEM/MG,3147501,OK
Ibipeba,BA,IBIPEBA/BA,2912400,OK
Paineiras,MG,PAINEIRAS/MG,3146404,OK
Carangola,MG,CARANGOLA/MG,3113305,OK
Campina da Lagoa,PR,CAMPINA DA LAGOA/PR,4103909,OK
Rolante,RS,ROLANTE/RS,4316006,OK
Jussiape,BA,JUSSIAPE/BA,2918605,OK
São Sebastião do Caí,RS,SAO SEBASTIAO DO CAI/RS,4319505,OK
Potim,SP,POTIM/SP,3540754,OK
Chapadão do Lageado,SC,CHAPADAO DO LAGEADO/SC,4204194,OK
Soure,PA,SOURE/PA,1507904,OK
Itabirinha,MG,ITABIRINHA/MG,3131802,OK
Santo Antônio do Paraíso,PR,SANTO ANTONIO DO PARAISO/PR,4124301,OK
Ibatiba,ES,IBATIBA/ES,3202454,OK
Nova Módica,MG,NOVA MODICA/MG,3144904,OK
Ituporanga,SC,ITUPORANGA/SC,4208500,OK
Orizona,GO,ORIZONA/GO,5215306,OK
Igarassu,PE,IGARASSU/PE,2606804,OK
Santa Cruz dos Milagres,PI,SANTA CRUZ DOS MILAGRES/PI,2209153,OK
Tibau do Sul,RN,TIBAU DO SUL/RN,2414209,OK
Morro do Pilar,MG,MORRO DO PILAR/MG,3143708,OK
Urucurituba,AM,URUCURITUBA/AM,1304401,OK
Marmeleiro,PR,MARMELEIRO/PR,4115408,OK
Arantina,MG,ARANTINA/MG,3103603,OK
Oeiras,PI,OEIRAS/PI,2207009,OK
São José do Vale do Rio Preto,RJ,SAO JOSE DO VALE DO RIO PRETO/RJ,3305158,OK
Mara Rosa,GO,MARA ROSA/GO,5212808,OK
Juazeiro,BA,JUAZEIRO/BA,2918407,OK
Campo Novo do Parecis,MT,CAMPO NOVO DO PARECIS/MT,5102637,OK
Derrubadas,RS,DERRUBADAS/RS,4306320,OK
Cruz das Almas,BA,CRUZ DAS ALMAS/BA,2909802,OK
Bezerros,PE,BEZERROS/PE,2601904,OK
Verdejante,PE,VERDEJANTE/PE,2616100,OK
São Roque do Canaã,ES,SAO ROQUE DO CANAA/ES,3204955,OK
Olivedos,PB,OLIVEDOS/PB,2510501,OK
Hidrolândia,CE,HIDROLANDIA/CE,2305209,OK
Pedra Branca,PB,PEDRA BRANCA/PB,2511004,OK
Três Palmeiras,RS,TRES PALMEIRAS/RS,4321857,OK
Planaltina,GO,PLANALTINA/GO,5217609,OK
Dona Emma,SC,DONA EMMA/SC,4205100,OK
Altaneira,CE,ALTANEIRA/CE,2300606,OK
Cuitegi,PB,CUITEGI/PB,2505204,OK
Miracatu,SP,MIRACATU/SP,3529906,OK
São Miguel da Baixa Grande,PI,SAO MIGUEL DA BAIXA GRANDE/PI,2210383,OK
São Domingos,PB,SAO DOMINGOS/PB,2513968,OK
Lajes,RN,LAJES/RN,2406700,OK
Santa Cecília do Sul,RS,SANTA CECILIA DO SUL/RS,4316733,OK
Tocantins,MG,TOCANTINS/MG,3169000,OK
Cruzeiro do Sul,PR,CRUZEIRO DO SUL/PR,4106704,OK
Poço Fundo,MG,POCO FUNDO/MG,3151701,OK
São Francisco do Conde,BA,SAO FRANCISCO DO CONDE/BA,2929206,OK
Alexandria,RN,ALEXANDRIA/RN,2400505,OK
Major Sales,RN,MAJOR SALES/RN,2407252,OK
Bonito de Santa Fé,PB,BONITO DE SANTA FE/PB,2502409,OK
Cunhataí,SC,CUNHATAI/SC,4204756,OK
Jequitinhonha,MG,JEQUITINHONHA/MG,3135803,OK
Porto Barreiro,PR,PORTO BARREIRO/PR,4120150,OK
Pindoretama,CE,PINDORETAMA/CE,2310852,OK
Sangão,SC,SANGAO/SC,4215455,OK
Pedra Mole,SE,PEDRA MOLE/SE,2805000,OK
Jaíba,MG,JAIBA/MG,3135050,OK
Ipaumirim,CE,IPAUMIRIM/CE,2305704,OK
Irecê,BA,IRECE/BA,2914604,OK
Iporã,PR,IPORA/PR,4110607,OK
Castilho,SP,CASTILHO/SP,3511003,OK
Guatambú,SC,GUATAMBU/SC,4206652,OK
Anchieta,SC,ANCHIETA/SC,4200804,OK
Alegrete do Piauí,PI,ALEGRETE DO PIAUI/PI,2200277,OK
José da Penha,RN,JOSE DA PENHA/RN,2406007,OK
Viamão,RS,VIAMAO/RS,4323002,OK
Capão da Canoa,RS,CAPAO DA CANOA/RS,4304630,OK
Carazinho,RS,CARAZINHO/RS,4304705,OK
Bugre,MG,BUGRE/MG,3109253,OK
Rodeiro,MG,RODEIRO/MG,3156304,OK
Iguaba Grande,RJ,IGUABA GRANDE/RJ,3301876,OK
Caiçara,PB,CAICARA/PB,2503605,OK
Felipe Guerra,RN,FELIPE GUERRA/RN,2403707,OK
Jacuizinho,RS,JACUIZINHO/RS,4310876,OK
Serra Azul,SP,SERRA AZUL/SP,3551405,OK
Turuçu,RS,TURUCU/RS,4322327,OK
Coxixola,PB,COXIXOLA/PB,2504850,OK
Apodi,RN,APODI/RN,2401008,OK
Lajes Pintadas,RN,LAJES PINTADAS/RN,2406809,OK
Várzea da Palma,MG,VARZEA DA PALMA/MG,3170800,OK
São Jerônimo,RS,SAO JERONIMO/RS,4318408,OK
São Sepé,RS,SAO SEPE/RS,4319604,OK
Piranguçu,MG,PIRANGUCU/MG,3150901,OK
Delfinópolis,MG,DELFINOPOLIS/MG,3121209,OK
Paty do Alferes,RJ,PATY DO ALFERES/RJ,3303856,OK
Cascalho Rico,MG,CASCALHO RICO/MG,3115003,OK
Maracás,BA,MARACAS/BA,2920502,OK
Jardim,CE,JARDIM/CE,2307106,OK
Vista Alegre,RS,VISTA ALEGRE/RS,4323507,OK
Barra do Piraí,RJ,BARRA DO PIRAI/RJ,3300308,OK
Parobé,RS,PAROBE/RS,4314050,OK
Igaporã,BA,IGAPORA/BA,2913408,OK
Santa Maria do Suaçuí,MG,SANTA MARIA DO SUACUI/MG,3158201,OK
Imperatriz,MA,IMPERATRIZ/MA,2105302,OK
Ribeirão Branco,SP,RIBEIRAO BRANCO/SP,3543006,OK
Conceição da Aparecida,MG,CONCEICAO DA APARECIDA/MG,3117108,OK
Jundiaí do Sul,PR,JUNDIAI DO SUL/PR,4112900,OK
Catolândia,BA,CATOLANDIA/BA,2907400,OK
Atalanta,SC,ATALANTA/SC,4201802,OK
Diogo de Vasconcelos,MG,DIOGO DE VASCONCELOS/MG,3121704,OK
Paramirim,BA,PARAMIRIM/BA,2923605,OK
Engenheiro Paulo de Frontin,RJ,ENGENHEIRO PAULO DE FRONTIN/RJ,3301801,OK
Ervália,MG,ERVALIA/MG,3124005,OK
Marcos Parente,PI,MARCOS PARENTE/PI,2206001,OK
Água Nova,RN,AGUA NOVA/RN,2400406,OK
Bom Retiro do Sul,RS,BOM RETIRO DO SUL/RS,4302402,OK
Araruna,PB,ARARUNA/PB,2501005,OK
Rebouças,PR,REBOUCAS/PR,4121505,OK
Bom Conselho,PE,BOM CONSELHO/PE,2602100,OK
Estiva,MG,ESTIVA/MG,3124500,OK
Costa Rica,MS,COSTA RICA/MS,5003256,OK
Arvoredo,SC,ARVOREDO/SC,4201653,OK
Poço Dantas,PB,POCO DANTAS/PB,2512036,OK
Arinos,MG,ARINOS/MG,3104502,OK
Pirenópolis,GO,PIRENOPOLIS/GO,5217302,OK
Malta,PB,MALTA/PB,2508802,OK
Macarani,BA,MACARANI/BA,2919702,OK
Abaiara,CE,ABAIARA/CE,2300101,OK
Nerópolis,GO,NEROPOLIS/GO,5214507,OK
Quinta do Sol,PR,QUINTA DO SOL/PR,4121109,OK
Liberdade,MG,LIBERDADE/MG,3138500,OK
Rio Grande,RS,RIO GRANDE/RS,4315602,OK
Almirante Tamandaré,PR,ALMIRANTE TAMANDARE/PR,4100400,OK
Santa Maria do Herval,RS,SANTA MARIA DO HERVAL/RS,4316956,OK
Andrelândia,MG,ANDRELANDIA/MG,3102803,OK
Inaciolândia,GO,INACIOLANDIA/GO,5209937,OK
Cezarina,GO,CEZARINA/GO,5205455,OK
Massapê,CE,MASSAPE/CE,2308005,OK
Buri,SP,BURI/SP,3508009,OK
Lucas do Rio Verde,MT,LUCAS DO RIO VERDE/MT,5105259,OK
Vale de São Domingos,MT,VALE DE SAO DOMINGOS/MT,5108352,OK
Novo Planalto,GO,NOVO PLANALTO/GO,5215256,OK
Nossa Senhora Aparecida,SE,NOSSA SENHORA APARECIDA/SE,2804458,OK
Santa Bárbara do Tugúrio,MG,SANTA BARBARA DO TUGURIO/MG,3157302,OK
Caraúbas,PB,CARAUBAS/PB,2504074,OK
Açu,RN,ACU/RN,2400208,OK
Brumado,BA,BRUMADO/BA,2904605,OK
Aparecida do Rio Doce,GO,APARECIDA DO RIO DOCE/GO,5201454,OK
Espinosa,MG,ESPINOSA/MG,3124302,OK
Bom Retiro,SC,BOM RETIRO/SC,4202602,OK
Macau,RN,MACAU/RN,2407203,OK
Simão Dias,SE,SIMAO DIAS/SE,2807105,OK
Miradouro,MG,MIRADOURO/MG,3142106,OK
Morro Redondo,RS,MORRO REDONDO/RS,4312450,OK
Palmópolis,MG,PALMOPOLIS/MG,3146750,OK
Paranaiguara,GO,PARANAIGUARA/GO,5216304,OK
Estância,SE,ESTANCIA/SE,2802106,OK
Aiquara,BA,AIQUARA/BA,2900603,OK
Paripiranga,BA,PARIPIRANGA/BA,2923803,OK
Patu,RN,PATU/RN,2409308,OK
Montanha,ES,MONTANHA/ES,3203502,OK
Capão do Cipó,RS,CAPAO DO CIPO/RS,4304655,OK
Irati,SC,IRATI/SC,4207858,OK
Água Branca,PI,AGUA BRANCA/PI,2200202,OK
São Francisco de Sales,MG,SAO FRANCISCO DE SALES/MG,3161304,OK
Rio dos Cedros,SC,RIO DOS CEDROS/SC,4214706,OK
Guamiranga,PR,GUAMIRANGA/PR,4108957,OK
Bonito,PE,BONITO/PE,2602308,OK
Itanhomi,MG,ITANHOMI/MG,3133204,OK
Itajá,RN,ITAJA/RN,2404853,OK
Montezuma,MG,MONTEZUMA/MG,3143450,OK
Campos Novos,SC,CAMPOS NOVOS/SC,4203600,OK
Corumbá,MS,CORUMBA/MS,5003207,OK
Pescaria Brava,SC,PESCARIA BRAVA/SC,4212650,OK
Santa Izabel do Oeste,PR,SANTA IZABEL DO OESTE/PR,4123808,OK
Águas Mornas,SC,AGUAS MORNAS/SC,4200606,OK
Araruama,RJ,ARARUAMA/RJ,3300209,OK
Mirador,PR,MIRADOR/PR,4115903,OK
Barão de Cocais,MG,BARAO DE COCAIS/MG,3105400,OK
Mairiporã,SP,MAIRIPORA/SP,3528502,OK
Jacinto Machado,SC,JACINTO MACHADO/SC,4208708,OK
Alvorada,TO,ALVORADA/TO,1700707,OK
Sapopema,PR,SAPOPEMA/PR,4126207,OK
Resplendor,MG,RESPLENDOR/MG,3154309,OK
Campo do Brito,SE,CAMPO DO BRITO/SE,2801009,OK
Carmo da Cachoeira,MG,CARMO DA CACHOEIRA/MG,3113909,OK
Torres,RS,TORRES/RS,4321501,OK
Itariri,SP,ITARIRI/SP,3523305,OK
Barro Duro,PI,BARRO DURO/PI,2201408,OK
Euclides da Cunha Paulista,SP,EUCLIDES DA CUNHA PAULISTA/SP,3515350,OK
Cambará do Sul,RS,CAMBARA DO SUL/RS,4303608,OK
Meruoca,CE,MERUOCA/CE,2308203,OK
Sucupira,TO,SUCUPIRA/TO,1720853,OK
Rodeio,SC,RODEIO/SC,4215109,OK
Princesa Isabel,PB,PRINCESA ISABEL/PB,2512309,OK
Passa e Fica,RN,PASSA E FICA/RN,2409100,OK
Visconde do Rio Branco,MG,VISCONDE DO RIO BRANCO/MG,3172004,OK
Toledo,MG,TOLEDO/MG,3169109,OK
Rosário da Limeira,MG,ROSARIO DA LIMEIRA/MG,3156452,OK
Bonfim,MG,BONFIM/MG,3108107,OK
Castro,PR,CASTRO/PR,4104907,OK
Pinhalzinho,SP,PINHALZINHO/SP,3538204,OK
Santa Helena,PR,SANTA HELENA/PR,4123501,OK
Matos Costa,SC,MATOS COSTA/SC,4210704,OK
Campos de Júlio,MT,CAMPOS DE JULIO/MT,5102686,OK
Pequi,MG,PEQUI/MG,3149606,OK
Inhaúma,MG,INHAUMA/MG,3131000,OK
Lagoinha,SP,LAGOINHA/SP,3526308,OK
Cabo Verde,MG,CABO VERDE/MG,3109501,OK
Santo Amaro das Brotas,SE,SANTO AMARO DAS BROTAS/SE,2806602,OK
Coxim,MS,COXIM/MS,5003306,OK
Ibiracatu,MG,IBIRACATU/MG,3129657,OK
Rio Paranaíba,MG,RIO PARANAIBA/MG,3155504,OK
Pouso Novo,RS,POUSO NOVO/RS,4315131,OK
Tamandaré,PE,TAMANDARE/PE,2614857,OK
Princesa,SC,PRINCESA/SC,4214151,OK
Tamboril,CE,TAMBORIL/CE,2313203,OK
Paulo Afonso,BA,PAULO AFONSO/BA,2924009,OK
Silveira Martins,RS,SILVEIRA MARTINS/RS,4320651,OK
Virgolândia,MG,VIRGOLANDIA/MG,3171907,OK
Guidoval,MG,GUIDOVAL/MG,3128808,OK
Nova Canaã do Norte,MT,NOVA CANAA DO NORTE/MT,5106216,OK
Camaquã,RS,CAMAQUA/RS,4303509,OK
General Salgado,SP,GENERAL SALGADO/SP,3516903,OK
Lunardelli,PR,LUNARDELLI/PR,4113759,OK
Campos Borges,RS,CAMPOS BORGES/RS,4304101,OK
Rio do Oeste,SC,RIO DO OESTE/SC,4214607,OK
Sumé,PB,SUME/PB,2516300,OK
Piripiri,PI,PIRIPIRI/PI,2208403,OK
Croatá,CE,CROATA/CE,2304236,OK
São José do Piauí,PI,SAO JOSE DO PIAUI/PI,2210201,OK
Pariconha,AL,PARICONHA/AL,2706422,OK
Pedra do Anta,MG,PEDRA DO ANTA/MG,3148806,OK
Ararendá,CE,ARARENDA/CE,2301257,OK
Barão de Monte Alto,MG,BARAO DE MONTE ALTO/MG,3105509,OK
Varre-Sai,RJ,VARRE SAI/RJ,3306156,OK
Leopoldo de Bulhões,GO,LEOPOLDO DE BULHOES/GO,5212303,OK
José de Freitas,PI,JOSE DE FREITAS/PI,2205508,OK
Caparaó,MG,CAPARAO/MG,3112109,OK
Fronteiras,PI,FRONTEIRAS/PI,2204303,OK
Igaracy,PB,IGARACY/PB,2502607,OK
Pirapora do Bom Jesus,SP,PIRAPORA DO BOM JESUS/SP,3539103,OK
Raul Soares,MG,RAUL SOARES/MG,3154002,OK
Pompéu,MG,POMPEU/MG,3152006,OK
Ipumirim,SC,IPUMIRIM/SC,4207700,OK
Buriti Alegre,GO,BURITI ALEGRE/GO,5203906,OK
Amaturá,AM,AMATURA/AM,1300060,OK
Afonso Cláudio,ES,AFONSO CLAUDIO/ES,3200102,OK
São João da Varjota,PI,SAO JOAO DA VARJOTA/PI,2209955,OK
Jaguaribara,CE,JAGUARIBARA/CE,2306801,OK
Embu-Guaçu,SP,EMBU GUACU/SP,3515103,OK
Enéas Marques,PR,ENEAS MARQUES/PR,4107405,OK
Guaraí,TO,GUARAI/TO,1709302,OK
Caiana,MG,CAIANA/MG,3110103,OK
Brasilândia do Sul,PR,BRASILANDIA DO SUL/PR,4103370,OK
Ribeirópolis,SE,RIBEIROPOLIS/SE,2806008,OK
Ipiranga do Sul,RS,IPIRANGA DO SUL/RS,4310462,OK
Ibertioga,MG,IBERTIOGA/MG,3129400,OK
Gonçalves,MG,GONCALVES/MG,3127404,OK
Itaqui,RS,ITAQUI/RS,4310603,OK
Vieirópolis,PB,VIEIROPOLIS/PB,2517209,OK
Érico Cardoso,BA,ERICO CARDOSO/BA,2900504,OK
Santa Cruz,PB,SANTA CRUZ/PB,2513208,OK
Canaã,MG,CANAA/MG,3111705,OK
Imbituva,PR,IMBITUVA/PR,4110102,OK
Serrinha dos Pintos,RN,SERRINHA DOS PINTOS/RN,2413557,OK
Limoeiro do Norte,CE,LIMOEIRO DO NORTE/CE,2307601,OK
São José do Goiabal,MG,SAO JOSE DO GOIABAL/MG,3163409,OK
Porto Nacional,TO,PORTO NACIONAL/TO,1718204,OK
Itaguaçu,ES,ITAGUACU/ES,3202702,OK
Barra Bonita,SC,BARRA BONITA/SC,4202099,OK
Serra Branca,PB,SERRA BRANCA/PB,2515500,OK
Candeias,BA,CANDEIAS/BA,2906501,OK
Pinhal de São Bento,PR,PINHAL DE SAO BENTO/PR,4119251,OK
Salto do Lontra,PR,SALTO DO LONTRA/PR,4123006,OK
Campina Grande do Sul,PR,CAMPINA GRANDE DO SUL/PR,4104006,OK
Messias Targino,RN,MESSIAS TARGINO/RN,2407609,OK
Palma Sola,SC,PALMA SOLA/SC,4212007,OK
Maurilândia,GO,MAURILANDIA/GO,5213004,OK
São Gonçalo do Abaeté,MG,SAO GONCALO DO ABAETE/MG,3161700,OK
Santa Cruz de Monte Castelo,PR,SANTA CRUZ DE MONTE CASTELO/PR,4123303,OK
Coronel Vivida,PR,CORONEL VIVIDA/PR,4106506,OK
Terra Santa,PA,TERRA SANTA/PA,1507979,OK
São Sebastião do Alto,RJ,SAO SEBASTIAO DO ALTO/RJ,3305307,OK
Capinópolis,MG,CAPINOPOLIS/MG,3112604,OK
Ibititá,BA,IBITITA/BA,2913101,OK
Canelinha,SC,CANELINHA/SC,4203709,OK
Mozarlândia,GO,MOZARLANDIA/GO,5214002,OK
Luiz Alves,SC,LUIZ ALVES/SC,4210001,OK
Esperança do Sul,RS,ESPERANCA DO SUL/RS,4307450,OK
São José de Ubá,RJ,SAO JOSE DE UBA/RJ,3305133,OK
Pintadas,BA,PINTADAS/BA,2924652,OK
Ibiara,PB,IBIARA/PB,2506608,OK
Mãe d'Água,PB,MAE D AGUA/PB,2508703,OK
Califórnia,PR,CALIFORNIA/PR,4103503,OK
Mesquita,MG,MESQUITA/MG,3141702,OK
Iraceminha,SC,IRACEMINHA/SC,4207759,OK
Porecatu,PR,PORECATU/PR,4120002,OK
Ferreiros,PE,FERREIROS/PE,2605509,OK
Lamim,MG,LAMIM/MG,3137908,OK
Parari,PB,PARARI/PB,2510659,OK
Carbonita,MG,CARBONITA/MG,3113503,OK
Nova Porteirinha,MG,NOVA PORTEIRINHA/MG,3145059,OK
Guaraciama,MG,GUARACIAMA/MG,3128253,OK
Juarina,TO,JUARINA/TO,1711803,OK
Tabira,PE,TABIRA/PE,2614600,OK
Brejo do Cruz,PB,BREJO DO CRUZ/PB,2502805,OK
Posse,GO,POSSE/GO,5218300,OK
Aparecida do Rio Negro,TO,APARECIDA DO RIO NEGRO/TO,1701101,OK
Lagoa Vermelha,RS,LAGOA VERMELHA/RS,4311304,OK
Maria Helena,PR,MARIA HELENA/PR,4114708,OK
Piedade de Caratinga,MG,PIEDADE DE CARATINGA/MG,3150158,OK
Fátima do Sul,MS,FATIMA DO SUL/MS,5003801,OK
Ouro Verde,SC,OURO VERDE/SC,4211850,OK
Floriano,PI,FLORIANO/PI,2203909,OK
Porto Vitória,PR,PORTO VITORIA/PR,4120309,OK
São Martinho,RS,SAO MARTINHO/RS,4319109,OK
Itaocara,RJ,ITAOCARA/RJ,3302106,OK
Bayeux,PB,BAYEUX/PB,2501807,OK
Cajati,SP,CAJATI/SP,3509254,OK
Rafael Fernandes,RN,RAFAEL FERNANDES/RN,2410504,OK
São Jorge d'Oeste,PR,SAO JORGE D OESTE/PR,4125209,OK
Pingo-d'Água,MG,PINGO D AGUA/MG,3150539,OK
Tapejara,PR,TAPEJARA/PR,4126801,OK
Ivinhema,MS,IVINHEMA/MS,5004700,OK
Marumbi,PR,MARUMBI/PR,4115507,OK
Vila Nova do Piauí,PI,VILA NOVA DO PIAUI/PI,2211605,OK
Nova Iguaçu,RJ,NOVA IGUACU/RJ,3303500,OK
Correia Pinto,SC,CORREIA PINTO/SC,4204558,OK
Restinga Sêca,RS,RESTINGA SECA/RS,4315503,OK
Quitandinha,PR,QUITANDINHA/PR,4121208,OK
Maricá,RJ,MARICA/RJ,3302700,OK
Paraíso do Sul,RS,PARAISO DO SUL/RS,4314027,OK
Santa Rita do Araguaia,GO,SANTA RITA DO ARAGUAIA/GO,5219407,OK
Campo do Meio,MG,CAMPO DO MEIO/MG,3111309,OK
Montadas,PB,MONTADAS/PB,2509503,OK
Cassilândia,MS,CASSILANDIA/MS,5002902,OK
Teixeira Soares,PR,TEIXEIRA SOARES/PR,4127007,OK
Feira de Santana,BA,FEIRA DE SANTANA/BA,2910800,OK
Anitápolis,SC,ANITAPOLIS/SC,4201109,OK
Balneário Arroio do Silva,SC,BALNEARIO ARROIO DO SILVA/SC,4201950,OK
Sigefredo Pacheco,PI,SIGEFREDO PACHECO/PI,2210656,OK
São Miguel dos Milagres,AL,SAO MIGUEL DOS MILAGRES/AL,2708709,OK
Piedade dos Gerais,MG,PIEDADE DOS GERAIS/MG,3150406,OK
Passagem,RN,PASSAGEM/RN,2409209,OK
Descanso,SC,DESCANSO/SC,4204905,OK
Vila Lângaro,RS,VILA LANGARO/RS,4323358,OK
Paranaíba,MS,PARANAIBA/MS,5006309,OK
Caracol,MS,CARACOL/MS,5002803,OK
Bom Jesus,RN,BOM JESUS/RN,2401701,OK
São João da Fronteira,PI,SAO JOAO DA FRONTEIRA/PI,2209872,OK
Vitória de Santo Antão,PE,VITORIA DE SANTO ANTAO/PE,2616407,OK
Bom Sucesso de Itararé,SP,BOM SUCESSO DE ITARARE/SP,3507159,OK
Mambaí,GO,MAMBAI/GO,5212709,OK
Barra D'Alcântara,PI,BARRA D ALCANTARA/PI,2201176,OK
São Gabriel da Palha,ES,SAO GABRIEL DA PALHA/ES,3204708,OK
Quissamã,RJ,QUISSAMA/RJ,3304151,OK
Guarani das Missões,RS,GUARANI DAS MISSOES/RS,4309506,OK
Cupira,PE,CUPIRA/PE,2605004,OK
São Gabriel,RS,SAO GABRIEL/RS,4318309,OK
Morretes,PR,MORRETES/PR,4116208,OK
Campos Altos,MG,CAMPOS ALTOS/MG,3111507,OK
Claraval,MG,CLARAVAL/MG,3116407,OK
Morro do Chapéu do Piauí,PI,MORRO DO CHAPEU DO PIAUI/PI,2206670,OK
Nova Fátima,PR,NOVA FATIMA/PR,4117008,OK
Ajuricaba,RS,AJURICABA/RS,4300208,OK
Conselheiro Pena,MG,CONSELHEIRO PENA/MG,3118403,OK
Rialma,GO,RIALMA/GO,5218607,OK
Vilhena,RO,VILHENA/RO,1100304,OK
Novo Barreiro,RS,NOVO BARREIRO/RS,4313490,OK
Timbaúba,PE,TIMBAUBA/PE,2615300,OK
Itaiópolis,SC,ITAIOPOLIS/SC,4208104,OK
Tupanciretã,RS,TUPANCIRETA/RS,4322202,OK
Piracema,MG,PIRACEMA/MG,3150604,OK
Três Barras do Paraná,PR,TRES BARRAS DO PARANA/PR,4127858,OK
Professor Jamil,GO,PROFESSOR JAMIL/GO,5218391,OK
Tacaimbó,PE,TACAIMBO/PE,2614709,OK
Saltinho,SC,SALTINHO/SC,4215356,OK
Cruz Alta,RS,CRUZ ALTA/RS,4306106,OK
Equador,RN,EQUADOR/RN,2403400,OK
Alto Jequitibá,MG,ALTO JEQUITIBA/MG,3153509,OK
Nova Cantu,PR,NOVA CANTU/PR,4116802,OK
Itapororoca,PB,ITAPOROROCA/PB,2507101,OK
Floresta Azul,BA,FLORESTA AZUL/BA,2911006,OK
Vacaria,RS,VACARIA/RS,4322509,OK
Bom Progresso,RS,BOM PROGRESSO/RS,4302378,OK
Barreiros,PE,BARREIROS/PE,2601409,OK
São João Evangelista,MG,SAO JOAO EVANGELISTA/MG,3162807,OK
Várzea Grande,PI,VARZEA GRANDE/PI,2211407,OK
Ipu,CE,IPU/CE,2305803,OK
Piraí do Sul,PR,PIRAI DO SUL/PR,4119400,OK
São Miguel dos Campos,AL,SAO MIGUEL DOS CAMPOS/AL,2708600,OK
Crissiumal,RS,CRISSIUMAL/RS,4306007,OK
Conceição de Ipanema,MG,CONCEICAO DE IPANEMA/MG,3117405,OK
Bom Repouso,MG,BOM REPOUSO/MG,3107901,OK
Marechal Floriano,ES,MARECHAL FLORIANO/ES,3203346,OK
Pedra Lavrada,PB,PEDRA LAVRADA/PB,2511103,OK
Niquelândia,GO,NIQUELANDIA/GO,5214606,OK
Hidrolina,GO,HIDROLINA/GO,5209804,OK
Aroeiras do Itaim,PI,AROEIRAS DO ITAIM/PI,2200954,OK
Ipiranga de Goiás,GO,IPIRANGA DE GOIAS/GO,5210158,OK
Campo Magro,PR,CAMPO MAGRO/PR,4104253,OK
São Domingos,SE,SAO DOMINGOS/SE,2806800,OK
Anaurilândia,MS,ANAURILANDIA/MS,5000807,OK
Chácara,MG,CHACARA/MG,3115904,OK
Palmital,PR,PALMITAL/PR,4117800,OK
São Vicente do Sul,RS,SAO VICENTE DO SUL/RS,4319802,OK
Macambira,SE,MACAMBIRA/SE,2803708,OK
Pontal do Paraná,PR,PONTAL DO PARANA/PR,4119954,OK
Natalândia,MG,NATALANDIA/MG,3144375,OK
Liberato Salzano,RS,LIBERATO SALZANO/RS,4311601,OK
Panamá,GO,PANAMA/GO,5216007,OK
Três Cachoeiras,RS,TRES CACHOEIRAS/RS,4321667,OK
Orobó,PE,OROBO/PE,2609709,OK
Colônia do Piauí,PI,COLONIA DO PIAUI/PI,2202778,OK
São Bento,PB,SAO BENTO/PB,2513901,OK
Limoeiro,PE,LIMOEIRO/PE,2608909,OK
Figueirópolis,TO,FIGUEIROPOLIS/TO,1707652,OK
Itapajé,CE,ITAPAJE/CE,2306306,OK
Tabaí,RS,TABAI/RS,4320859,OK
Rio Manso,MG,RIO MANSO/MG,3155306,OK
Salto do Jacuí,RS,SALTO DO JACUI/RS,4316451,OK
Jari,RS,JARI/RS,4311130,OK
Apuarema,BA,APUAREMA/BA,2901957,OK
São João d'Aliança,GO,SAO JOAO D ALIANCA/GO,5220009,OK
Lajedo,PE,LAJEDO/PE,2608800,OK
Quarto Centenário,PR,QUARTO CENTENARIO/PR,4120655,OK
Paula Freitas,PR,PAULA FREITAS/PR,4118600,OK
São Pedro do Paraná,PR,SAO PEDRO DO PARANA/PR,4125902,OK
Tapira,PR,TAPIRA/PR,4126900,OK
Parnaíba,PI,PARNAIBA/PI,2207702,OK
Morada Nova de Minas,MG,MORADA NOVA DE MINAS/MG,3143500,OK
São Joaquim do Monte,PE,SAO JOAQUIM DO MONTE/PE,2613305,OK
Aiuruoca,MG,AIURUOCA/MG,3101201,OK
Farol,PR,FAROL/PR,4107553,OK
Caibaté,RS,CAIBATE/RS,4303301,OK
São Francisco do Oeste,RN,SAO FRANCISCO DO OESTE/RN,2411908,OK
Brasilândia,MS,BRASILANDIA/MS,5002308,OK
Congonhas do Norte,MG,CONGONHAS DO NORTE/MG,3118106,OK
Jatobá do Piauí,PI,JATOBA DO PIAUI/PI,2205276,OK
Arraial,PI,ARRAIAL/PI,2201002,OK
Triunfo,RS,TRIUNFO/RS,4322004,OK
Santa Bárbara de Goiás,GO,SANTA BARBARA DE GOIAS/GO,5219100,OK
Francisco Alves,PR,FRANCISCO ALVES/PR,4108320,OK
Santa Mônica,PR,SANTA MONICA/PR,4123956,OK
Divina Pastora,SE,DIVINA PASTORA/SE,2802007,OK
Pinheirinho do Vale,RS,PINHEIRINHO DO VALE/RS,4314498,OK
Sant'Ana do Livramento,RS,SANT ANA DO LIVRAMENTO/RS,4317103,OK
Francisco Dantas,RN,FRANCISCO DANTAS/RN,2403905,OK
Dona Francisca,RS,DONA FRANCISCA/RS,4306700,OK
São Pedro do Ivaí,PR,SAO PEDRO DO IVAI/PR,4125803,OK
Mato Verde,MG,MATO VERDE/MG,3141009,OK
Boa Esperança,ES,BOA ESPERANCA/ES,3201001,OK
Almenara,MG,ALMENARA/MG,3101706,OK
Lagoinha do Piauí,PI,LAGOINHA DO PIAUI/PI,2205540,OK
Ubiretama,RS,UBIRETAMA/RS,4322343,OK
São Domingos do Cariri,PB,SAO DOMINGOS DO CARIRI/PB,2513943,OK
São Mateus,ES,SAO MATEUS/ES,3204906,OK
Santo Antônio do Leste,MT,SANTO ANTONIO DO LESTE/MT,5107792,OK
São João dos Patos,MA,SAO JOAO DOS PATOS/MA,2111102,OK
Cacimba de Areia,PB,CACIMBA DE AREIA/PB,2503407,OK
Jaguari,RS,JAGUARI/RS,4311106,OK
Cascavel,CE,CASCAVEL/CE,2303501,OK
Imbé,RS,IMBE/RS,4310330,OK
Trindade do Sul,RS,TRINDADE DO SUL/RS,4321956,OK
Roncador,PR,RONCADOR/PR,4122503,OK
Lontra,MG,LONTRA/MG,3138658,OK
Jaraguari,MS,JARAGUARI/MS,5004908,OK
Barra de Guabiraba,PE,BARRA DE GUABIRABA/PE,2601300,OK
Alvorada D'Oeste,RO,ALVORADA D OESTE/RO,1100346,OK
Rio Verde de Mato Grosso,MS,RIO VERDE DE MATO GROSSO/MS,5007406,OK
Teixeiras,MG,TEIXEIRAS/MG,3168507,OK
Pimenta Bueno,RO,PIMENTA BUENO/RO,1100189,OK
Boa Ventura,PB,BOA VENTURA/PB,2502102,OK
Ouro Preto do Oeste,RO,OURO PRETO DO OESTE/RO,1100155,OK
Ipiranga do Piauí,PI,IPIRANGA DO PIAUI/PI,2204808,OK
Jaçanã,RN,JACANA/RN,2405009,OK
Serra Caiada,RN,SERRA CAIADA/RN,2410306,OK
São José do Egito,PE,SAO JOSE DO EGITO/PE,2613602,OK
Camaçari,BA,CAMACARI/BA,2905701,OK
Barra do Chapéu,SP,BARRA DO CHAPEU/SP,3505351,OK
Cachoeirinha,TO,CACHOEIRINHA/TO,1703826,OK
Maracanaú,CE,MARACANAU/CE,2307650,OK
Cumari,GO,CUMARI/GO,5206602,OK
Pedro Gomes,MS,PEDRO GOMES/MS,5006408,OK
Mataraca,PB,MATARACA/PB,2509305,OK
Ribeira,SP,RIBEIRA/SP,3542800,OK
Bom Jesus,PI,BOM JESUS/PI,2201903,OK
Pedra Grande,RN,PEDRA GRANDE/RN,2409506,OK
Massaranduba,SC,MASSARANDUBA/SC,4210605,OK
Xambrê,PR,XAMBRE/PR,4128807,OK
Amargosa,BA,AMARGOSA/BA,2901007,OK
Caraá,RS,CARAA/RS,4304713,OK
Itaiçaba,CE,ITAICABA/CE,2306207,OK
Teófilo Otoni,MG,TEOFILO OTONI/MG,3168606,OK
Pescador,MG,PESCADOR/MG,3150000,OK
Bom Jesus do Galho,MG,BOM JESUS DO GALHO/MG,3107802,OK
Carlos Gomes,RS,CARLOS GOMES/RS,4304853,OK
Nova Xavantina,MT,NOVA XAVANTINA/MT,5106257,OK
Arneiroz,CE,ARNEIROZ/CE,2301505,OK
Solonópole,CE,SOLONOPOLE/CE,2313005,OK
Ouriçangas,BA,OURICANGAS/BA,2923308,OK
Rio Negro,MS,RIO NEGRO/MS,5007307,OK
Angical do Piauí,PI,ANGICAL DO PIAUI/PI,2200608,OK
Virgínia,MG,VIRGINIA/MG,3171709,OK
Itarumã,GO,ITARUMA/GO,5211305,OK
Nova Palmeira,PB,NOVA PALMEIRA/PB,2510303,OK
Mendes Pimentel,MG,MENDES PIMENTEL/MG,3141504,OK
Ibiúna,SP,IBIUNA/SP,3519709,OK
Ubatuba,SP,UBATUBA/SP,3555406,OK
Itapirapuã Paulista,SP,ITAPIRAPUA PAULISTA/SP,3522653,OK
Dom Pedrito,RS,DOM PEDRITO/RS,4306601,OK
Hidrolândia,GO,HIDROLANDIA/GO,5209705,OK
Tesouro,MT,TESOURO/MT,5108105,OK
Lidianópolis,PR,LIDIANOPOLIS/PR,4113429,OK
Aroazes,PI,AROAZES/PI,2200905,OK
Senador Sá,CE,SENADOR SA/CE,2312809,OK
Toropi,RS,TOROPI/RS,4321493,OK
Carnaíba,PE,CARNAIBA/PE,2603900,OK
Uiraúna,PB,UIRAUNA/PB,2516904,OK
Couto de Magalhães de Minas,MG,COUTO DE MAGALHAES DE MINAS/MG,3120102,OK
Assaré,CE,ASSARE/CE,2301604,OK
Caldas,MG,CALDAS/MG,3110301,OK
Abadiânia,GO,ABADIANIA/GO,5200100,OK
Felício dos Santos,MG,FELICIO DOS SANTOS/MG,3125408,OK
São Geraldo,MG,SAO GERALDO/MG,3161502,OK
Douradina,MS,DOURADINA/MS,5003504,OK
Milagres,CE,MILAGRES/CE,2308302,OK
Monte Horebe,PB,MONTE HOREBE/PB,2509602,OK
Anita Garibaldi,SC,ANITA GARIBALDI/SC,4201000,OK
Serra de São Bento,RN,SERRA DE SAO BENTO/RN,2413300,OK
Cantagalo,RJ,CANTAGALO/RJ,3301108,OK
Janiópolis,PR,JANIOPOLIS/PR,4112207,OK
Santa Luzia do Norte,AL,SANTA LUZIA DO NORTE/AL,2707909,OK
Canudos do Vale,RS,CANUDOS DO VALE/RS,4304614,OK
Governador Lindenberg,ES,GOVERNADOR LINDENBERG/ES,3202256,OK
Imbuia,SC,IMBUIA/SC,4207403,OK
Mirabela,MG,MIRABELA/MG,3142007,OK
Vitor Meireles,SC,VITOR MEIRELES/SC,4219358,OK
Ângulo,PR,ANGULO/PR,4101150,OK
Senhor do Bonfim,BA,SENHOR DO BONFIM/BA,2930105,OK
Cairu,BA,CAIRU/BA,2905404,OK
Abadia de Goiás,GO,ABADIA DE GOIAS/GO,5200050,OK
Acorizal,MT,ACORIZAL/MT,5100102,OK
Jaguarari,BA,JAGUARARI/BA,2917706,OK
Boquim,SE,BOQUIM/SE,2800670,OK
Sengés,PR,SENGES/PR,4126306,OK
Capim Branco,MG,CAPIM BRANCO/MG,3112505,OK
Santana do Acaraú,CE,SANTANA DO ACARAU/CE,2312007,OK
Arroio do Sal,RS,ARROIO DO SAL/RS,4301057,OK
Ubajara,CE,UBAJARA/CE,2313609,OK
Nova Alvorada do Sul,MS,NOVA ALVORADA DO SUL/MS,5006002,OK
São Sebastião de Lagoa de Roça,PB,SAO SEBASTIAO DE LAGOA DE ROCA/PB,2515104,OK
Centralina,MG,CENTRALINA/MG,3115805,OK
Paverama,RS,PAVERAMA/RS,4314159,OK
Umarizal,RN,UMARIZAL/RN,2414506,OK
Novo Machado,RS,NOVO MACHADO/RS,4313425,OK
Santana do Deserto,MG,SANTANA DO DESERTO/MG,3158607,OK
Poções,BA,POCOES/BA,2925105,OK
Cruzeta,RN,CRUZETA/RN,2403004,OK
Engenheiro Navarro,MG,ENGENHEIRO NAVARRO/MG,3123809,OK
Taquara,RS,TAQUARA/RS,4321204,OK
Itabaianinha,SE,ITABAIANINHA/SE,2803005,OK
Palestina de Goiás,GO,PALESTINA DE GOIAS/GO,5215652,OK
Marco,CE,MARCO/CE,2307809,OK
Bodó,RN,BODO/RN,2401651,OK
Dionísio Cerqueira,SC,DIONISIO CERQUEIRA/SC,4205001,OK
Itabuna,BA,ITABUNA/BA,2914802,OK
Novo Horizonte,SC,NOVO HORIZONTE/SC,4211652,OK
Bento Fernandes,RN,BENTO FERNANDES/RN,2401602,OK
São Felipe,BA,SAO FELIPE/BA,2929107,OK
Bom Jardim,PE,BOM JARDIM/PE,2602209,OK
Wall Ferraz,PI,WALL FERRAZ/PI,2211704,OK
Sete Barras,SP,SETE BARRAS/SP,3551801,OK
Piancó,PB,PIANCO/PB,2511301,OK
Martins Soares,MG,MARTINS SOARES/MG,3140530,OK
Farias Brito,CE,FARIAS BRITO/CE,2304301,OK
Petrolina de Goiás,GO,PETROLINA DE GOIAS/GO,5216809,OK
Munhoz,MG,MUNHOZ/MG,3143807,OK
Ingá,PB,INGA/PB,2506806,OK
Nova Esperança do Sudoeste,PR,NOVA ESPERANCA DO SUDOESTE/PR,4116950,OK
Boa Vista,PB,BOA VISTA/PB,2502151,OK
Wenceslau Braz,PR,WENCESLAU BRAZ/PR,4128500,OK
Fátima,BA,FATIMA/BA,2910750,OK
Porto Rico do Maranhão,MA,PORTO RICO DO MARANHAO/MA,2109056,OK
Cristal,RS,CRISTAL/RS,4306056,OK
Agudo,RS,AGUDO/RS,4300109,OK
Itororó,BA,ITORORO/BA,2917102,OK
Itajá,GO,ITAJA/GO,5210802,OK
Carrasco Bonito,TO,CARRASCO BONITO/TO,1703891,OK
Divino de São Lourenço,ES,DIVINO DE SAO LOURENCO/ES,3201803,OK
Riacho das Almas,PE,RIACHO DAS ALMAS/PE,2611705,OK
Santa Terezinha,PE,SANTA TEREZINHA/PE,2612802,OK
Santana do Cariri,CE,SANTANA DO CARIRI/CE,2312106,OK
Novorizonte,MG,NOVORIZONTE/MG,3145372,OK
Santana do Riacho,MG,SANTANA DO RIACHO/MG,3159001,OK
São José da Lagoa Tapada,PB,SAO JOSE DA LAGOA TAPADA/PB,2514206,OK
Lagoa do Ouro,PE,LAGOA DO OURO/PE,2608602,OK
Biquinhas,MG,BIQUINHAS/MG,3107000,OK
Vassouras,RJ,VASSOURAS/RJ,3306206,OK
Lagamar,MG,LAGAMAR/MG,3137106,OK
Nossa Senhora da Glória,SE,NOSSA SENHORA DA GLORIA/SE,2804508,OK
Colméia,TO,COLMEIA/TO,1716703,OK
Raposa,MA,RAPOSA/MA,2109452,OK
Cerro Corá,RN,CERRO CORA/RN,2402709,OK
Zabelê,PB,ZABELE/PB,2517407,OK
Passa Vinte,MG,PASSA VINTE/MG,3147808,OK
Rosário do Ivaí,PR,ROSARIO DO IVAI/PR,4122651,OK
Lagoa Seca,PB,LAGOA SECA/PB,2508307,OK
Maquiné,RS,MAQUINE/RS,4311775,OK
Coivaras,PI,COIVARAS/PI,2202737,OK
Cachoeirinha,PE,CACHOEIRINHA/PE,2603108,OK
Condor,RS,CONDOR/RS,4305702,OK
Dores do Turvo,MG,DORES DO TURVO/MG,3123304,OK
Frei Lagonegro,MG,FREI LAGONEGRO/MG,3126950,OK
Venha-Ver,RN,VENHA VER/RN,2414753,OK
Ibitiúra de Minas,MG,IBITIURA DE MINAS/MG,3129905,OK
São João do Manteninha,MG,SAO JOAO DO MANTENINHA/MG,3162575,OK
Aurora,CE,AURORA/CE,2301703,OK
Jaguaruana,CE,JAGUARUANA/CE,2307007,OK
Japaratuba,SE,JAPARATUBA/SE,2803302,OK
São Félix de Minas,MG,SAO FELIX DE MINAS/MG,3161056,OK
Presidente Médici,MA,PRESIDENTE MEDICI/MA,2109239,OK
Barra da Estiva,BA,BARRA DA ESTIVA/BA,2902807,OK
Coremas,PB,COREMAS/PB,2504801,OK
Porto dos Gaúchos,MT,PORTO DOS GAUCHOS/MT,5106802,OK
Luziânia,GO,LUZIANIA/GO,5212501,OK
Forquetinha,RS,FORQUETINHA/RS,4308433,OK
Papagaios,MG,PAPAGAIOS/MG,3146909,OK
Riqueza,SC,RIQUEZA/SC,4215075,OK
Caconde,SP,CACONDE/SP,3508702,OK
Corinto,MG,CORINTO/MG,3119104,OK
Caçapava do Sul,RS,CACAPAVA DO SUL/RS,4302808,OK
João Dourado,BA,JOAO DOURADO/BA,2918357,OK
Pocinhos,PB,POCINHOS/PB,2512002,OK
Sabinópolis,MG,SABINOPOLIS/MG,3156809,OK
Portão,RS,PORTAO/RS,4314803,OK
Serrinha,RN,SERRINHA/RN,2413508,OK
Mirim Doce,SC,MIRIM DOCE/SC,4210852,OK
Comercinho,MG,COMERCINHO/MG,3117009,OK
Canhoba,SE,CANHOBA/SE,2801108,OK
Candiota,RS,CANDIOTA/RS,4304358,OK
Alvorada do Norte,GO,ALVORADA DO NORTE/GO,5200803,OK
Alexânia,GO,ALEXANIA/GO,5200308,OK
Itapiranga,AM,ITAPIRANGA/AM,1302009,OK
Vianópolis,GO,VIANOPOLIS/GO,5222005,OK
Carnaubal,CE,CARNAUBAL/CE,2303402,OK
Tauá,CE,TAUA/CE,2313302,OK
Geminiano,PI,GEMINIANO/PI,2204352,OK
Pacatuba,CE,PACATUBA/CE,2309706,OK
Marilena,PR,MARILENA/PR,4115002,OK
Nova Itarana,BA,NOVA ITARANA/BA,2922805,OK
Barro,CE,BARRO/CE,2302008,OK
Palmeirina,PE,PALMEIRINA/PE,2610103,OK
Vila Propício,GO,VILA PROPICIO/GO,5222302,OK
Nossa Senhora das Dores,SE,NOSSA SENHORA DAS DORES/SE,2804607,OK
Sítio do Quinto,BA,SITIO DO QUINTO/BA,2930766,OK
Barro Alto,BA,BARRO ALTO/BA,2903235,OK
Santa Vitória do Palmar,RS,SANTA VITORIA DO PALMAR/RS,4317301,OK
Canguaretama,RN,CANGUARETAMA/RN,2402204,OK
Vera,MT,VERA/MT,5108501,OK
Antonina do Norte,CE,ANTONINA DO NORTE/CE,2300804,OK
Sete Quedas,MS,SETE QUEDAS/MS,5007703,OK
Tiros,MG,TIROS/MG,3168903,OK
São José de Piranhas,PB,SAO JOSE DE PIRANHAS/PB,2514503,OK
Acopiara,CE,ACOPIARA/CE,2300309,OK
Água Boa,MG,AGUA BOA/MG,3100609,OK
João Dias,RN,JOAO DIAS/RN,2405900,OK
Laranja da Terra,ES,LARANJA DA TERRA/ES,3203163,OK
Terra Nova,PE,TERRA NOVA/PE,2615201,OK
Natividade da Serra,SP,NATIVIDADE DA SERRA/SP,3532306,OK
Muniz Freire,ES,MUNIZ FREIRE/ES,3203700,OK
Novo Alegre,TO,NOVO ALEGRE/TO,1715150,OK
Novo Lino,AL,NOVO LINO/AL,2705606,OK
Ivorá,RS,IVORA/RS,4310751,OK
Felisburgo,MG,FELISBURGO/MG,3125606,OK
Nortelândia,MT,NORTELANDIA/MT,5106000,OK
Santa Maria Madalena,RJ,SANTA MARIA MADALENA/RJ,3304607,OK
Lagoa do Sítio,PI,LAGOA DO SITIO/PI,2205599,OK
Santana do Mundaú,AL,SANTANA DO MUNDAU/AL,2708105,OK
Tomar do Geru,SE,TOMAR DO GERU/SE,2807501,OK
Novo Horizonte do Sul,MS,NOVO HORIZONTE DO SUL/MS,5006259,OK
Mossoró,RN,MOSSORO/RN,2408003,OK
São Luiz do Paraitinga,SP,SAO LUIZ DO PARAITINGA/SP,3550001,OK
Camutanga,PE,CAMUTANGA/PE,2603603,OK
Paulista,PB,PAULISTA/PB,2510907,OK
Urandi,BA,URANDI/BA,2932606,OK
Quevedos,RS,QUEVEDOS/RS,4315321,OK
Rio do Campo,SC,RIO DO CAMPO/SC,4214508,OK
Engenheiro Caldas,MG,ENGENHEIRO CALDAS/MG,3123700,OK
Coronel João Pessoa,RN,CORONEL JOAO PESSOA/RN,2402907,OK
São José da Laje,AL,SAO JOSE DA LAJE/AL,2708303,OK
Pitanga,PR,PITANGA/PR,4119608,OK
Dom Basílio,BA,DOM BASILIO/BA,2910107,OK
Juquitiba,SP,JUQUITIBA/SP,3526209,OK
Joanésia,MG,JOANESIA/MG,3136108,OK
Axixá do Tocantins,TO,AXIXA DO TOCANTINS/TO,1702901,OK
José Gonçalves de Minas,MG,JOSE GONCALVES DE MINAS/MG,3136520,OK
Rio Novo,MG,RIO NOVO/MG,3155405,OK
Triunfo,PE,TRIUNFO/PE,2615706,OK
Monte Alegre de Sergipe,SE,MONTE ALEGRE DE SERGIPE/SE,2804201,OK
Riacho de Santana,RN,RIACHO DE SANTANA/RN,2410801,OK
Reserva do Iguaçu,PR,RESERVA DO IGUACU/PR,4121752,OK
Ingaí,MG,INGAI/MG,3130804,OK
Santa Rosa do Piauí,PI,SANTA ROSA DO PIAUI/PI,2209377,OK
Nossa Senhora das Graças,PR,NOSSA SENHORA DAS GRACAS/PR,4116406,OK
São José de Espinharas,PB,SAO JOSE DE ESPINHARAS/PB,2514404,OK
Carmésia,MG,CARMESIA/MG,3113800,OK
Iracema do Oeste,PR,IRACEMA DO OESTE/PR,4110656,OK
Campo Maior,PI,CAMPO MAIOR/PI,2202208,OK
Francisco Macedo,PI,FRANCISCO MACEDO/PI,2204154,OK
Monteiro,PB,MONTEIRO/PB,2509701,OK
Galvão,SC,GALVAO/SC,4205605,OK
Goianinha,RN,GOIANINHA/RN,2404200,OK
Campo Grande,RN,CAMPO GRANDE/RN,2401305,OK
Marechal Deodoro,AL,MARECHAL DEODORO/AL,2704708,OK
São Bonifácio,SC,SAO BONIFACIO/SC,4215901,OK
Itaara,RS,ITAARA/RS,4310538,OK
Mimoso de Goiás,GO,MIMOSO DE GOIAS/GO,5213053,OK
Nazaré Paulista,SP,NAZARE PAULISTA/SP,3532405,OK
Capitão Andrade,MG,CAPITAO ANDRADE/MG,3112653,OK
Leme do Prado,MG,LEME DO PRADO/MG,3138351,OK
Caririaçu,CE,CARIRIACU/CE,2303204,OK
São Pedro dos Crentes,MA,SAO PEDRO DOS CRENTES/MA,2111573,OK
Cedro,PE,CEDRO/PE,2604304,OK
Estrela Dalva,MG,ESTRELA DALVA/MG,3124609,OK
Iguaracy,PE,IGUARACY/PE,2606903,OK
Itapipoca,CE,ITAPIPOCA/CE,2306405,OK
Diamante,PB,DIAMANTE/PB,2505600,OK
Paula Cândido,MG,PAULA CANDIDO/MG,3148301,OK
Antônio Carlos,MG,ANTONIO CARLOS/MG,3102902,OK
Xavantina,SC,XAVANTINA/SC,4219606,OK
Riacho dos Machados,MG,RIACHO DOS MACHADOS/MG,3154507,OK
Missão Velha,CE,MISSAO VELHA/CE,2308401,OK
Santo Antônio da Barra,GO,SANTO ANTONIO DA BARRA/GO,5219712,OK
Águas de Chapecó,SC,AGUAS DE CHAPECO/SC,4200507,OK
Crateús,CE,CRATEUS/CE,2304103,OK
Querência do Norte,PR,QUERENCIA DO NORTE/PR,4121000,OK
Diamantino,MT,DIAMANTINO/MT,5103502,OK
Ladário,MS,LADARIO/MS,5005202,OK
Santa Cruz do Piauí,PI,SANTA CRUZ DO PIAUI/PI,2209104,OK
São Francisco de Paula,RS,SAO FRANCISCO DE PAULA/RS,4318200,OK
Santo Afonso,MT,SANTO AFONSO/MT,5107263,OK
Cerro Branco,RS,CERRO BRANCO/RS,4305132,OK
Severiano Melo,RN,SEVERIANO MELO/RN,2413607,OK
Monte Alegre,RN,MONTE ALEGRE/RN,2407807,OK
Ubaporanga,MG,UBAPORANGA/MG,3170057,OK
São José do Peixe,PI,SAO JOSE DO PEIXE/PI,2210102,OK
Santa Rita de Minas,MG,SANTA RITA DE MINAS/MG,3159357,OK
Saquarema,RJ,SAQUAREMA/RJ,3305505,OK
Socorro do Piauí,PI,SOCORRO DO PIAUI/PI,2210904,OK
Bela Vista de Goiás,GO,BELA VISTA DE GOIAS/GO,5203302,OK
Sapé,PB,SAPE/PB,2515302,OK
Palmeirópolis,TO,PALMEIROPOLIS/TO,1715754,OK
Grossos,RN,GROSSOS/RN,2404408,OK
São José do Divino,MG,SAO JOSE DO DIVINO/MG,3163300,OK
Godoy Moreira,PR,GODOY MOREIRA/PR,4108551,OK
Varjota,CE,VARJOTA/CE,2313955,OK
Toritama,PE,TORITAMA/PE,2615409,OK
Pão de Açúcar,AL,PAO DE ACUCAR/AL,2706406,OK
Guaratuba,PR,GUARATUBA/PR,4109609,OK
Vera Mendes,PI,VERA MENDES/PI,2211506,OK
Agricolândia,PI,AGRICOLANDIA/PI,2200103,OK
Coimbra,MG,COIMBRA/MG,3116704,OK
Mandirituba,PR,MANDIRITUBA/PR,4114302,OK
Capitão de Campos,PI,CAPITAO DE CAMPOS/PI,2202406,OK
Itapissuma,PE,ITAPISSUMA/PE,2607752,OK
São Geraldo do Baixio,MG,SAO GERALDO DO BAIXIO/MG,3161650,OK
Cacimba de Dentro,PB,CACIMBA DE DENTRO/PB,2503506,OK
Santa Inês,BA,SANTA INES/BA,2927903,OK
São Lourenço do Piauí,PI,SAO LOURENCO DO PIAUI/PI,2210359,OK
Varzedo,BA,VARZEDO/BA,2933174,OK
Aracati,CE,ARACATI/CE,2301109,OK
Nova Santa Bárbara,PR,NOVA SANTA BARBARA/PR,4117214,OK
Orós,CE,OROS/CE,2309508,OK
Uruana de Minas,MG,URUANA DE MINAS/MG,3170479,OK
Felixlândia,MG,FELIXLANDIA/MG,3125705,OK
Balsa Nova,PR,BALSA NOVA/PR,4102307,OK
Piau,MG,PIAU/MG,3150109,OK
Nanuque,MG,NANUQUE/MG,3144300,OK
Ibirajuba,PE,IBIRAJUBA/PE,2606705,OK
Bernardo do Mearim,MA,BERNARDO DO MEARIM/MA,2101939,OK
Central de Minas,MG,CENTRAL DE MINAS/MG,3115706,OK
Uirapuru,GO,UIRAPURU/GO,5221577,OK
Juarez Távora,PB,JUAREZ TAVORA/PB,2507606,OK
Batayporã,MS,BATAYPORA/MS,5002001,OK
Jundiá,RN,JUNDIA/RN,2406155,OK
Piracanjuba,GO,PIRACANJUBA/GO,5217104,OK
Praia Grande,SC,PRAIA GRANDE/SC,4213807,OK
Angelândia,MG,ANGELANDIA/MG,3102852,OK
Conceição,PB,CONCEICAO/PB,2504405,OK
Sítio Novo do Tocantins,TO,SITIO NOVO DO TOCANTINS/TO,1720804,OK
Goianápolis,GO,GOIANAPOLIS/GO,5208400,OK
Conceição de Macabu,RJ,CONCEICAO DE MACABU/RJ,3301405,OK
Santa Maria de Itabira,MG,SANTA MARIA DE ITABIRA/MG,3158003,OK
Santa Maria do Salto,MG,SANTA MARIA DO SALTO/MG,3158102,OK
Buritinópolis,GO,BURITINOPOLIS/GO,5203962,OK
Lagoa Grande,MG,LAGOA GRANDE/MG,3137536,OK
Porto da Folha,SE,PORTO DA FOLHA/SE,2805604,OK
Bom Sucesso,PB,BOM SUCESSO/PB,2502300,OK
Lajeado,TO,LAJEADO/TO,1712009,OK
Antonina,PR,ANTONINA/PR,4101200,OK
Belford Roxo,RJ,BELFORD ROXO/RJ,3300456,OK
Americano do Brasil,GO,AMERICANO DO BRASIL/GO,5200852,OK
Alecrim,RS,ALECRIM/RS,4300307,OK
São João do Paraíso,MG,SAO JOAO DO PARAISO/MG,3162708,OK
Ronda Alta,RS,RONDA ALTA/RS,4316105,OK
Landri Sales,PI,LANDRI SALES/PI,2205607,OK
Tobias Barreto,SE,TOBIAS BARRETO/SE,2807402,OK
Redenção da Serra,SP,REDENCAO DA SERRA/SP,3542305,OK
São José dos Ausentes,RS,SAO JOSE DOS AUSENTES/RS,4318622,OK
Guaramiranga,CE,GUARAMIRANGA/CE,2305100,OK
Querência,MT,QUERENCIA/MT,5107065,OK
Ibiraiaras,RS,IBIRAIARAS/RS,4309902,OK
Penaforte,CE,PENAFORTE/CE,2310605,OK
Manoel Ribas,PR,MANOEL RIBAS/PR,4114500,OK
Alcântaras,CE,ALCANTARAS/CE,2300507,OK
Juquiá,SP,JUQUIA/SP,3526100,OK
Agudos do Sul,PR,AGUDOS DO SUL/PR,4100301,OK
Quixadá,CE,QUIXADA/CE,2311306,OK
Cruzaltense,RS,CRUZALTENSE/RS,4306130,OK
São Romão,MG,SAO ROMAO/MG,3164209,OK
Silvânia,GO,SILVANIA/GO,5220603,OK
Reduto,MG,REDUTO/MG,3154150,OK
Bocaina de Minas,MG,BOCAINA DE MINAS/MG,3107208,OK
Espigão Alto do Iguaçu,PR,ESPIGAO ALTO DO IGUACU/PR,4107546,OK
Manoel Emídio,PI,MANOEL EMIDIO/PI,2205904,OK
Curralinhos,PI,CURRALINHOS/PI,2203255,OK
Campestre da Serra,RS,CAMPESTRE DA SERRA/RS,4303673,OK
Caturama,BA,CATURAMA/BA,2907558,OK
Maiquinique,BA,MAIQUINIQUE/BA,2920007,OK
Tavares,PB,TAVARES/PB,2516607,OK
Doverlândia,GO,DOVERLANDIA/GO,5207253,OK
Pereiro,CE,PEREIRO/CE,2310803,OK
Apuiarés,CE,APUIARES/CE,2300903,OK
Barão de Melgaço,MT,BARAO DE MELGACO/MT,5101605,OK
São José do Bonfim,PB,SAO JOSE DO BONFIM/PB,2514602,OK
Laje do Muriaé,RJ,LAJE DO MURIAE/RJ,3302304,OK
Macapá,AP,MACAPA/AP,1600303,OK
Fortim,CE,FORTIM/CE,2304459,OK
Rio Branco do Sul,PR,RIO BRANCO DO SUL/PR,4122206,OK
Pires Ferreira,CE,PIRES FERREIRA/CE,2310951,OK
Alagoinhas,BA,ALAGOINHAS/BA,2900702,OK
Lajedo do Tabocal,BA,LAJEDO DO TABOCAL/BA,2919058,OK
Upanema,RN,UPANEMA/RN,2414605,OK
Conceição do Canindé,PI,CONCEICAO DO CANINDE/PI,2202802,OK
Campestre do Maranhão,MA,CAMPESTRE DO MARANHAO/MA,2102556,OK
Porto Seguro,BA,PORTO SEGURO/BA,2925303,OK
Santo Inácio do Piauí,PI,SANTO INACIO DO PIAUI/PI,2209500,OK
Araguanã,TO,ARAGUANA/TO,1702158,OK
Baraúna,RN,BARAUNA/RN,2401453,OK
Jaboatão dos Guararapes,PE,JABOATAO DOS GUARARAPES/PE,2607901,OK
União da Serra,RS,UNIAO DA SERRA/RS,4322350,OK
São Bento do Trairí,RN,SAO BENTO DO TRAIRI/RN,2411700,OK
Pimenteiras do Oeste,RO,PIMENTEIRAS DO OESTE/RO,1101468,OK
Vila Pavão,ES,VILA PAVAO/ES,3205150,OK
Pedro Régis,PB,PEDRO REGIS/PB,2512721,OK
Tiradentes do Sul,RS,TIRADENTES DO SUL/RS,4321477,OK
Silva Jardim,RJ,SILVA JARDIM/RJ,3305604,OK
Jacupiranga,SP,JACUPIRANGA/SP,3524600,OK
Ilha Grande,PI,ILHA GRANDE/PI,2204659,OK
São João do Ivaí,PR,SAO JOAO DO IVAI/PR,4125001,OK
Presidente Juscelino,MG,PRESIDENTE JUSCELINO/MG,3153202,OK
Coronel João Sá,BA,CORONEL JOAO SA/BA,2909208,OK
Delfim Moreira,MG,DELFIM MOREIRA/MG,3121100,OK
Domingos Martins,ES,DOMINGOS MARTINS/ES,3201902,OK
Pedrinhas,SE,PEDRINHAS/SE,2805109,OK
Altamira do Paraná,PR,ALTAMIRA DO PARANA/PR,4100459,OK
São Lourenço do Sul,RS,SAO LOURENCO DO SUL/RS,4318804,OK
Lavras do Sul,RS,LAVRAS DO SUL/RS,4311502,OK
Corumbaíba,GO,CORUMBAIBA/GO,5205901,OK
Sebastião Laranjeiras,BA,SEBASTIAO LARANJEIRAS/BA,2930006,OK
Santa Terezinha do Tocantins,TO,SANTA TEREZINHA DO TOCANTINS/TO,1720002,OK
Canápolis,BA,CANAPOLIS/BA,2906105,OK
Uruburetama,CE,URUBURETAMA/CE,2313807,OK
Presidente Kennedy,ES,PRESIDENTE KENNEDY/ES,3204302,OK
Jordânia,MG,JORDANIA/MG,3136504,OK
Araçagi,PB,ARACAGI/PB,2500809,OK
Rio Pardo de Minas,MG,RIO PARDO DE MINAS/MG,3155603,OK
Catolé do Rocha,PB,CATOLE DO ROCHA/PB,2504306,OK
Cariré,CE,CARIRE/CE,2303105,OK
Belmonte,SC,BELMONTE/SC,4202156,OK
Guarda-Mor,MG,GUARDA MOR/MG,3128600,OK
Camaragibe,PE,CAMARAGIBE/PE,2603454,OK
Monjolos,MG,MONJOLOS/MG,3142502,OK
Moreno,PE,MORENO/PE,2609402,OK
Damião,PB,DAMIAO/PB,2505352,OK
Belmiro Braga,MG,BELMIRO BRAGA/MG,3106101,OK
Passagem Franca do Piauí,PI,PASSAGEM FRANCA DO PIAUI/PI,2207751,OK
Vitória do Jari,AP,VITORIA DO JARI/AP,1600808,OK
Santa Maria da Boa Vista,PE,SANTA MARIA DA BOA VISTA/PE,2612604,OK
Arauá,SE,ARAUA/SE,2800407,OK
Portelândia,GO,PORTELANDIA/GO,5218102,OK
Serra do Navio,AP,SERRA DO NAVIO/AP,1600055,OK
Ribeira do Piauí,PI,RIBEIRA DO PIAUI/PI,2208874,OK
Barra do Ribeiro,RS,BARRA DO RIBEIRO/RS,4301909,OK
Colíder,MT,COLIDER/MT,5103205,OK
Mutum,MG,MUTUM/MG,3144003,OK
São Gonçalo,RJ,SAO GONCALO/RJ,3304904,OK
Gouvelândia,GO,GOUVELANDIA/GO,5209150,OK
Macaparana,PE,MACAPARANA/PE,2609006,OK
São João do Piauí,PI,SAO JOAO DO PIAUI/PI,2210003,OK
Paracambi,RJ,PARACAMBI/RJ,3303609,OK
Aragarças,GO,ARAGARCAS/GO,5201702,OK
Sericita,MG,SERICITA/MG,3166303,OK
Santo Hipólito,MG,SANTO HIPOLITO/MG,3160603,OK
Quipapá,PE,QUIPAPA/PE,2611507,OK
Campo Belo do Sul,SC,CAMPO BELO DO SUL/SC,4203402,OK
Guiricema,MG,GUIRICEMA/MG,3129004,OK
Verê,PR,VERE/PR,4128609,OK
General Maynard,SE,GENERAL MAYNARD/SE,2802502,OK
Pacatuba,SE,PACATUBA/SE,2804904,OK
Epitaciolândia,AC,EPITACIOLANDIA/AC,1200252,OK
Queimados,RJ,QUEIMADOS/RJ,3304144,OK
Davinópolis,GO,DAVINOPOLIS/GO,5206909,OK
Alta Floresta,MT,ALTA FLORESTA/MT,5100250,OK
Moeda,MG,MOEDA/MG,3142304,OK
São Francisco,MG,SAO FRANCISCO/MG,3161106,OK
Amélia Rodrigues,BA,AMELIA RODRIGUES/BA,2901106,OK
São José dos Quatro Marcos,MT,SAO JOSE DOS QUATRO MARCOS/MT,5107107,OK
Nova Palma,RS,NOVA PALMA/RS,4313102,OK
Bom Jardim de Minas,MG,BOM JARDIM DE MINAS/MG,3107505,OK
Botuporã,BA,BOTUPORA/BA,2904209,OK
Minas Novas,MG,MINAS NOVAS/MG,3141801,OK
Leandro Ferreira,MG,LEANDRO FERREIRA/MG,3138302,OK
Senador Elói de Souza,RN,SENADOR ELOI DE SOUZA/RN,2413102,OK
Salgado,SE,SALGADO/SE,2806206,OK
Campo Grande do Piauí,PI,CAMPO GRANDE DO PIAUI/PI,2202133,OK
Teixeira de Freitas,BA,TEIXEIRA DE FREITAS/BA,2931350,OK
Comendador Gomes,MG,COMENDADOR GOMES/MG,3116902,OK
Frei Gaspar,MG,FREI GASPAR/MG,3126802,OK
Buenos Aires,PE,BUENOS AIRES/PE,2602704,OK
São José do Campestre,RN,SAO JOSE DO CAMPESTRE/RN,2412302,OK
Cacequi,RS,CACEQUI/RS,4302907,OK
Parambu,CE,PARAMBU/CE,2310308,OK
Valença do Piauí,PI,VALENCA DO PIAUI/PI,2211308,OK
Ereré,CE,ERERE/CE,2304277,OK
Planalto,PR,PLANALTO/PR,4119806,OK
São Nicolau,RS,SAO NICOLAU/RS,4319208,OK
São João da Canabrava,PI,SAO JOAO DA CANABRAVA/PI,2209856,OK
Aiuaba,CE,AIUABA/CE,2300408,OK
Sorriso,MT,SORRISO/MT,5107925,OK
Aceguá,RS,ACEGUA/RS,4300034,OK
Poconé,MT,POCONE/MT,5106505,OK
Itaporã do Tocantins,TO,ITAPORA DO TOCANTINS/TO,1711100,OK
Madeiro,PI,MADEIRO/PI,2205854,OK
Cururupu,MA,CURURUPU/MA,2103703,OK
Juramento,MG,JURAMENTO/MG,3136801,OK
Berizal,MG,BERIZAL/MG,3106655,OK
Paial,SC,PAIAL/SC,4211876,OK
Ipiaú,BA,IPIAU/BA,2913903,OK
Propriá,SE,PROPRIA/SE,2805703,OK
Catuti,MG,CATUTI/MG,3115474,OK
Baía Formosa,RN,BAIA FORMOSA/RN,2401404,OK
Santa Terezinha de Goiás,GO,SANTA TEREZINHA DE GOIAS/GO,5219704,OK
São Jerônimo da Serra,PR,SAO JERONIMO DA SERRA/PR,4124707,OK
Rio Bonito,RJ,RIO BONITO/RJ,3304300,OK
Cruzeiro do Iguaçu,PR,CRUZEIRO DO IGUACU/PR,4106571,OK
Tianguá,CE,TIANGUA/CE,2313401,OK
Antônio Gonçalves,BA,ANTONIO GONCALVES/BA,2901809,OK
Itaguaí,RJ,ITAGUAI/RJ,3302007,OK
Cedral,MA,CEDRAL/MA,2103109,OK
Mata,RS,MATA/RS,4312104,OK
Araçuaí,MG,ARACUAI/MG,3103405,OK
Angra dos Reis,RJ,ANGRA DOS REIS/RJ,3300100,OK
Alto do Rodrigues,RN,ALTO DO RODRIGUES/RN,2400703,OK
Cachoeiras de Macacu,RJ,CACHOEIRAS DE MACACU/RJ,3300803,OK
Machadinho,RS,MACHADINHO/RS,4311700,OK
Moraújo,CE,MORAUJO/CE,2308807,OK
Jaru,RO,JARU/RO,1100114,OK
Passos Maia,SC,PASSOS MAIA/SC,4212270,OK
Urucará,AM,URUCARA/AM,1304302,OK
Vicência,PE,VICENCIA/PE,2616308,OK
Virgem da Lapa,MG,VIRGEM DA LAPA/MG,3171600,OK
Mesquita,RJ,MESQUITA/RJ,3302858,OK
Junqueiro,AL,JUNQUEIRO/AL,2704005,OK
Cabo de Santo Agostinho,PE,CABO DE SANTO AGOSTINHO/PE,2602902,OK
Jundiá,AL,JUNDIA/AL,2703908,OK
Doutor Ulysses,PR,DOUTOR ULYSSES/PR,4128633,OK
Hugo Napoleão,PI,HUGO NAPOLEAO/PI,2204600,OK
Floresta,PE,FLORESTA/PE,2605707,OK
Sertão,RS,SERTAO/RS,4320503,OK
Chaval,CE,CHAVAL/CE,2303907,OK
Novo Horizonte,BA,NOVO HORIZONTE/BA,2923035,OK
Novo Triunfo,BA,NOVO TRIUNFO/BA,2923050,OK
Ibiapina,CE,IBIAPINA/CE,2305308,OK
São João da Lagoa,MG,SAO JOAO DA LAGOA/MG,3162252,OK
Glória do Goitá,PE,GLORIA DO GOITA/PE,2606101,OK
Capim Grosso,BA,CAPIM GROSSO/BA,2906873,OK
Caetanópolis,MG,CAETANOPOLIS/MG,3109907,OK
Uruoca,CE,URUOCA/CE,2313906,OK
Porteirinha,MG,PORTEIRINHA/MG,3152204,OK
Ponto Chique,MG,PONTO CHIQUE/MG,3152131,OK
Brasília de Minas,MG,BRASILIA DE MINAS/MG,3108602,OK
Sidrolândia,MS,SIDROLANDIA/MS,5007901,OK
Congonhinhas,PR,CONGONHINHAS/PR,4106001,OK
Sooretama,ES,SOORETAMA/ES,3205010,OK
Caetés,PE,CAETES/PE,2603207,OK
São Luiz do Norte,GO,SAO LUIZ DO NORTE/GO,5220157,OK
Praia Norte,TO,PRAIA NORTE/TO,1718303,OK
Ouro Verde de Minas,MG,OURO VERDE DE MINAS/MG,3146206,OK
Guimarães,MA,GUIMARAES/MA,2104909,OK
Frutuoso Gomes,RN,FRUTUOSO GOMES/RN,2404002,OK
Vila Flor,RN,VILA FLOR/RN,2415008,OK
Alhandra,PB,ALHANDRA/PB,2500601,OK
Palmeira das Missões,RS,PALMEIRA DAS MISSOES/RS,4313706,OK
Marcelino Vieira,RN,MARCELINO VIEIRA/RN,2407302,OK
São Pedro do Sul,RS,SAO PEDRO DO SUL/RS,4319406,OK
Tracunhaém,PE,TRACUNHAEM/PE,2615508,OK
Feira da Mata,BA,FEIRA DA MATA/BA,2910776,OK
Luiziana,PR,LUIZIANA/PR,4113734,OK
Nova Olinda,CE,NOVA OLINDA/CE,2309201,OK
Butiá,RS,BUTIA/RS,4302709,OK
Boqueirão,PB,BOQUEIRAO/PB,2502508,OK
Salto da Divisa,MG,SALTO DA DIVISA/MG,3157104,OK
Casimiro de Abreu,RJ,CASIMIRO DE ABREU/RJ,3301306,OK
Itaberaba,BA,ITABERABA/BA,2914703,OK
Patis,MG,PATIS/MG,3147956,OK
Itaporanga,PB,ITAPORANGA/PB,2507002,OK
Itaperuçu,PR,ITAPERUCU/PR,4111258,OK
Francisco Sá,MG,FRANCISCO SA/MG,3126703,OK
Betânia,PE,BETANIA/PE,2601805,OK
Capela do Alto Alegre,BA,CAPELA DO ALTO ALEGRE/BA,2906857,OK
Catarina,CE,CATARINA/CE,2303600,OK
Santa Bárbara do Monte Verde,MG,SANTA BARBARA DO MONTE VERDE/MG,3157278,OK
Macaíba,RN,MACAIBA/RN,2407104,OK
Major Gercino,SC,MAJOR GERCINO/SC,4210209,OK
Água Doce,SC,AGUA DOCE/SC,4200408,OK
Tururu,CE,TURURU/CE,2313559,OK
Regeneração,PI,REGENERACAO/PI,2208809,OK
Pedra Bela,SP,PEDRA BELA/SP,3536802,OK
Salinas da Margarida,BA,SALINAS DA MARGARIDA/BA,2927309,OK
Amaporã,PR,AMAPORA/PR,4100905,OK
Urucuia,MG,URUCUIA/MG,3170529,OK
Centenário do Sul,PR,CENTENARIO DO SUL/PR,4105102,OK
Milagres,BA,MILAGRES/BA,2921302,OK
Ibimirim,PE,IBIMIRIM/PE,2606606,OK
Piatã,BA,PIATA/BA,2924306,OK
Flor da Serra do Sul,PR,FLOR DA SERRA DO SUL/PR,4107850,OK
Salesópolis,SP,SALESOPOLIS/SP,3545001,OK
Jitaúna,BA,JITAUNA/BA,2918308,OK
Redenção do Gurguéia,PI,REDENCAO DO GURGUEIA/PI,2208700,OK
Luzinópolis,TO,LUZINOPOLIS/TO,1712454,OK
Campestre,AL,CAMPESTRE/AL,2701357,OK
Pedralva,MG,PEDRALVA/MG,3149101,OK
Curiúva,PR,CURIUVA/PR,4107009,OK
Murici,AL,MURICI/AL,2705507,OK
Dom Joaquim,MG,DOM JOAQUIM/MG,3122603,OK
Heliópolis,BA,HELIOPOLIS/BA,2911857,OK
São João de Meriti,RJ,SAO JOAO DE MERITI/RJ,3305109,OK
Ramilândia,PR,RAMILANDIA/PR,4121257,OK
Jandaíra,BA,JANDAIRA/BA,2917904,OK
Buenópolis,MG,BUENOPOLIS/MG,3109204,OK
Queluz,SP,QUELUZ/SP,3541901,OK
Piracuruca,PI,PIRACURUCA/PI,2208304,OK
Terra Nova do Norte,MT,TERRA NOVA DO NORTE/MT,5108055,OK
Quilombo,SC,QUILOMBO/SC,4214201,OK
Tarrafas,CE,TARRAFAS/CE,2313252,OK
Dom Bosco,MG,DOM BOSCO/MG,3122470,OK
Pombos,PE,POMBOS/PE,2611309,OK
Bom Jesus do Sul,PR,BOM JESUS DO SUL/PR,4103156,OK
Pindaí,BA,PINDAI/BA,2924504,OK
Cubati,PB,CUBATI/PB,2505006,OK
Tuparetama,PE,TUPARETAMA/PE,2615904,OK
Tabocas do Brejo Velho,BA,TABOCAS DO BREJO VELHO/BA,2930907,OK
São Miguel do Fidalgo,PI,SAO MIGUEL DO FIDALGO/PI,2210391,OK
São Salvador do Tocantins,TO,SAO SALVADOR DO TOCANTINS/TO,1720259,OK
São José da Safira,MG,SAO JOSE DA SAFIRA/MG,3163003,OK
Baraúna,PB,BARAUNA/PB,2501534,OK
Tunas,RS,TUNAS/RS,4322152,OK
Assunção,PB,ASSUNCAO/PB,2501351,OK
Sampaio,TO,SAMPAIO/TO,1718808,OK
Pancas,ES,PANCAS/ES,3204005,OK
Quiterianópolis,CE,QUITERIANOPOLIS/CE,2311264,OK
Moreilândia,PE,MOREILANDIA/PE,2614303,OK
Ministro Andreazza,RO,MINISTRO ANDREAZZA/RO,1101203,OK
José Raydan,MG,JOSE RAYDAN/MG,3136553,OK
Balneário Pinhal,RS,BALNEARIO PINHAL/RS,4301636,OK
Glaucilândia,MG,GLAUCILANDIA/MG,3127354,OK
Japonvar,MG,JAPONVAR/MG,3135357,OK
Coqueiro Seco,AL,COQUEIRO SECO/AL,2702207,OK
Nova Roma,GO,NOVA ROMA/GO,5214903,OK
Mar Vermelho,AL,MAR VERMELHO/AL,2704906,OK
São José de Caiana,PB,SAO JOSE DE CAIANA/PB,2514305,OK
Iaras,SP,IARAS/SP,3519253,OK
Cachoeira do Sul,RS,CACHOEIRA DO SUL/RS,4303004,OK
São Luis do Piauí,PI,SAO LUIS DO PIAUI/PI,2210375,OK
Vale do Sol,RS,VALE DO SOL/RS,4322533,OK
Ipaporanga,CE,IPAPORANGA/CE,2305654,OK
Iguatemi,MS,IGUATEMI/MS,5004304,OK
Alto Garças,MT,ALTO GARCAS/MT,5100409,OK
Salgadinho,PE,SALGADINHO/PE,2612109,OK
Feira Nova,PE,FEIRA NOVA/PE,2605400,OK
Santo Antônio de Lisboa,PI,SANTO ANTONIO DE LISBOA/PI,2209401,OK
Parintins,AM,PARINTINS/AM,1303403,OK
Novo Horizonte do Norte,MT,NOVO HORIZONTE DO NORTE/MT,5106273,OK
Honório Serpa,PR,HONORIO SERPA/PR,4109658,OK
Buriti do Tocantins,TO,BURITI DO TOCANTINS/TO,1703800,OK
Cocalzinho de Goiás,GO,COCALZINHO DE GOIAS/GO,5205513,OK
Cariús,CE,CARIUS/CE,2303303,OK
Perolândia,GO,PEROLANDIA/GO,5216452,OK
Santana do Piauí,PI,SANTANA DO PIAUI/PI,2209351,OK
Rio do Fogo,RN,RIO DO FOGO/RN,2408953,OK
Bandeira,MG,BANDEIRA/MG,3105202,OK
Pinhal Grande,RS,PINHAL GRANDE/RS,4314472,OK
Novo São Joaquim,MT,NOVO SAO JOAQUIM/MT,5106281,OK
Sem-Peixe,MG,SEM PEIXE/MG,3165560,OK
Alcinópolis,MS,ALCINOPOLIS/MS,5000252,OK
Jaguaquara,BA,JAGUAQUARA/BA,2917607,OK
Itiquira,MT,ITIQUIRA/MT,5104609,OK
Itapetim,PE,ITAPETIM/PE,2607703,OK
Carvalhos,MG,CARVALHOS/MG,3114808,OK
Saboeiro,CE,SABOEIRO/CE,2311900,OK
Tupirama,TO,TUPIRAMA/TO,1721257,OK
Montes Claros de Goiás,GO,MONTES CLAROS DE GOIAS/GO,5213707,OK
Pinheiros,ES,PINHEIROS/ES,3204104,OK
Santa Teresinha,PB,SANTA TERESINHA/PB,2513802,OK
Ubaíra,BA,UBAIRA/BA,2932101,OK
Nova Hartz,RS,NOVA HARTZ/RS,4313060,OK
Gararu,SE,GARARU/SE,2802403,OK
Lastro,PB,LASTRO/PB,2508406,OK
Novo Tiradentes,RS,NOVO TIRADENTES/RS,4313441,OK
Francinópolis,PI,FRANCINOPOLIS/PI,2204006,OK
Jequiá da Praia,AL,JEQUIA DA PRAIA/AL,2703759,OK
Morrinhos,CE,MORRINHOS/CE,2308906,OK
Corguinho,MS,CORGUINHO/MS,5003108,OK
Aporé,GO,APORE/GO,5201504,OK
Tenório,PB,TENORIO/PB,2516755,OK
Brejo dos Santos,PB,BREJO DOS SANTOS/PB,2502904,OK
Francisco Dumont,MG,FRANCISCO DUMONT/MG,3126604,OK
Fernandes Tourinho,MG,FERNANDES TOURINHO/MG,3125804,OK
Sobrália,MG,SOBRALIA/MG,3167707,OK
Anastácio,MS,ANASTACIO/MS,5000708,OK
Lindoeste,PR,LINDOESTE/PR,4113452,OK
Estrela Velha,RS,ESTRELA VELHA/RS,4307815,OK
Wagner,BA,WAGNER/BA,2933406,OK
Buritis,MG,BURITIS/MG,3109303,OK
Terra de Areia,RS,TERRA DE AREIA/RS,4321436,OK
Lagoa,PB,LAGOA/PB,2508109,OK
Barroquinha,CE,BARROQUINHA/CE,2302057,OK
Almadina,BA,ALMADINA/BA,2900900,OK
Adrianópolis,PR,ADRIANOPOLIS/PR,4100202,OK
Jucás,CE,JUCAS/CE,2307403,OK
Carlos Chagas,MG,CARLOS CHAGAS/MG,3113701,OK
Serro,MG,SERRO/MG,3167103,OK
Ribeirão,PE,RIBEIRAO/PE,2611804,OK
Bela Vista da Caroba,PR,BELA VISTA DA CAROBA/PR,4102752,OK
Aliança,PE,ALIANCA/PE,2600708,OK
Córrego Novo,MG,CORREGO NOVO/MG,3120003,OK
General Câmara,RS,GENERAL CAMARA/RS,4308805,OK
Frei Miguelinho,PE,FREI MIGUELINHO/PE,2605806,OK
Arvorezinha,RS,ARVOREZINHA/RS,4301404,OK
Araripina,PE,ARARIPINA/PE,2601102,OK
Xique-Xique,BA,XIQUE XIQUE/BA,2933604,OK
Iretama,PR,IRETAMA/PR,4110805,OK
Lagoa Nova,RN,LAGOA NOVA/RN,2406502,OK
Boa Ventura de São Roque,PR,BOA VENTURA DE SAO ROQUE/PR,4103040,OK
Rio Novo do Sul,ES,RIO NOVO DO SUL/ES,3204401,OK
Agrestina,PE,AGRESTINA/PE,2600302,OK
Iaciara,GO,IACIARA/GO,5209903,OK
Tabocão,TO,TABOCAO/TO,1708254,OK
Serrinha,BA,SERRINHA/BA,2930501,OK
Manacapuru,AM,MANACAPURU/AM,1302504,OK
Berilo,MG,BERILO/MG,3106507,OK
Vila Nova do Sul,RS,VILA NOVA DO SUL/RS,4323457,OK
Santa Cruz do Arari,PA,SANTA CRUZ DO ARARI/PA,1506401,OK
Formosa do Oeste,PR,FORMOSA DO OESTE/PR,4108205,OK
Braga,RS,BRAGA/RS,4302600,OK
Salinópolis,PA,SALINOPOLIS/PA,1506203,OK
Passagem Franca,MA,PASSAGEM FRANCA/MA,2107902,OK
Pilar,AL,PILAR/AL,2706901,OK
Tuneiras do Oeste,PR,TUNEIRAS DO OESTE/PR,4127908,OK
Luzilândia,PI,LUZILANDIA/PI,2205805,OK
Edealina,GO,EDEALINA/GO,5207352,OK
Maçambará,RS,MACAMBARA/RS,4311718,OK
Granito,PE,GRANITO/PE,2606309,OK
São José de Princesa,PB,SAO JOSE DE PRINCESA/PB,2514552,OK
Maranguape,CE,MARANGUAPE/CE,2307700,OK
São Geraldo da Piedade,MG,SAO GERALDO DA PIEDADE/MG,3161601,OK
Inimutaba,MG,INIMUTABA/MG,3131109,OK
Tenente Laurentino Cruz,RN,TENENTE LAURENTINO CRUZ/RN,2414159,OK
Sério,RS,SERIO/RS,4320453,OK
Palhano,CE,PALHANO/CE,2310001,OK
São Sebastião do Uatumã,AM,SAO SEBASTIAO DO UATUMA/AM,1303957,OK
Amaralina,GO,AMARALINA/GO,5200829,OK
Carira,SE,CARIRA/SE,2801405,OK
Capitão Enéas,MG,CAPITAO ENEAS/MG,3112703,OK
Dilermando de Aguiar,RS,DILERMANDO DE AGUIAR/RS,4306379,OK
Palmas,PR,PALMAS/PR,4117602,OK
Paraipaba,CE,PARAIPABA/CE,2310258,OK
Barra Longa,MG,BARRA LONGA/MG,3105707,OK
Caxambu do Sul,SC,CAXAMBU DO SUL/SC,4204103,OK
União de Minas,MG,UNIAO DE MINAS/MG,3170438,OK
Soledade,RS,SOLEDADE/RS,4320800,OK
Estrela do Norte,GO,ESTRELA DO NORTE/GO,5207501,OK
Guapimirim,RJ,GUAPIMIRIM/RJ,3301850,OK
Varjão,GO,VARJAO/GO,5221908,OK
Curuçá,PA,CURUCA/PA,1502905,OK
Icó,CE,ICO/CE,2305407,OK
Davinópolis,MA,DAVINOPOLIS/MA,2103752,OK
Figueirão,MS,FIGUEIRAO/MS,5003900,OK
Faina,GO,FAINA/GO,5207535,OK
Bodoquena,MS,BODOQUENA/MS,5002159,OK
Livramento de Nossa Senhora,BA,LIVRAMENTO DE NOSSA SENHORA/BA,2919504,OK
Itambé,BA,ITAMBE/BA,2915809,OK
São Pedro do Suaçuí,MG,SAO PEDRO DO SUACUI/MG,3164100,OK
Cordisburgo,MG,CORDISBURGO/MG,3118908,OK
Cacaulândia,RO,CACAULANDIA/RO,1100601,OK
Veríssimo,MG,VERISSIMO/MG,3171105,OK
Aquidabã,SE,AQUIDABA/SE,2800209,OK
Rio do Pires,BA,RIO DO PIRES/BA,2926905,OK
São Raimundo do Doca Bezerra,MA,SAO RAIMUNDO DO DOCA BEZERRA/MA,2111631,OK
Eliseu Martins,PI,ELISEU MARTINS/PI,2203602,OK
Cipó,BA,CIPO/BA,2907905,OK
Tarumirim,MG,TARUMIRIM/MG,3168408,OK
Guarani de Goiás,GO,GUARANI DE GOIAS/GO,5209408,OK
Puxinanã,PB,PUXINANA/PB,2512408,OK
Lagoa Grande,PE,LAGOA GRANDE/PE,2608750,OK
Balneário Gaivota,SC,BALNEARIO GAIVOTA/SC,4202073,OK
Várzea do Poço,BA,VARZEA DO POCO/BA,2933109,OK
Potiraguá,BA,POTIRAGUA/BA,2925402,OK
Santana,AP,SANTANA/AP,1600600,OK
Mantenópolis,ES,MANTENOPOLIS/ES,3203304,OK
Itati,RS,ITATI/RS,4310652,OK
Maria da Fé,MG,MARIA DA FE/MG,3139904,OK
Rancho Alegre D'Oeste,PR,RANCHO ALEGRE D OESTE/PR,4121356,OK
Caseara,TO,CASEARA/TO,1703909,OK
Itaúna do Sul,PR,ITAUNA DO SUL/PR,4111308,OK
Barreira,CE,BARREIRA/CE,2301950,OK
Desterro,PB,DESTERRO/PB,2505402,OK
Pindoba,AL,PINDOBA/AL,2707008,OK
Aparecida,PB,APARECIDA/PB,2500775,OK
Porto Alegre do Piauí,PI,PORTO ALEGRE DO PIAUI/PI,2208551,OK
Caarapó,MS,CAARAPO/MS,5002407,OK
Gramado Xavier,RS,GRAMADO XAVIER/RS,4309159,OK
Olindina,BA,OLINDINA/BA,2923100,OK
Arenópolis,GO,ARENOPOLIS/GO,5202353,OK
Matinhos,PR,MATINHOS/PR,4115705,OK
Novo Acordo,TO,NOVO ACORDO/TO,1715101,OK
Rosário do Catete,SE,ROSARIO DO CATETE/SE,2806107,OK
Panelas,PE,PANELAS/PE,2610202,OK
Cruzeiro do Sul,RS,CRUZEIRO DO SUL/RS,4306205,OK
Nova Santa Rita,RS,NOVA SANTA RITA/RS,4313375,OK
Jaboticatubas,MG,JABOTICATUBAS/MG,3134608,OK
Itanhangá,MT,ITANHANGA/MT,5104542,OK
Boca da Mata,AL,BOCA DA MATA/AL,2701001,OK
Mauriti,CE,MAURITI/CE,2308104,OK
Carneiros,AL,CARNEIROS/AL,2701803,OK
Catende,PE,CATENDE/PE,2604205,OK
Delmiro Gouveia,AL,DELMIRO GOUVEIA/AL,2702405,OK
São Rafael,RN,SAO RAFAEL/RN,2412807,OK
Vidal Ramos,SC,VIDAL RAMOS/SC,4219200,OK
Arapiraca,AL,ARAPIRACA/AL,2700300,OK
Beneditinos,PI,BENEDITINOS/PI,2201606,OK
Coreaú,CE,COREAU/CE,2304004,OK
Teofilândia,BA,TEOFILANDIA/BA,2931509,OK
Pedras de Maria da Cruz,MG,PEDRAS DE MARIA DA CRUZ/MG,3149150,OK
Nova Ibiá,BA,NOVA IBIA/BA,2922755,OK
Ocara,CE,OCARA/CE,2309458,OK
Padre Carvalho,MG,PADRE CARVALHO/MG,3146255,OK
São Martinho da Serra,RS,SAO MARTINHO DA SERRA/RS,4319125,OK
Tramandaí,RS,TRAMANDAI/RS,4321600,OK
Caturité,PB,CATURITE/PB,2504355,OK
Santo Estêvão,BA,SANTO ESTEVAO/BA,2928802,OK
Prudentópolis,PR,PRUDENTOPOLIS/PR,4120606,OK
Piedade,SP,PIEDADE/SP,3537800,OK
Nova Olinda,PB,NOVA OLINDA/PB,2510204,OK
Candiba,BA,CANDIBA/BA,2906600,OK
Lagoa do Carro,PE,LAGOA DO CARRO/PE,2608453,OK
São Sebastião do Maranhão,MG,SAO SEBASTIAO DO MARANHAO/MG,3164506,OK
Presidente Médici,RO,PRESIDENTE MEDICI/RO,1100254,OK
Mangaratiba,RJ,MANGARATIBA/RJ,3302601,OK
Candói,PR,CANDOI/PR,4104428,OK
Apicum-Açu,MA,APICUM ACU/MA,2100832,OK
Elísio Medrado,BA,ELISIO MEDRADO/BA,2910305,OK
Belém do Piauí,PI,BELEM DO PIAUI/PI,2201572,OK
Ataléia,MG,ATALEIA/MG,3104700,OK
Sombrio,SC,SOMBRIO/SC,4217709,OK
Porto Murtinho,MS,PORTO MURTINHO/MS,5006903,OK
Novo Airão,AM,NOVO AIRAO/AM,1303205,OK
Itapetinga,BA,ITAPETINGA/BA,2916401,OK
Riachão do Dantas,SE,RIACHAO DO DANTAS/SE,2805802,OK
Ventania,PR,VENTANIA/PR,4128534,OK
Canguçu,RS,CANGUCU/RS,4304507,OK
Aracoiaba,CE,ARACOIABA/CE,2301208,OK
Ibiaí,MG,IBIAI/MG,3129608,OK
Paulo Frontin,PR,PAULO FRONTIN/PR,4118709,OK
Bernardo Sayão,TO,BERNARDO SAYAO/TO,1703206,OK
Itarantim,BA,ITARANTIM/BA,2916807,OK
Riachão do Jacuípe,BA,RIACHAO DO JACUIPE/BA,2926301,OK
Guadalupe,PI,GUADALUPE/PI,2204501,OK
Lagoa do Piauí,PI,LAGOA DO PIAUI/PI,2205581,OK
Miraguaí,RS,MIRAGUAI/RS,4312302,OK
Campo Redondo,RN,CAMPO REDONDO/RN,2402105,OK
Cáceres,MT,CACERES/MT,5102504,OK
Altamira do Maranhão,MA,ALTAMIRA DO MARANHAO/MA,2100402,OK
Riachão do Poço,PB,RIACHAO DO POCO/PB,2512762,OK
Madalena,CE,MADALENA/CE,2307635,OK
Ceará-Mirim,RN,CEARA MIRIM/RN,2402600,OK
Divinolândia de Minas,MG,DIVINOLANDIA DE MINAS/MG,3122207,OK
Bernardino Batista,PB,BERNARDINO BATISTA/PB,2502052,OK
Eunápolis,BA,EUNAPOLIS/BA,2910727,OK
São Francisco do Piauí,PI,SAO FRANCISCO DO PIAUI/PI,2209708,OK
Alto Rio Doce,MG,ALTO RIO DOCE/MG,3102100,OK
Riacho dos Cavalos,PB,RIACHO DOS CAVALOS/PB,2512804,OK
Angelim,PE,ANGELIM/PE,2601003,OK
Alvorada,RS,ALVORADA/RS,4300604,OK
Caxingó,PI,CAXINGO/PI,2202653,OK
Presidente Kennedy,TO,PRESIDENTE KENNEDY/TO,1718402,OK
Pilar,PB,PILAR/PB,2511509,OK
Jatobá,PE,JATOBA/PE,2608057,OK
Pedro de Toledo,SP,PEDRO DE TOLEDO/SP,3537206,OK
Aimorés,MG,AIMORES/MG,3101102,OK
Granja,CE,GRANJA/CE,2304707,OK
Tijucas do Sul,PR,TIJUCAS DO SUL/PR,4127601,OK
Guaraciaba,MG,GUARACIABA/MG,3128204,OK
Jucurutu,RN,JUCURUTU/RN,2406106,OK
Lagoa de Pedras,RN,LAGOA DE PEDRAS/RN,2406304,OK
Laranjeiras,SE,LARANJEIRAS/SE,2803609,OK
Santa Inês,MA,SANTA INES/MA,2109908,OK
Miravânia,MG,MIRAVANIA/MG,3142254,OK
Flores,PE,FLORES/PE,2605608,OK
Nova América,GO,NOVA AMERICA/GO,5214705,OK
Campo Grande,AL,CAMPO GRANDE/AL,2701506,OK
Serra Redonda,PB,SERRA REDONDA/PB,2515807,OK
Santa Terezinha do Progresso,SC,SANTA TEREZINHA DO PROGRESSO/SC,4215687,OK
Turvo,PR,TURVO/PR,4127965,OK
Cantagalo,PR,CANTAGALO/PR,4104451,OK
Planaltino,BA,PLANALTINO/BA,2924900,OK
Triunfo Potiguar,RN,TRIUNFO POTIGUAR/RN,2414456,OK
Glória D'Oeste,MT,GLORIA D OESTE/MT,5103957,OK
Aguiarnópolis,TO,AGUIARNOPOLIS/TO,1700301,OK
Ananás,TO,ANANAS/TO,1701002,OK
Cristalina,GO,CRISTALINA/GO,5206206,OK
Pilõezinhos,PB,PILOEZINHOS/PB,2511707,OK
Acaraú,CE,ACARAU/CE,2300200,OK
Brasilândia de Minas,MG,BRASILANDIA DE MINAS/MG,3108552,OK
Planaltina do Paraná,PR,PLANALTINA DO PARANA/PR,4119707,OK
Arapoema,TO,ARAPOEMA/TO,1702307,OK
Claro dos Poções,MG,CLARO DOS POCOES/MG,3116506,OK
Joaquim Nabuco,PE,JOAQUIM NABUCO/PE,2608206,OK
Nonoai,RS,NONOAI/RS,4312708,OK
Porto Velho,RO,PORTO VELHO/RO,1100205,OK
Barra de Santo Antônio,AL,BARRA DE SANTO ANTONIO/AL,2700508,OK
Curral de Cima,PB,CURRAL DE CIMA/PB,2505279,OK
Nova Santa Helena,MT,NOVA SANTA HELENA/MT,5106190,OK
Nova Itaberaba,SC,NOVA ITABERABA/SC,4211454,OK
Jacinto,MG,JACINTO/MG,3134707,OK
Massaranduba,PB,MASSARANDUBA/PB,2509206,OK
Dores de Guanhães,MG,DORES DE GUANHAES/MG,3123106,OK
Mangueirinha,PR,MANGUEIRINHA/PR,4114401,OK
Mato Castelhano,RS,MATO CASTELHANO/RS,4312138,OK
Santarém,PA,SANTAREM/PA,1506807,OK
Gameleiras,MG,GAMELEIRAS/MG,3127339,OK
Santa Maria de Jetibá,ES,SANTA MARIA DE JETIBA/ES,3204559,OK
Altinho,PE,ALTINHO/PE,2600807,OK
Serra do Ramalho,BA,SERRA DO RAMALHO/BA,2930154,OK
Macaúbas,BA,MACAUBAS/BA,2919801,OK
Major Vieira,SC,MAJOR VIEIRA/SC,4210308,OK
Candelária,RS,CANDELARIA/RS,4304200,OK
Jóia,RS,JOIA/RS,4311155,OK
Pouso Redondo,SC,POUSO REDONDO/SC,4213708,OK
Pedra Bonita,MG,PEDRA BONITA/MG,3148756,OK
Monteirópolis,AL,MONTEIROPOLIS/AL,2705408,OK
São José do Belmonte,PE,SAO JOSE DO BELMONTE/PE,2613503,OK
Campo Azul,MG,CAMPO AZUL/MG,3111150,OK
Santana,BA,SANTANA/BA,2928208,OK
Cabrobó,PE,CABROBO/PE,2603009,OK
Ribeirão do Pinhal,PR,RIBEIRAO DO PINHAL/PR,4121901,OK
Glorinha,RS,GLORINHA/RS,4309050,OK
Rio Bananal,ES,RIO BANANAL/ES,3204351,OK
Lagoa de Velhos,RN,LAGOA DE VELHOS/RN,2406403,OK
Colônia do Gurguéia,PI,COLONIA DO GURGUEIA/PI,2202752,OK
Tupanatinga,PE,TUPANATINGA/PE,2615805,OK
Nísia Floresta,RN,NISIA FLORESTA/RN,2408201,OK
Japoatã,SE,JAPOATA/SE,2803401,OK
Abre Campo,MG,ABRE CAMPO/MG,3100302,OK
Coronel Martins,SC,CORONEL MARTINS/SC,4204459,OK
Taboleiro Grande,RN,TABOLEIRO GRANDE/RN,2413805,OK
Montanhas,RN,MONTANHAS/RN,2407708,OK
Arari,MA,ARARI/MA,2101004,OK
Ilhéus,BA,ILHEUS/BA,2913606,OK
Bertolínia,PI,BERTOLINIA/PI,2201705,OK
Bocaiúva do Sul,PR,BOCAIUVA DO SUL/PR,4103107,OK
Reserva do Cabaçal,MT,RESERVA DO CABACAL/MT,5107156,OK
Santa Rosa de Lima,SE,SANTA ROSA DE LIMA/SE,2806503,OK
Alagoa Grande,PB,ALAGOA GRANDE/PB,2500304,OK
Conceição do Castelo,ES,CONCEICAO DO CASTELO/ES,3201704,OK
Jacobina do Piauí,PI,JACOBINA DO PIAUI/PI,2205151,OK
Urubici,SC,URUBICI/SC,4218905,OK
Simões,PI,SIMOES/PI,2210706,OK
Teixeira,PB,TEIXEIRA/PB,2516706,OK
Mato Rico,PR,MATO RICO/PR,4115739,OK
Água Branca,PB,AGUA BRANCA/PB,2500106,OK
Paulistas,MG,PAULISTAS/MG,3148400,OK
Custódia,PE,CUSTODIA/PE,2605103,OK
Aramari,BA,ARAMARI/BA,2902203,OK
Passo do Sobrado,RS,PASSO DO SOBRADO/RS,4314076,OK
Campo Alegre,AL,CAMPO ALEGRE/AL,2701407,OK
Joselândia,MA,JOSELANDIA/MA,2105609,OK
Lassance,MG,LASSANCE/MG,3138104,OK
Monte Azul,MG,MONTE AZUL/MG,3142908,OK
Ecoporanga,ES,ECOPORANGA/ES,3202108,OK
São João do Manhuaçu,MG,SAO JOAO DO MANHUACU/MG,3162559,OK
Ribeira do Pombal,BA,RIBEIRA DO POMBAL/BA,2926608,OK
Ipiranga,PR,IPIRANGA/PR,4110508,OK
Canarana,MT,CANARANA/MT,5102702,OK
Salto do Céu,MT,SALTO DO CEU/MT,5107750,OK
São Fidélis,RJ,SAO FIDELIS/RJ,3304805,OK
João Alfredo,PE,JOAO ALFREDO/PE,2608107,OK
Boa Vista da Aparecida,PR,BOA VISTA DA APARECIDA/PR,4103057,OK
Ibotirama,BA,IBOTIRAMA/BA,2913200,OK
Palmácia,CE,PALMACIA/CE,2310100,OK
Cabeceiras,GO,CABECEIRAS/GO,5204003,OK
Vila Boa,GO,VILA BOA/GO,5222203,OK
Umburatiba,MG,UMBURATIBA/MG,3170305,OK
Serra Negra do Norte,RN,SERRA NEGRA DO NORTE/RN,2413409,OK
Paraná,RN,PARANA/RN,2408607,OK
Pinhão,SE,PINHAO/SE,2805208,OK
Caiçara,RS,CAICARA/RS,4303400,OK
Tibagi,PR,TIBAGI/PR,4127502,OK
Inhuma,PI,INHUMA/PI,2204709,OK
Gonzaga,MG,GONZAGA/MG,3127503,OK
Lajedão,BA,LAJEDAO/BA,2918902,OK
Areia,PB,AREIA/PB,2501104,OK
Mombaça,CE,MOMBACA/CE,2308500,OK
Riachão do Bacamarte,PB,RIACHAO DO BACAMARTE/PB,2512754,OK
Itaverava,MG,ITAVERAVA/MG,3133907,OK
Amapá do Maranhão,MA,AMAPA DO MARANHAO/MA,2100550,OK
Bandeirante,SC,BANDEIRANTE/SC,4202081,OK
Paranaíta,MT,PARANAITA/MT,5106299,OK
Tabuleiro do Norte,CE,TABULEIRO DO NORTE/CE,2313104,OK
Carmo do Rio Verde,GO,CARMO DO RIO VERDE/GO,5205000,OK
Barra de Santa Rosa,PB,BARRA DE SANTA ROSA/PB,2501609,OK
Ribeiro Gonçalves,PI,RIBEIRO GONCALVES/PI,2208908,OK
Nova Cruz,RN,NOVA CRUZ/RN,2408300,OK
Irineópolis,SC,IRINEOPOLIS/SC,4207908,OK
Rio das Antas,SC,RIO DAS ANTAS/SC,4214409,OK
Caapiranga,AM,CAAPIRANGA/AM,1300839,OK
Maturéia,PB,MATUREIA/PB,2509396,OK
Imaruí,SC,IMARUI/SC,4207205,OK
Crixás,GO,CRIXAS/GO,5206404,OK
Santa Maria,RN,SANTA MARIA/RN,2409332,OK
Horizonte,CE,HORIZONTE/CE,2305233,OK
Vale Verde,RS,VALE VERDE/RS,4322525,OK
Belém de Maria,PE,BELEM DE MARIA/PE,2601508,OK
Maxaranguape,RN,MAXARANGUAPE/RN,2407500,OK
Bacurituba,MA,BACURITUBA/MA,2101350,OK
Primavera,PA,PRIMAVERA/PA,1506104,OK
Santo Antônio das Missões,RS,SANTO ANTONIO DAS MISSOES/RS,4317707,OK
Parnamirim,PE,PARNAMIRIM/PE,2610400,OK
Durandé,MG,DURANDE/MG,3123528,OK
São José do Herval,RS,SAO JOSE DO HERVAL/RS,4318465,OK
Vertentes,PE,VERTENTES/PE,2616209,OK
Miranorte,TO,MIRANORTE/TO,1713304,OK
Vila Nova dos Martírios,MA,VILA NOVA DOS MARTIRIOS/MA,2112852,OK
Minador do Negrão,AL,MINADOR DO NEGRAO/AL,2705309,OK
Anísio de Abreu,PI,ANISIO DE ABREU/PI,2200707,OK
São Raimundo Nonato,PI,SAO RAIMUNDO NONATO/PI,2210607,OK
Buritizeiro,MG,BURITIZEIRO/MG,3109402,OK
Magalhães de Almeida,MA,MAGALHAES DE ALMEIDA/MA,2106300,OK
Novo Oriente do Piauí,PI,NOVO ORIENTE DO PIAUI/PI,2206902,OK
Altos,PI,ALTOS/PI,2200400,OK
Santa Rita de Ibitipoca,MG,SANTA RITA DE IBITIPOCA/MG,3159407,OK
Itagibá,BA,ITAGIBA/BA,2915205,OK
Ibitirama,ES,IBITIRAMA/ES,3202553,OK
Coroaci,MG,COROACI/MG,3119203,OK
Campos Sales,CE,CAMPOS SALES/CE,2302701,OK
Buriti dos Montes,PI,BURITI DOS MONTES/PI,2202026,OK
Adustina,BA,ADUSTINA/BA,2900355,OK
Pojuca,BA,POJUCA/BA,2925204,OK
Parazinho,RN,PARAZINHO/RN,2408805,OK
São Domingos do Maranhão,MA,SAO DOMINGOS DO MARANHAO/MA,2110708,OK
Água Santa,RS,AGUA SANTA/RS,4300059,OK
Divino,MG,DIVINO/MG,3122009,OK
Lagoa de São Francisco,PI,LAGOA DE SAO FRANCISCO/PI,2205573,OK
Pocrane,MG,POCRANE/MG,3151909,OK
América Dourada,BA,AMERICA DOURADA/BA,2901155,OK
Barra de São Miguel,PB,BARRA DE SAO MIGUEL/PB,2501708,OK
Lago dos Rodrigues,MA,LAGO DOS RODRIGUES/MA,2105948,OK
Souto Soares,BA,SOUTO SOARES/BA,2930808,OK
Deputado Irapuan Pinheiro,CE,DEPUTADO IRAPUAN PINHEIRO/CE,2304269,OK
Monte Alegre do Piauí,PI,MONTE ALEGRE DO PIAUI/PI,2206605,OK
João Câmara,RN,JOAO CAMARA/RN,2405801,OK
Santa Margarida,MG,SANTA MARGARIDA/MG,3157906,OK
Cafarnaum,BA,CAFARNAUM/BA,2905305,OK
Nazaré,TO,NAZARE/TO,1714302,OK
Castelo do Piauí,PI,CASTELO DO PIAUI/PI,2202604,OK
Mortugaba,BA,MORTUGABA/BA,2921807,OK
Tocantinópolis,TO,TOCANTINOPOLIS/TO,1721208,OK
Coroatá,MA,COROATA/MA,2103604,OK
Bossoroca,RS,BOSSOROCA/RS,4302501,OK
Sonora,MS,SONORA/MS,5007935,OK
Paes Landim,PI,PAES LANDIM/PI,2207306,OK
Solidão,PE,SOLIDAO/PE,2614402,OK
Faro,PA,FARO/PA,1503002,OK
Santa Rita do Itueto,MG,SANTA RITA DO ITUETO/MG,3159506,OK
Rochedo,MS,ROCHEDO/MS,5007505,OK
Bom Jesus da Lapa,BA,BOM JESUS DA LAPA/BA,2903904,OK
Rio Formoso,PE,RIO FORMOSO/PE,2611903,OK
Cumaru,PE,CUMARU/PE,2604908,OK
Nova Lacerda,MT,NOVA LACERDA/MT,5106182,OK
Rio Espera,MG,RIO ESPERA/MG,3155207,OK
Mariluz,PR,MARILUZ/PR,4115101,OK
Rubim,MG,RUBIM/MG,3156601,OK
Jangada,MT,JANGADA/MT,5104906,OK
Cuparaque,MG,CUPARAQUE/MG,3120839,OK
Aquidauana,MS,AQUIDAUANA/MS,5001102,OK
Presidente Bernardes,MG,PRESIDENTE BERNARDES/MG,3153103,OK
Capitão Poço,PA,CAPITAO POCO/PA,1502301,OK
Pajeú do Piauí,PI,PAJEU DO PIAUI/PI,2207355,OK
Santana do Maranhão,MA,SANTANA DO MARANHAO/MA,2110237,OK
Juru,PB,JURU/PB,2508000,OK
Santana do Matos,RN,SANTANA DO MATOS/RN,2411403,OK
Olho d'Água das Flores,AL,OLHO D AGUA DAS FLORES/AL,2705705,OK
Lagoa dos Patos,MG,LAGOA DOS PATOS/MG,3137304,OK
Acarape,CE,ACARAPE/CE,2300150,OK
Jacaraci,BA,JACARACI/BA,2917409,OK
Rio Tinto,PB,RIO TINTO/PB,2512903,OK
Diamante do Sul,PR,DIAMANTE DO SUL/PR,4107124,OK
Muitos Capões,RS,MUITOS CAPOES/RS,4312617,OK
Catunda,CE,CATUNDA/CE,2303659,OK
Jijoca de Jericoacoara,CE,JIJOCA DE JERICOACOARA/CE,2307254,OK
Dianópolis,TO,DIANOPOLIS/TO,1707009,OK
Crisópolis,BA,CRISOPOLIS/BA,2909604,OK
Moreira Sales,PR,MOREIRA SALES/PR,4116109,OK
Serrolândia,BA,SERROLANDIA/BA,2930600,OK
Poço Branco,RN,POCO BRANCO/RN,2410108,OK
Medina,MG,MEDINA/MG,3141405,OK
Barra do Turvo,SP,BARRA DO TURVO/SP,3505401,OK
General Sampaio,CE,GENERAL SAMPAIO/CE,2304608,OK
Aurora,SC,AURORA/SC,4201901,OK
Imaculada,PB,IMACULADA/PB,2506707,OK
Santo Antônio de Jesus,BA,SANTO ANTONIO DE JESUS/BA,2928703,OK
Solânea,PB,SOLANEA/PB,2516003,OK
Casserengue,PB,CASSERENGUE/PB,2504157,OK
Capela Nova,MG,CAPELA NOVA/MG,3112208,OK
Mucambo,CE,MUCAMBO/CE,2309003,OK
Alto Paraíso de Goiás,GO,ALTO PARAISO DE GOIAS/GO,5200605,OK
Paraty,RJ,PARATY/RJ,3303807,OK
Icapuí,CE,ICAPUI/CE,2305357,OK
Rio Pardo,RS,RIO PARDO/RS,4315701,OK
Gurinhatã,MG,GURINHATA/MG,3129103,OK
Chalé,MG,CHALE/MG,3116001,OK
Bela Cruz,CE,BELA CRUZ/CE,2302305,OK
Barras,PI,BARRAS/PI,2201200,OK
Selvíria,MS,SELVIRIA/MS,5007802,OK
Cravolândia,BA,CRAVOLANDIA/BA,2909505,OK
Peçanha,MG,PECANHA/MG,3148608,OK
Amparo do Serra,MG,AMPARO DO SERRA/MG,3102506,OK
Brejinho,RN,BREJINHO/RN,2401800,OK
Bananeiras,PB,BANANEIRAS/PB,2501500,OK
Saubara,BA,SAUBARA/BA,2929750,OK
Livramento,PB,LIVRAMENTO/PB,2508505,OK
Caridade do Piauí,PI,CARIDADE DO PIAUI/PI,2202554,OK
Antônio Almeida,PI,ANTONIO ALMEIDA/PI,2200806,OK
Caucaia,CE,CAUCAIA/CE,2303709,OK
São João do Rio do Peixe,PB,SAO JOAO DO RIO DO PEIXE/PB,2500700,OK
Guarantã do Norte,MT,GUARANTA DO NORTE/MT,5104104,OK
Nobres,MT,NOBRES/MT,5105903,OK
Angelina,SC,ANGELINA/SC,4200903,OK
São Miguel do Tocantins,TO,SAO MIGUEL DO TOCANTINS/TO,1720200,OK
Marliéria,MG,MARLIERIA/MG,3140308,OK
Orizânia,MG,ORIZANIA/MG,3145877,OK
São Gonçalo dos Campos,BA,SAO GONCALO DOS CAMPOS/BA,2929305,OK
Jequié,BA,JEQUIE/BA,2918001,OK
Santa Cecília,SC,SANTA CECILIA/SC,4215505,OK
Campestre,MG,CAMPESTRE/MG,3111002,OK
Bom Jardim de Goiás,GO,BOM JARDIM DE GOIAS/GO,5203401,OK
Santana do Ipanema,AL,SANTANA DO IPANEMA/AL,2708006,OK
Britânia,GO,BRITANIA/GO,5203807,OK
Araponga,MG,ARAPONGA/MG,3103702,OK
Fronteira dos Vales,MG,FRONTEIRA DOS VALES/MG,3127057,OK
Japi,RN,JAPI/RN,2405405,OK
Água Doce do Maranhão,MA,AGUA DOCE DO MARANHAO/MA,2100154,OK
Venturosa,PE,VENTUROSA/PE,2616001,OK
Trizidela do Vale,MA,TRIZIDELA DO VALE/MA,2112233,OK
Ilha das Flores,SE,ILHA DAS FLORES/SE,2802700,OK
Águia Branca,ES,AGUIA BRANCA/ES,3200136,OK
Corumbataí do Sul,PR,CORUMBATAI DO SUL/PR,4106555,OK
Nazaré,BA,NAZARE/BA,2922508,OK
Sirinhaém,PE,SIRINHAEM/PE,2614204,OK
São Félix,BA,SAO FELIX/BA,2929008,OK
Olivença,AL,OLIVENCA/AL,2706000,OK
São Bento do Una,PE,SAO BENTO DO UNA/PE,2613008,OK
Parauapebas,PA,PARAUAPEBAS/PA,1505536,OK
Januária,MG,JANUARIA/MG,3135209,OK
Abelardo Luz,SC,ABELARDO LUZ/SC,4200101,OK
Nova Santa Rita,PI,NOVA SANTA RITA/PI,2207959,OK
Timbó Grande,SC,TIMBO GRANDE/SC,4218251,OK
Terezinha,PE,TEREZINHA/PE,2615102,OK
Ivaí,PR,IVAI/PR,4111407,OK
São João do Soter,MA,SAO JOAO DO SOTER/MA,2111078,OK
Lagoa de Itaenga,PE,LAGOA DE ITAENGA/PE,2608503,OK
Matias Cardoso,MG,MATIAS CARDOSO/MG,3140852,OK
Senador Pompeu,CE,SENADOR POMPEU/CE,2312700,OK
Frei Paulo,SE,FREI PAULO/SE,2802304,OK
Catingueira,PB,CATINGUEIRA/PB,2504207,OK
Muritiba,BA,MURITIBA/BA,2922300,OK
Retirolândia,BA,RETIROLANDIA/BA,2926103,OK
Bandeirantes do Tocantins,TO,BANDEIRANTES DO TOCANTINS/TO,1703057,OK
Talismã,TO,TALISMA/TO,1720978,OK
Hulha Negra,RS,HULHA NEGRA/RS,4309654,OK
Esperança,PB,ESPERANCA/PB,2506004,OK
Herval,RS,HERVAL/RS,4307104,OK
Pindorama do Tocantins,TO,PINDORAMA DO TOCANTINS/TO,1717008,OK
Riozinho,RS,RIOZINHO/RS,4315750,OK
Ipupiara,BA,IPUPIARA/BA,2914109,OK
Fátima,TO,FATIMA/TO,1707553,OK
Satuba,AL,SATUBA/AL,2708907,OK
Maribondo,AL,MARIBONDO/AL,2704807,OK
Águas Vermelhas,MG,AGUAS VERMELHAS/MG,3101003,OK
Santana de Mangueira,PB,SANTANA DE MANGUEIRA/PB,2513505,OK
Tufilândia,MA,TUFILANDIA/MA,2112274,OK
Piquet Carneiro,CE,PIQUET CARNEIRO/CE,2310902,OK
Ariquemes,RO,ARIQUEMES/RO,1100023,OK
Feira Grande,AL,FEIRA GRANDE/AL,2702603,OK
Brazabrantes,GO,BRAZABRANTES/GO,5203609,OK
Piritiba,BA,PIRITIBA/BA,2924801,OK
Areia Branca,SE,AREIA BRANCA/SE,2800506,OK
Capela,SE,CAPELA/SE,2801306,OK
São Miguel das Missões,RS,SAO MIGUEL DAS MISSOES/RS,4319158,OK
Avelinópolis,GO,AVELINOPOLIS/GO,5202809,OK
Capela,AL,CAPELA/AL,2701704,OK
Aurora do Tocantins,TO,AURORA DO TOCANTINS/TO,1702703,OK
Itacambira,MG,ITACAMBIRA/MG,3132008,OK
São Braz do Piauí,PI,SAO BRAZ DO PIAUI/PI,2209559,OK
São João do Cariri,PB,SAO JOAO DO CARIRI/PB,2514008,OK
Sobradinho,BA,SOBRADINHO/BA,2930774,OK
Ferreira Gomes,AP,FERREIRA GOMES/AP,1600238,OK
Carnaubais,RN,CARNAUBAIS/RN,2402501,OK
Pau D'Arco do Piauí,PI,PAU D ARCO DO PIAUI/PI,2207793,OK
Ananindeua,PA,ANANINDEUA/PA,1500800,OK
Juscimeira,MT,JUSCIMEIRA/MT,5105200,OK
Seringueiras,RO,SERINGUEIRAS/RO,1101500,OK
Itaubal,AP,ITAUBAL/AP,1600253,OK
Cerro Grande,RS,CERRO GRANDE/RS,4305157,OK
Sertão Santana,RS,SERTAO SANTANA/RS,4320552,OK
Jacobina,BA,JACOBINA/BA,2917508,OK
Rio do Antônio,BA,RIO DO ANTONIO/BA,2926806,OK
Bonito,BA,BONITO/BA,2904050,OK
Augusto de Lima,MG,AUGUSTO DE LIMA/MG,3104809,OK
Ibiquera,BA,IBIQUERA/BA,2912608,OK
Itacoatiara,AM,ITACOATIARA/AM,1301902,OK
Lagoa Bonita do Sul,RS,LAGOA BONITA DO SUL/RS,4311239,OK
Palmeira dos Índios,AL,PALMEIRA DOS INDIOS/AL,2706307,OK
Cristianópolis,GO,CRISTIANOPOLIS/GO,5206305,OK
Padre Bernardo,GO,PADRE BERNARDO/GO,5215603,OK
Jenipapo de Minas,MG,JENIPAPO DE MINAS/MG,3135456,OK
Bom Lugar,MA,BOM LUGAR/MA,2102077,OK
São João do Pacuí,MG,SAO JOAO DO PACUI/MG,3162658,OK
Segredo,RS,SEGREDO/RS,4320263,OK
Sapeaçu,BA,SAPEACU/BA,2929602,OK
Angical,BA,ANGICAL/BA,2901403,OK
Umbuzeiro,PB,UMBUZEIRO/PB,2517001,OK
Paranatinga,MT,PARANATINGA/MT,5106307,OK
Porto,PI,PORTO/PI,2208502,OK
Firmino Alves,BA,FIRMINO ALVES/BA,2910909,OK
Pentecoste,CE,PENTECOSTE/CE,2310704,OK
Quixelô,CE,QUIXELO/CE,2311355,OK
Ponta de Pedras,PA,PONTA DE PEDRAS/PA,1505700,OK
Alagoinha,PB,ALAGOINHA/PB,2500502,OK
São Sebastião do Passé,BA,SAO SEBASTIAO DO PASSE/BA,2929503,OK
Paripueira,AL,PARIPUEIRA/AL,2706448,OK
Duque de Caxias,RJ,DUQUE DE CAXIAS/RJ,3301702,OK
Lafaiete Coutinho,BA,LAFAIETE COUTINHO/BA,2918704,OK
Frei Inocêncio,MG,FREI INOCENCIO/MG,3126901,OK
Paraibano,MA,PARAIBANO/MA,2107704,OK
Paudalho,PE,PAUDALHO/PE,2610608,OK
Uruçuí,PI,URUCUI/PI,2211209,OK
Mirandiba,PE,MIRANDIBA/PE,2609303,OK
Capistrano,CE,CAPISTRANO/CE,2302909,OK
Ibipitanga,BA,IBIPITANGA/BA,2912509,OK
Camalaú,PB,CAMALAU/PB,2503902,OK
Brejetuba,ES,BREJETUBA/ES,3201159,OK
Pedra Branca,CE,PEDRA BRANCA/CE,2310506,OK
Brejão,PE,BREJAO/PE,2602407,OK
Belém do Brejo do Cruz,PB,BELEM DO BREJO DO CRUZ/PB,2502003,OK
Sento Sé,BA,SENTO SE/BA,2930204,OK
Santo Antônio do Itambé,MG,SANTO ANTONIO DO ITAMBE/MG,3160207,OK
Cláudia,MT,CLAUDIA/MT,5103056,OK
São Miguel do Araguaia,GO,SAO MIGUEL DO ARAGUAIA/GO,5220207,OK
Portalegre,RN,PORTALEGRE/RN,2410207,OK
Itaporanga d'Ajuda,SE,ITAPORANGA D AJUDA/SE,2803203,OK
São Pedro da Água Branca,MA,SAO PEDRO DA AGUA BRANCA/MA,2111532,OK
Itaíba,PE,ITAIBA/PE,2607505,OK
Pugmil,TO,PUGMIL/TO,1718451,OK
Tapurah,MT,TAPURAH/MT,5108006,OK
Divisa Alegre,MG,DIVISA ALEGRE/MG,3122355,OK
Craíbas,AL,CRAIBAS/AL,2702355,OK
Porto Real do Colégio,AL,PORTO REAL DO COLEGIO/AL,2707503,OK
Mutuípe,BA,MUTUIPE/BA,2922409,OK
Taquarussu,MS,TAQUARUSSU/MS,5007976,OK
Ponta Porã,MS,PONTA PORA/MS,5006606,OK
Bela Vista do Toldo,SC,BELA VISTA DO TOLDO/SC,4202131,OK
Irará,BA,IRARA/BA,2914505,OK
Tanguá,RJ,TANGUA/RJ,3305752,OK
Guarinos,GO,GUARINOS/GO,5209457,OK
Caputira,MG,CAPUTIRA/MG,3112901,OK
Aporá,BA,APORA/BA,2901908,OK
Itapirapuã,GO,ITAPIRAPUA/GO,5211008,OK
Banabuiú,CE,BANABUIU/CE,2301851,OK
Magé,RJ,MAGE/RJ,3302502,OK
Alvorada do Gurguéia,PI,ALVORADA DO GURGUEIA/PI,2200459,OK
Pinheiro Machado,RS,PINHEIRO MACHADO/RS,4314506,OK
Itagi,BA,ITAGI/BA,2915106,OK
São Sebastião do Tocantins,TO,SAO SEBASTIAO DO TOCANTINS/TO,1720309,OK
São José do Norte,RS,SAO JOSE DO NORTE/RS,4318507,OK
Guaraniaçu,PR,GUARANIACU/PR,4109302,OK
Ipanguaçu,RN,IPANGUACU/RN,2404705,OK
Tamboril do Piauí,PI,TAMBORIL DO PIAUI/PI,2210953,OK
Carlinda,MT,CARLINDA/MT,5102793,OK
Belo Vale,MG,BELO VALE/MG,3106408,OK
Salgadinho,PB,SALGADINHO/PB,2513000,OK
São Miguel,RN,SAO MIGUEL/RN,2412500,OK
Taquaraçu de Minas,MG,TAQUARACU DE MINAS/MG,3168309,OK
Porteiras,CE,PORTEIRAS/CE,2311108,OK
Pavão,MG,PAVAO/MG,3148509,OK
Jucati,PE,JUCATI/PE,2608255,OK
Santa Cruz da Vitória,BA,SANTA CRUZ DA VITORIA/BA,2927804,OK
Brás Pires,MG,BRAS PIRES/MG,3108701,OK
Trajano de Moraes,RJ,TRAJANO DE MORAES/RJ,3305901,OK
Rio Branco do Ivaí,PR,RIO BRANCO DO IVAI/PR,4122172,OK
Simplício Mendes,PI,SIMPLICIO MENDES/PI,2210805,OK
Canarana,BA,CANARANA/BA,2906204,OK
Monte Castelo,SC,MONTE CASTELO/SC,4211108,OK
São João do Arraial,PI,SAO JOAO DO ARRAIAL/PI,2209971,OK
Riachuelo,RN,RIACHUELO/RN,2410900,OK
Santa Terezinha,SC,SANTA TEREZINHA/SC,4215679,OK
São Gonçalo do Amarante,CE,SAO GONCALO DO AMARANTE/CE,2312403,OK
Itatuba,PB,ITATUBA/PB,2507200,OK
Capinzal do Norte,MA,CAPINZAL DO NORTE/MA,2102754,OK
Graça Aranha,MA,GRACA ARANHA/MA,2104701,OK
Vertente do Lério,PE,VERTENTE DO LERIO/PE,2616183,OK
Chapada Gaúcha,MG,CHAPADA GAUCHA/MG,3116159,OK
Petrolândia,SC,PETROLANDIA/SC,4212700,OK
Aliança do Tocantins,TO,ALIANCA DO TOCANTINS/TO,1700350,OK
Erval Seco,RS,ERVAL SECO/RS,4307302,OK
Salvaterra,PA,SALVATERRA/PA,1506302,OK
Pontes e Lacerda,MT,PONTES E LACERDA/MT,5106752,OK
Bela Vista do Piauí,PI,BELA VISTA DO PIAUI/PI,2201556,OK
Grão Mogol,MG,GRAO MOGOL/MG,3127800,OK
Magalhães Barata,PA,MAGALHAES BARATA/PA,1504109,OK
Araripe,CE,ARARIPE/CE,2301307,OK
Messias,AL,MESSIAS/AL,2705200,OK
Touros,RN,TOUROS/RN,2414407,OK
Rio Grande do Piauí,PI,RIO GRANDE DO PIAUI/PI,2209005,OK
Alagoinha do Piauí,PI,ALAGOINHA DO PIAUI/PI,2200251,OK
Alfredo Wagner,SC,ALFREDO WAGNER/SC,4200705,OK
Mampituba,RS,MAMPITUBA/RS,4311734,OK
Itapiúna,CE,ITAPIUNA/CE,2306504,OK
Boa Vista do Ramos,AM,BOA VISTA DO RAMOS/AM,1300680,OK
São Brás,AL,SAO BRAS/AL,2708204,OK
Pedra Azul,MG,PEDRA AZUL/MG,3148707,OK
Rodelas,BA,RODELAS/BA,2927101,OK
São João,PE,SAO JOAO/PE,2613206,OK
Itamaraju,BA,ITAMARAJU/BA,2915601,OK
Cuité,PB,CUITE/PB,2505105,OK
Capela de Santana,RS,CAPELA DE SANTANA/RS,4304689,OK
Jurema,PE,JUREMA/PE,2608404,OK
Anori,AM,ANORI/AM,1300102,OK
Barcarena,PA,BARCARENA/PA,1501303,OK
Cristino Castro,PI,CRISTINO CASTRO/PI,2203107,OK
Terenos,MS,TERENOS/MS,5008008,OK
Tapiramutá,BA,TAPIRAMUTA/BA,2931301,OK
Central,BA,CENTRAL/BA,2907608,OK
Tupiratins,TO,TUPIRATINS/TO,1721307,OK
Mulungu,CE,MULUNGU/CE,2309102,OK
Tabaporã,MT,TABAPORA/MT,5107941,OK
Rio Largo,AL,RIO LARGO/AL,2707701,OK
Itaúba,MT,ITAUBA/MT,5104559,OK
Papanduva,SC,PAPANDUVA/SC,4212205,OK
Curuá,PA,CURUA/PA,1502855,OK
Vargem,SC,VARGEM/SC,4219150,OK
Bom Jesus,PB,BOM JESUS/PB,2502201,OK
Oliveira de Fátima,TO,OLIVEIRA DE FATIMA/TO,1715507,OK
Porto Franco,MA,PORTO FRANCO/MA,2109007,OK
Belém do São Francisco,PE,BELEM DO SAO FRANCISCO/PE,2601607,OK
Pirambu,SE,PIRAMBU/SE,2805307,OK
Batalha,AL,BATALHA/AL,2700706,OK
Alvorada de Minas,MG,ALVORADA DE MINAS/MG,3102407,OK
Espigão D'Oeste,RO,ESPIGAO D OESTE/RO,1100098,OK
São Bento do Norte,RN,SAO BENTO DO NORTE/RN,2411601,OK
Iraquara,BA,IRAQUARA/BA,2914406,OK
Angico,TO,ANGICO/TO,1701051,OK
Irupi,ES,IRUPI/ES,3202652,OK
Santa Maria do Oeste,PR,SANTA MARIA DO OESTE/PR,4123857,OK
Umburanas,BA,UMBURANAS/BA,2932457,OK
Palestina do Pará,PA,PALESTINA DO PARA/PA,1505494,OK
Jericó,PB,JERICO/PB,2507408,OK
Itambé,PE,ITAMBE/PE,2607653,OK
Marcolândia,PI,MARCOLANDIA/PI,2205953,OK
Cipotânea,MG,CIPOTANEA/MG,3116308,OK
Lajeado Novo,MA,LAJEADO NOVO/MA,2105989,OK
Bom Jardim da Serra,SC,BOM JARDIM DA SERRA/SC,4202503,OK
Curimatá,PI,CURIMATA/PI,2203206,OK
Muricilândia,TO,MURICILANDIA/TO,1713957,OK
Crixás do Tocantins,TO,CRIXAS DO TOCANTINS/TO,1706258,OK
Cotiporã,RS,COTIPORA/RS,4305959,OK
Nova Brasilândia D'Oeste,RO,NOVA BRASILANDIA D OESTE/RO,1100148,OK
Quedas do Iguaçu,PR,QUEDAS DO IGUACU/PR,4120903,OK
Seabra,BA,SEABRA/BA,2929909,OK
Reserva,PR,RESERVA/PR,4121703,OK
Iracema,CE,IRACEMA/CE,2306009,OK
Patos do Piauí,PI,PATOS DO PIAUI/PI,2207777,OK
Sítio d'Abadia,GO,SITIO D ABADIA/GO,5220702,OK
Murici dos Portelas,PI,MURICI DOS PORTELAS/PI,2206696,OK
Riacho de Santo Antônio,PB,RIACHO DE SANTO ANTONIO/PB,2512788,OK
Taquaritinga do Norte,PE,TAQUARITINGA DO NORTE/PE,2615003,OK
Buerarema,BA,BUERAREMA/BA,2904704,OK
Itapuã do Oeste,RO,ITAPUA DO OESTE/RO,1101104,OK
Virginópolis,MG,VIRGINOPOLIS/MG,3171808,OK
São Benedito do Sul,PE,SAO BENEDITO DO SUL/PE,2612901,OK
Capoeiras,PE,CAPOEIRAS/PE,2603801,OK
Nova Fátima,BA,NOVA FATIMA/BA,2922730,OK
Jampruca,MG,JAMPRUCA/MG,3135076,OK
Primavera,PE,PRIMAVERA/PE,2611408,OK
Machados,PE,MACHADOS/PE,2609105,OK
Joaquim Pires,PI,JOAQUIM PIRES/PI,2205409,OK
Josenópolis,MG,JOSENOPOLIS/MG,3136579,OK
Igarapé do Meio,MA,IGARAPE DO MEIO/MA,2105153,OK
Conde,PB,CONDE/PB,2504603,OK
Ipirá,BA,IPIRA/BA,2914000,OK
São Felipe D'Oeste,RO,SAO FELIPE D OESTE/RO,1101484,OK
Diamante D'Oeste,PR,DIAMANTE D OESTE/PR,4107157,OK
Caraúbas do Piauí,PI,CARAUBAS DO PIAUI/PI,2202539,OK
Curvelândia,MT,CURVELANDIA/MT,5103437,OK
Chapada dos Guimarães,MT,CHAPADA DOS GUIMARAES/MT,5103007,OK
Santa Maria do Tocantins,TO,SANTA MARIA DO TOCANTINS/TO,1718881,OK
Rosário,MA,ROSARIO/MA,2109601,OK
Cortês,PE,CORTES/PE,2604809,OK
Jaqueira,PE,JAQUEIRA/PE,2607950,OK
Corumbiara,RO,CORUMBIARA/RO,1100072,OK
São Roberto,MA,SAO ROBERTO/MA,2111672,OK
Barra do Mendes,BA,BARRA DO MENDES/BA,2903003,OK
Esmeralda,RS,ESMERALDA/RS,4307401,OK
Pedro II,PI,PEDRO II/PI,2207900,OK
Mamanguape,PB,MAMANGUAPE/PB,2508901,OK
Malhador,SE,MALHADOR/SE,2803906,OK
Ourolândia,BA,OUROLANDIA/BA,2923357,OK
Quixeré,CE,QUIXERE/CE,2311504,OK
Trindade,PE,TRINDADE/PE,2615607,OK
Santo Antônio,RN,SANTO ANTONIO/RN,2411502,OK
Cajueiro,AL,CAJUEIRO/AL,2701308,OK
Gramado dos Loureiros,RS,GRAMADO DOS LOUREIROS/RS,4309126,OK
Salgado de São Félix,PB,SALGADO DE SAO FELIX/PB,2513109,OK
Faxinalzinho,RS,FAXINALZINHO/RS,4308052,OK
Picuí,PB,PICUI/PB,2511400,OK
Cutias,AP,CUTIAS/AP,1600212,OK
Rio Azul,PR,RIO AZUL/PR,4122008,OK
Cerrito,RS,CERRITO/RS,4305124,OK
Itambé do Mato Dentro,MG,ITAMBE DO MATO DENTRO/MG,3132800,OK
Paulo Jacinto,AL,PAULO JACINTO/AL,2706604,OK
Santa Cruz da Baixa Verde,PE,SANTA CRUZ DA BAIXA VERDE/PE,2612471,OK
Medeiros Neto,BA,MEDEIROS NETO/BA,2921104,OK
Juti,MS,JUTI/MS,5005152,OK
Bocaina do Sul,SC,BOCAINA DO SUL/SC,4202438,OK
Simões Filho,BA,SIMOES FILHO/BA,2930709,OK
Pilões,PB,PILOES/PB,2511608,OK
Cordeiros,BA,CORDEIROS/BA,2909000,OK
Lagoa do Mato,MA,LAGOA DO MATO/MA,2105922,OK
Itapitanga,BA,ITAPITANGA/BA,2916609,OK
Paquetá,PI,PAQUETA/PI,2207553,OK
Água Branca,AL,AGUA BRANCA/AL,2700102,OK
Antônio Olinto,PR,ANTONIO OLINTO/PR,4101309,OK
Lebon Régis,SC,LEBON REGIS/SC,4209706,OK
Novo Horizonte do Oeste,RO,NOVO HORIZONTE DO OESTE/RO,1100502,OK
Monsenhor Gil,PI,MONSENHOR GIL/PI,2206407,OK
Caldas Brandão,PB,CALDAS BRANDAO/PB,2503803,OK
Groaíras,CE,GROAIRAS/CE,2304905,OK
Alpercata,MG,ALPERCATA/MG,3101805,OK
Porto Estrela,MT,PORTO ESTRELA/MT,5106851,OK
Campo Novo,RS,CAMPO NOVO/RS,4304002,OK
Painel,SC,PAINEL/SC,4211892,OK
Calçado,PE,CALCADO/PE,2603306,OK
Barra do Guarita,RS,BARRA DO GUARITA/RS,4301859,OK
Tomazina,PR,TOMAZINA/PR,4127809,OK
Cerro Negro,SC,CERRO NEGRO/SC,4204178,OK
Porto Lucena,RS,PORTO LUCENA/RS,4315008,OK
Lucena,PB,LUCENA/PB,2508604,OK
Verdelândia,MG,VERDELANDIA/MG,3171030,OK
Buriti dos Lopes,PI,BURITI DOS LOPES/PI,2202000,OK
Centro do Guilherme,MA,CENTRO DO GUILHERME/MA,2103158,OK
Campinas do Piauí,PI,CAMPINAS DO PIAUI/PI,2202109,OK
Benjamin Constant do Sul,RS,BENJAMIN CONSTANT DO SUL/RS,4302055,OK
Encruzilhada do Sul,RS,ENCRUZILHADA DO SUL/RS,4306908,OK
Araguatins,TO,ARAGUATINS/TO,1702208,OK
Barcelona,RN,BARCELONA/RN,2401503,OK
Ipojuca,PE,IPOJUCA/PE,2607208,OK
Santaluz,BA,SANTALUZ/BA,2928000,OK
Araguapaz,GO,ARAGUAPAZ/GO,5202155,OK
Axixá,MA,AXIXA/MA,2101103,OK
São Miguel do Gostoso,RN,SAO MIGUEL DO GOSTOSO/RN,2412559,OK
Calmon,SC,CALMON/SC,4203154,OK
Banzaê,BA,BANZAE/BA,2902658,OK
Santa Bárbara do Pará,PA,SANTA BARBARA DO PARA/PA,1506351,OK
Ibicaraí,BA,IBICARAI/BA,2912103,OK
Guaraqueçaba,PR,GUARAQUECABA/PR,4109500,OK
São Francisco do Guaporé,RO,SAO FRANCISCO DO GUAPORE/RO,1101492,OK
Itacarambi,MG,ITACARAMBI/MG,3132107,OK
Marquinho,PR,MARQUINHO/PR,4115457,OK
Tapes,RS,TAPES/RS,4321105,OK
Sossêgo,PB,SOSSEGO/PB,2516151,OK
Chapada do Norte,MG,CHAPADA DO NORTE/MG,3116100,OK
Santa Cruz do Xingu,MT,SANTA CRUZ DO XINGU/MT,5107743,OK
Tasso Fragoso,MA,TASSO FRAGOSO/MA,2112001,OK
Curionópolis,PA,CURIONOPOLIS/PA,1502772,OK
Anamã,AM,ANAMA/AM,1300086,OK
Crisólita,MG,CRISOLITA/MG,3120151,OK
Cabeceiras do Piauí,PI,CABECEIRAS DO PIAUI/PI,2202059,OK
Dom Pedro,MA,DOM PEDRO/MA,2103802,OK
São João da Ponta,PA,SAO JOAO DA PONTA/PA,1507466,OK
Marques de Souza,RS,MARQUES DE SOUZA/RS,4312054,OK
São Sebastião do Rio Preto,MG,SAO SEBASTIAO DO RIO PRETO/MG,3164803,OK
Barra do Bugres,MT,BARRA DO BUGRES/MT,5101704,OK
Novo Santo Antônio,MT,NOVO SANTO ANTONIO/MT,5106315,OK
Sobrado,PB,SOBRADO/PB,2515971,OK
Xexéu,PE,XEXEU/PE,2616506,OK
Planalto,BA,PLANALTO/BA,2925006,OK
São Domingos do Norte,ES,SAO DOMINGOS DO NORTE/ES,3204658,OK
Brejinho,PE,BREJINHO/PE,2602506,OK
São Benedito,CE,SAO BENEDITO/CE,2312304,OK
Canindé,CE,CANINDE/CE,2302800,OK
Lamarão,BA,LAMARAO/BA,2919108,OK
Jaguaré,ES,JAGUARE/ES,3203056,OK
Lagoa dos Gatos,PE,LAGOA DOS GATOS/PE,2608701,OK
Aricanduva,MG,ARICANDUVA/MG,3104452,OK
Sardoá,MG,SARDOA/MG,3165503,OK
Itajuípe,BA,ITAJUIPE/BA,2915502,OK
Ruy Barbosa,BA,RUY BARBOSA/BA,2927200,OK
Chã Grande,PE,CHA GRANDE/PE,2604502,OK
Sítio Novo,RN,SITIO NOVO/RN,2413706,OK
Jaramataia,AL,JARAMATAIA/AL,2703700,OK
São Félix do Coribe,BA,SAO FELIX DO CORIBE/BA,2929057,OK
Ipubi,PE,IPUBI/PE,2607307,OK
Nova Tebas,PR,NOVA TEBAS/PR,4117271,OK
Jequeri,MG,JEQUERI/MG,3135506,OK
Simolândia,GO,SIMOLANDIA/GO,5220686,OK
Tangará,RN,TANGARA/RN,2414001,OK
Santa Rita,PB,SANTA RITA/PB,2513703,OK
Tucumã,PA,TUCUMA/PA,1508084,OK
Mariana Pimentel,RS,MARIANA PIMENTEL/RS,4311981,OK
Irajuba,BA,IRAJUBA/BA,2914208,OK
Águas Formosas,MG,AGUAS FORMOSAS/MG,3100906,OK
Serra Dourada,BA,SERRA DOURADA/BA,2930303,OK
Olhos-d'Água,MG,OLHOS D AGUA/MG,3145455,OK
Areia de Baraúnas,PB,AREIA DE BARAUNAS/PB,2501153,OK
Paranaguá,PR,PARANAGUA/PR,4118204,OK
Ortigueira,PR,ORTIGUEIRA/PR,4117305,OK
Manfrinópolis,PR,MANFRINOPOLIS/PR,4114351,OK
Santa Tereza do Tocantins,TO,SANTA TEREZA DO TOCANTINS/TO,1719004,OK
Riacho de Santana,BA,RIACHO DE SANTANA/BA,2926400,OK
Brunópolis,SC,BRUNOPOLIS/SC,4202875,OK
Pio IX,PI,PIO IX/PI,2208205,OK
Neópolis,SE,NEOPOLIS/SE,2804409,OK
José Boiteux,SC,JOSE BOITEUX/SC,4209151,OK
Aratuípe,BA,ARATUIPE/BA,2902302,OK
Rodolfo Fernandes,RN,RODOLFO FERNANDES/RN,2411007,OK
Saúde,BA,SAUDE/BA,2929800,OK
Caiçara do Norte,RN,CAICARA DO NORTE/RN,2401859,OK
Brejões,BA,BREJOES/BA,2904308,OK
Cruz,CE,CRUZ/CE,2304251,OK
Amapá,AP,AMAPA/AP,1600105,OK
Guaribas,PI,GUARIBAS/PI,2204550,OK
Barracão,RS,BARRACAO/RS,4301800,OK
Água Fria de Goiás,GO,AGUA FRIA DE GOIAS/GO,5200175,OK
Araguaçu,TO,ARAGUACU/TO,1702000,OK
Itaú,RN,ITAU/RN,2404903,OK
Pesqueira,PE,PESQUEIRA/PE,2610905,OK
Jussara,BA,JUSSARA/BA,2918506,OK
Luciara,MT,LUCIARA/MT,5105309,OK
Jardim do Mulato,PI,JARDIM DO MULATO/PI,2205250,OK
Areia Branca,RN,AREIA BRANCA/RN,2401107,OK
Alpestre,RS,ALPESTRE/RS,4300505,OK
Alvarenga,MG,ALVARENGA/MG,3102209,OK
Inajá,PE,INAJA/PE,2607000,OK
Araguaiana,MT,ARAGUAIANA/MT,5101001,OK
Joaquim Felício,MG,JOAQUIM FELICIO/MG,3136405,OK
São João do Polêsine,RS,SAO JOAO DO POLESINE/RS,4318432,OK
Tumiritinga,MG,TUMIRITINGA/MG,3169505,OK
São Luiz,RR,SAO LUIZ/RR,1400605,OK
Lagoa Salgada,RN,LAGOA SALGADA/RN,2406601,OK
Mogeiro,PB,MOGEIRO/PB,2509404,OK
Castro Alves,BA,CASTRO ALVES/BA,2907301,OK
Chupinguaia,RO,CHUPINGUAIA/RO,1100924,OK
Planalto,RS,PLANALTO/RS,4314704,OK
Coração de Jesus,MG,CORACAO DE JESUS/MG,3118809,OK
Nova Redenção,BA,NOVA REDENCAO/BA,2922854,OK
Morpará,BA,MORPARA/BA,2921609,OK
Serrita,PE,SERRITA/PE,2614006,OK
Remanso,BA,REMANSO/BA,2926004,OK
Braúnas,MG,BRAUNAS/MG,3108800,OK
Ouro Velho,PB,OURO VELHO/PB,2510600,OK
Passira,PE,PASSIRA/PE,2610509,OK
Baldim,MG,BALDIM/MG,3105004,OK
São Domingos do Azeitão,MA,SAO DOMINGOS DO AZEITAO/MA,2110658,OK
Itinga,MG,ITINGA/MG,3134004,OK
Água Doce do Norte,ES,AGUA DOCE DO NORTE/ES,3200169,OK
Lima Campos,MA,LIMA CAMPOS/MA,2106003,OK
Cedro,CE,CEDRO/CE,2303808,OK
Dueré,TO,DUERE/TO,1707306,OK
Quebrangulo,AL,QUEBRANGULO/AL,2707602,OK
São Gonçalo do Gurguéia,PI,SAO GONCALO DO GURGUEIA/PI,2209757,OK
Ibirataia,BA,IBIRATAIA/BA,2912905,OK
Nova Belém,MG,NOVA BELEM/MG,3144672,OK
Ibarama,RS,IBARAMA/RS,4309753,OK
Flores do Piauí,PI,FLORES DO PIAUI/PI,2203800,OK
Itanhém,BA,ITANHEM/BA,2916005,OK
Itueta,MG,ITUETA/MG,3134103,OK
Monte Santo do Tocantins,TO,MONTE SANTO DO TOCANTINS/TO,1713700,OK
Itabaiana,PB,ITABAIANA/PB,2506905,OK
Juara,MT,JUARA/MT,5105101,OK
Jupi,PE,JUPI/PE,2608305,OK
Taperoá,PB,TAPEROA/PB,2516508,OK
São Lourenço da Mata,PE,SAO LOURENCO DA MATA/PE,2613701,OK
Fernando Pedroza,RN,FERNANDO PEDROZA/RN,2403756,OK
Almino Afonso,RN,ALMINO AFONSO/RN,2400604,OK
Dias d'Ávila,BA,DIAS D AVILA/BA,2910057,OK
Boqueirão do Leão,RS,BOQUEIRAO DO LEAO/RS,4302451,OK
Bituruna,PR,BITURUNA/PR,4102901,OK
Reriutaba,CE,RERIUTABA/CE,2311702,OK
Amontada,CE,AMONTADA/CE,2300754,OK
Joca Marques,PI,JOCA MARQUES/PI,2205458,OK
Erval Grande,RS,ERVAL GRANDE/RS,4307203,OK
Indaiabira,MG,INDAIABIRA/MG,3130655,OK
Santa Terezinha,BA,SANTA TEREZINHA/BA,2928505,OK
Galinhos,RN,GALINHOS/RN,2404101,OK
Entre Rios,SC,ENTRE RIOS/SC,4205175,OK
Roteiro,AL,ROTEIRO/AL,2707800,OK
Amaraji,PE,AMARAJI/PE,2600906,OK
Capim,PB,CAPIM/PB,2504033,OK
Arara,PB,ARARA/PB,2500908,OK
Rio do Prado,MG,RIO DO PRADO/MG,3155108,OK
Mairi,BA,MAIRI/BA,2920106,OK
Santo Antônio do Retiro,MG,SANTO ANTONIO DO RETIRO/MG,3160454,OK
Indiaroba,SE,INDIAROBA/SE,2802809,OK
Serra Preta,BA,SERRA PRETA/BA,2930402,OK
Alto Alegre do Pindaré,MA,ALTO ALEGRE DO PINDARE/MA,2100477,OK
Monte Formoso,MG,MONTE FORMOSO/MG,3143153,OK
Branquinha,AL,BRANQUINHA/AL,2701100,OK
Santana de Pirapama,MG,SANTANA DE PIRAPAMA/MG,3158508,OK
Santo Antônio do Jacinto,MG,SANTO ANTONIO DO JACINTO/MG,3160306,OK
Paraíso,SC,PARAISO/SC,4212239,OK
Luisburgo,MG,LUISBURGO/MG,3138674,OK
Castanheiras,RO,CASTANHEIRAS/RO,1100908,OK
Vera Cruz,RN,VERA CRUZ/RN,2414803,OK
Potiretama,CE,POTIRETAMA/CE,2311231,OK
Pedras Altas,RS,PEDRAS ALTAS/RS,4314175,OK
Sertânia,PE,SERTANIA/PE,2614105,OK
Urupá,RO,URUPA/RO,1101708,OK
União dos Palmares,AL,UNIAO DOS PALMARES/AL,2709301,OK
Godofredo Viana,MA,GODOFREDO VIANA/MA,2104305,OK
Cocos,BA,COCOS/BA,2908101,OK
Poxoréu,MT,POXOREU/MT,5107008,OK
Piripá,BA,PIRIPA/BA,2924702,OK
Jaquirana,RS,JAQUIRANA/RS,4311122,OK
Sinimbu,RS,SINIMBU/RS,4320677,OK
Sanharó,PE,SANHARO/PE,2612406,OK
Cajuri,MG,CAJURI/MG,3110202,OK
Riachinho,TO,RIACHINHO/TO,1718550,OK
São Francisco,PB,SAO FRANCISCO/PB,2513984,OK
Campo Largo do Piauí,PI,CAMPO LARGO DO PIAUI/PI,2202174,OK
Maracaçumé,MA,MARACACUME/MA,2106326,OK
Uruçuca,BA,URUCUCA/BA,2932705,OK
Guapiara,SP,GUAPIARA/SP,3517604,OK
Capitão Gervásio Oliveira,PI,CAPITAO GERVASIO OLIVEIRA/PI,2202455,OK
Porto Firme,MG,PORTO FIRME/MG,3152303,OK
Itaueira,PI,ITAUEIRA/PI,2205102,OK
Baixa Grande,BA,BAIXA GRANDE/BA,2902609,OK
Rio Vermelho,MG,RIO VERMELHO/MG,3156007,OK
Catas Altas da Noruega,MG,CATAS ALTAS DA NORUEGA/MG,3115409,OK
Santa Inês,PB,SANTA INES/PB,2513356,OK
Itaboraí,RJ,ITABORAI/RJ,3301900,OK
Tucuruí,PA,TUCURUI/PA,1508100,OK
Luís Gomes,RN,LUIS GOMES/RN,2407005,OK
Milton Brandão,PI,MILTON BRANDAO/PI,2206357,OK
Santa Leopoldina,ES,SANTA LEOPOLDINA/ES,3204500,OK
São Caitano,PE,SAO CAITANO/PE,2613107,OK
São José dos Basílios,MA,SAO JOSE DOS BASILIOS/MA,2111250,OK
Lagoa de Dentro,PB,LAGOA DE DENTRO/PB,2508208,OK
Macajuba,BA,MACAJUBA/BA,2919603,OK
Viçosa do Ceará,CE,VICOSA DO CEARA/CE,2314102,OK
Malhada de Pedras,BA,MALHADA DE PEDRAS/BA,2920304,OK
Araguacema,TO,ARAGUACEMA/TO,1701903,OK
São Félix do Araguaia,MT,SAO FELIX DO ARAGUAIA/MT,5107859,OK
Nazaré do Piauí,PI,NAZARE DO PIAUI/PI,2206704,OK
Matinhas,PB,MATINHAS/PB,2509339,OK
Ribeirãozinho,MT,RIBEIRAOZINHO/MT,5107198,OK
Buritirana,MA,BURITIRANA/MA,2102358,OK
Cachoeira de Pajeú,MG,CACHOEIRA DE PAJEU/MG,3102704,OK
São Raimundo das Mangabeiras,MA,SAO RAIMUNDO DAS MANGABEIRAS/MA,2111607,OK
Vicente Dutra,RS,VICENTE DUTRA/RS,4323101,OK
Buriti Bravo,MA,BURITI BRAVO/MA,2102309,OK
Jaicós,PI,JAICOS/PI,2205201,OK
Matias Olímpio,PI,MATIAS OLIMPIO/PI,2206100,OK
Simonésia,MG,SIMONESIA/MG,3167608,OK
Montalvânia,MG,MONTALVANIA/MG,3142700,OK
Goiana,PE,GOIANA/PE,2606200,OK
Aldeias Altas,MA,ALDEIAS ALTAS/MA,2100303,OK
Cachoeira do Arari,PA,CACHOEIRA DO ARARI/PA,1502004,OK
Lagoa Real,BA,LAGOA REAL/BA,2918753,OK
Lagoa do Barro do Piauí,PI,LAGOA DO BARRO DO PIAUI/PI,2205565,OK
Ubatã,BA,UBATA/BA,2932309,OK
Conquista D'Oeste,MT,CONQUISTA D OESTE/MT,5103361,OK
Feliz Natal,MT,FELIZ NATAL/MT,5103700,OK
Nova Crixás,GO,NOVA CRIXAS/GO,5214838,OK
Balsas,MA,BALSAS/MA,2101400,OK
Mata de São João,BA,MATA DE SAO JOAO/BA,2921005,OK
Boa Nova,BA,BOA NOVA/BA,2903706,OK
São João da Serra,PI,SAO JOAO DA SERRA/PI,2209906,OK
Loreto,MA,LORETO/MA,2106102,OK
Jataúba,PE,JATAUBA/PE,2608008,OK
Guajeru,BA,GUAJERU/BA,2911659,OK
Limoeiro de Anadia,AL,LIMOEIRO DE ANADIA/AL,2704203,OK
Queimadas,BA,QUEIMADAS/BA,2925808,OK
Filadélfia,TO,FILADELFIA/TO,1707702,OK
Anadia,AL,ANADIA/AL,2700201,OK
General Carneiro,PR,GENERAL CARNEIRO/PR,4108502,OK
São Pedro,RN,SAO PEDRO/RN,2412708,OK
União,PI,UNIAO/PI,2211100,OK
Iati,PE,IATI/PE,2606507,OK
Manari,PE,MANARI/PE,2609154,OK
Ponte Serrada,SC,PONTE SERRADA/SC,4213401,OK
Turvânia,GO,TURVANIA/GO,5221502,OK
Carolina,MA,CAROLINA/MA,2102804,OK
Mulungu do Morro,BA,MULUNGU DO MORRO/BA,2922052,OK
Caxias,MA,CAXIAS/MA,2103000,OK
Augustinópolis,TO,AUGUSTINOPOLIS/TO,1702554,OK
Pedro Canário,ES,PEDRO CANARIO/ES,3204054,OK
Itaquitinga,PE,ITAQUITINGA/PE,2607802,OK
Santa Luzia D'Oeste,RO,SANTA LUZIA D OESTE/RO,1100296,OK
Jequitibá,MG,JEQUITIBA/MG,3135704,OK
Vila Rica,MT,VILA RICA/MT,5108600,OK
Cariri do Tocantins,TO,CARIRI DO TOCANTINS/TO,1703867,OK
Ribeirão do Largo,BA,RIBEIRAO DO LARGO/BA,2926657,OK
Santa Luz,PI,SANTA LUZ/PI,2209302,OK
Chuvisca,RS,CHUVISCA/RS,4305447,OK
Abreulândia,TO,ABREULANDIA/TO,1700251,OK
Galiléia,MG,GALILEIA/MG,3127305,OK
Palmas de Monte Alto,BA,PALMAS DE MONTE ALTO/BA,2923407,OK
Alagoinha,PE,ALAGOINHA/PE,2600609,OK
Pinhão,PR,PINHAO/PR,4119301,OK
Gado Bravo,PB,GADO BRAVO/PB,2506251,OK
Utinga,BA,UTINGA/BA,2932804,OK
Pilar de Goiás,GO,PILAR DE GOIAS/GO,5216908,OK
Mirassol d'Oeste,MT,MIRASSOL D OESTE/MT,5105622,OK
Ametista do Sul,RS,AMETISTA DO SUL/RS,4300646,OK
Alto Alegre dos Parecis,RO,ALTO ALEGRE DOS PARECIS/RO,1100379,OK
Itamari,BA,ITAMARI/BA,2915700,OK
Campo Alegre do Fidalgo,PI,CAMPO ALEGRE DO FIDALGO/PI,2202117,OK
Lagoa Alegre,PI,LAGOA ALEGRE/PI,2205557,OK
Piranga,MG,PIRANGA/MG,3150802,OK
Capão Alto,SC,CAPAO ALTO/SC,4203253,OK
Santa Fé do Araguaia,TO,SANTA FE DO ARAGUAIA/TO,1718865,OK
Antas,BA,ANTAS/BA,2901601,OK
Coluna,MG,COLUNA/MG,3116803,OK
Gurinhém,PB,GURINHEM/PB,2506400,OK
Pavussu,PI,PAVUSSU/PI,2207850,OK
São Pedro do Piauí,PI,SAO PEDRO DO PIAUI/PI,2210508,OK
Monsenhor Tabosa,CE,MONSENHOR TABOSA/CE,2308609,OK
Conceição do Coité,BA,CONCEICAO DO COITE/BA,2908408,OK
Aurelino Leal,BA,AURELINO LEAL/BA,2902401,OK
Jardim de Piranhas,RN,JARDIM DE PIRANHAS/RN,2405603,OK
Itaparica,BA,ITAPARICA/BA,2916104,OK
São Domingos do Araguaia,PA,SAO DOMINGOS DO ARAGUAIA/PA,1507151,OK
Ribamar Fiquene,MA,RIBAMAR FIQUENE/MA,2109551,OK
Condado,PE,CONDADO/PE,2604601,OK
Santa Rita do Novo Destino,GO,SANTA RITA DO NOVO DESTINO/GO,5219456,OK
Paramoti,CE,PARAMOTI/CE,2310407,OK
Chorozinho,CE,CHOROZINHO/CE,2303956,OK
Mirinzal,MA,MIRINZAL/MA,2106805,OK
São José do Divino,PI,SAO JOSE DO DIVINO/PI,2210052,OK
Santo André,PB,SANTO ANDRE/PB,2513851,OK
Cachoeira dos Índios,PB,CACHOEIRA DOS INDIOS/PB,2503308,OK
Caridade,CE,CARIDADE/CE,2303006,OK
Campos Verdes,GO,CAMPOS VERDES/GO,5204953,OK
Mirante da Serra,RO,MIRANTE DA SERRA/RO,1101302,OK
Monte Alegre dos Campos,RS,MONTE ALEGRE DOS CAMPOS/RS,4312377,OK
Rondon do Pará,PA,RONDON DO PARA/PA,1506187,OK
Lagoão,RS,LAGOAO/RS,4311254,OK
Mirante,BA,MIRANTE/BA,2921450,OK
Orocó,PE,OROCO/PE,2609808,OK
Japaratinga,AL,JAPARATINGA/AL,2703601,OK
Água Preta,PE,AGUA PRETA/PE,2600401,OK
Jacaré dos Homens,AL,JACARE DOS HOMENS/AL,2703403,OK
Fontoura Xavier,RS,FONTOURA XAVIER/RS,4308300,OK
Machacalis,MG,MACHACALIS/MG,3138906,OK
Sebastião Leal,PI,SEBASTIAO LEAL/PI,2210631,OK
Campo Formoso,BA,CAMPO FORMOSO/BA,2906006,OK
Itainópolis,PI,ITAINOPOLIS/PI,2205003,OK
São José das Palmeiras,PR,SAO JOSE DAS PALMEIRAS/PR,4125456,OK
Boa Vista do Tupim,BA,BOA VISTA DO TUPIM/BA,2903805,OK
Cristinápolis,SE,CRISTINAPOLIS/SE,2801702,OK
Tibau,RN,TIBAU/RN,2411056,OK
Fervedouro,MG,FERVEDOURO/MG,3125952,OK
Anguera,BA,ANGUERA/BA,2901502,OK
Ouricuri,PE,OURICURI/PE,2609907,OK
São Valério do Sul,RS,SAO VALERIO DO SUL/RS,4319737,OK
Mostardas,RS,MOSTARDAS/RS,4312500,OK
Santarém Novo,PA,SANTAREM NOVO/PA,1506906,OK
Miranda,MS,MIRANDA/MS,5005608,OK
Juína,MT,JUINA/MT,5105150,OK
Lambari D'Oeste,MT,LAMBARI D OESTE/MT,5105234,OK
Poção,PE,POCAO/PE,2611200,OK
Nova Ubiratã,MT,NOVA UBIRATA/MT,5106240,OK
Nilo Peçanha,BA,NILO PECANHA/BA,2922607,OK
Goioxim,PR,GOIOXIM/PR,4108650,OK
Itagimirim,BA,ITAGIMIRIM/BA,2915304,OK
Jandaíra,RN,JANDAIRA/RN,2405108,OK
Campina do Simão,PR,CAMPINA DO SIMAO/PR,4103958,OK
Herveiras,RS,HERVEIRAS/RS,4309571,OK
Tucano,BA,TUCANO/BA,2931905,OK
Morada Nova,CE,MORADA NOVA/CE,2308708,OK
Ituberá,BA,ITUBERA/BA,2917300,OK
Lagoa da Canoa,AL,LAGOA DA CANOA/AL,2704104,OK
Pacajus,CE,PACAJUS/CE,2309607,OK
Nova Viçosa,BA,NOVA VICOSA/BA,2923001,OK
Dom Eliseu,PA,DOM ELISEU/PA,1502939,OK
Arroio do Tigre,RS,ARROIO DO TIGRE/RS,4301206,OK
Palmares do Sul,RS,PALMARES DO SUL/RS,4313656,OK
Aguiar,PB,AGUIAR/PB,2500205,OK
Novo Oriente de Minas,MG,NOVO ORIENTE DE MINAS/MG,3145356,OK
São Vicente Férrer,PE,SAO VICENTE FERRER/PE,2613800,OK
Viçosa,AL,VICOSA/AL,2709400,OK
Jequitaí,MG,JEQUITAI/MG,3135605,OK
Graça,CE,GRACA/CE,2304657,OK
Aral Moreira,MS,ARAL MOREIRA/MS,5001243,OK
Gavião,BA,GAVIAO/BA,2911253,OK
Santa Rita,MA,SANTA RITA/MA,2110203,OK
Jeremoabo,BA,JEREMOABO/BA,2918100,OK
Pau D'Arco,TO,PAU D ARCO/TO,1716307,OK
Umbaúba,SE,UMBAUBA/SE,2807600,OK
Alagoa Nova,PB,ALAGOA NOVA/PB,2500403,OK
Governador Newton Bello,MA,GOVERNADOR NEWTON BELLO/MA,2104651,OK
Domingos Mourão,PI,DOMINGOS MOURAO/PI,2203420,OK
Cerro Azul,PR,CERRO AZUL/PR,4105201,OK
Muniz Ferreira,BA,MUNIZ FERREIRA/BA,2922201,OK
Esperantina,PI,ESPERANTINA/PI,2203701,OK
São Miguel do Guaporé,RO,SAO MIGUEL DO GUAPORE/RO,1100320,OK
Paracuru,CE,PARACURU/CE,2310209,OK
Varzelândia,MG,VARZELANDIA/MG,3170909,OK
Andorinha,BA,ANDORINHA/BA,2901353,OK
Joaíma,MG,JOAIMA/MG,3136009,OK
Conceição da Barra,ES,CONCEICAO DA BARRA/ES,3201605,OK
São Domingos,GO,SAO DOMINGOS/GO,5219803,OK
João Lisboa,MA,JOAO LISBOA/MA,2105500,OK
Andaraí,BA,ANDARAI/BA,2901304,OK
Carauari,AM,CARAUARI/AM,1301001,OK
Anagé,BA,ANAGE/BA,2901205,OK
Beruri,AM,BERURI/AM,1300631,OK
Ibicoara,BA,IBICOARA/BA,2912202,OK
Rio dos Bois,TO,RIO DOS BOIS/TO,1718709,OK
Pedrão,BA,PEDRAO/BA,2924108,OK
Ferros,MG,FERROS/MG,3125903,OK
Pindobaçu,BA,PINDOBACU/BA,2924603,OK
Manaíra,PB,MANAIRA/PB,2509008,OK
Olinda Nova do Maranhão,MA,OLINDA NOVA DO MARANHAO/MA,2107456,OK
Heitoraí,GO,HEITORAI/GO,5209606,OK
Coribe,BA,CORIBE/BA,2909109,OK
Carinhanha,BA,CARINHANHA/BA,2907103,OK
Belo Campo,BA,BELO CAMPO/BA,2903508,OK
Matões do Norte,MA,MATOES DO NORTE/MA,2106631,OK
Euclides da Cunha,BA,EUCLIDES DA CUNHA/BA,2910701,OK
Estreito,MA,ESTREITO/MA,2104057,OK
Itambacuri,MG,ITAMBACURI/MG,3132701,OK
Padre Paraíso,MG,PADRE PARAISO/MG,3146305,OK
Cansanção,BA,CANSANCAO/BA,2906808,OK
Cabixi,RO,CABIXI/RO,1100031,OK
Aragoiânia,GO,ARAGOIANIA/GO,5201801,OK
Passo de Camaragibe,AL,PASSO DE CAMARAGIBE/AL,2706505,OK
Engenho Velho,RS,ENGENHO VELHO/RS,4306924,OK
Itapebi,BA,ITAPEBI/BA,2916302,OK
Chapadinha,MA,CHAPADINHA/MA,2103208,OK
Santa Margarida do Sul,RS,SANTA MARGARIDA DO SUL/RS,4316972,OK
Mâncio Lima,AC,MANCIO LIMA/AC,1200336,OK
Manga,MG,MANGA/MG,3139300,OK
Morro do Chapéu,BA,MORRO DO CHAPEU/BA,2921708,OK
Correntina,BA,CORRENTINA/BA,2909307,OK
Águas Belas,PE,AGUAS BELAS/PE,2600500,OK
Riachinho,MG,RIACHINHO/MG,3154457,OK
Irituia,PA,IRITUIA/PA,1503507,OK
Cidreira,RS,CIDREIRA/RS,4305454,OK
Cachoeira,BA,CACHOEIRA/BA,2904902,OK
Guajará-Mirim,RO,GUAJARA MIRIM/RO,1100106,OK
Lavandeira,TO,LAVANDEIRA/TO,1712157,OK
Boa Viagem,CE,BOA VIAGEM/CE,2302404,OK
Comodoro,MT,COMODORO/MT,5103304,OK
Materlândia,MG,MATERLANDIA/MG,3140605,OK
Caldeirão Grande do Piauí,PI,CALDEIRAO GRANDE DO PIAUI/PI,2202091,OK
Tacaratu,PE,TACARATU/PE,2614808,OK
Progresso,RS,PROGRESSO/RS,4315156,OK
São João da Baliza,RR,SAO JOAO DA BALIZA/RR,1400506,OK
Piratini,RS,PIRATINI/RS,4314605,OK
Iraí,RS,IRAI/RS,4310504,OK
Senador Alexandre Costa,MA,SENADOR ALEXANDRE COSTA/MA,2111748,OK
Água Limpa,GO,AGUA LIMPA/GO,5200209,OK
Santo Antônio do Tauá,PA,SANTO ANTONIO DO TAUA/PA,1507003,OK
Caatiba,BA,CAATIBA/BA,2904803,OK
Açucena,MG,ACUCENA/MG,3100500,OK
Conceição da Feira,BA,CONCEICAO DA FEIRA/BA,2908200,OK
Vitorino Freire,MA,VITORINO FREIRE/MA,2113009,OK
Taipu,RN,TAIPU/RN,2413904,OK
Cuité de Mamanguape,PB,CUITE DE MAMANGUAPE/PB,2505238,OK
Cristópolis,BA,CRISTOPOLIS/BA,2909703,OK
Olho d'Água do Casado,AL,OLHO D AGUA DO CASADO/AL,2705804,OK
Marituba,PA,MARITUBA/PA,1504422,OK
Taipas do Tocantins,TO,TAIPAS DO TOCANTINS/TO,1720937,OK
Wanderlândia,TO,WANDERLANDIA/TO,1722081,OK
Cândido Mendes,MA,CANDIDO MENDES/MA,2102606,OK
Paragominas,PA,PARAGOMINAS/PA,1505502,OK
Barão de Grajaú,MA,BARAO DE GRAJAU/MA,2101509,OK
Cruzeiro do Sul,AC,CRUZEIRO DO SUL/AC,1200203,OK
São Miguel do Passa Quatro,GO,SAO MIGUEL DO PASSA QUATRO/GO,5220264,OK
Ipueiras,TO,IPUEIRAS/TO,1709807,OK
Beberibe,CE,BEBERIBE/CE,2302206,OK
Cidelândia,MA,CIDELANDIA/MA,2103257,OK
Pedra Preta,RN,PEDRA PRETA/RN,2409605,OK
Palmeiras do Tocantins,TO,PALMEIRAS DO TOCANTINS/TO,1713809,OK
Canutama,AM,CANUTAMA/AM,1300904,OK
Santa Efigênia de Minas,MG,SANTA EFIGENIA DE MINAS/MG,3157500,OK
Poço Redondo,SE,POCO REDONDO/SE,2805406,OK
Maragogipe,BA,MARAGOGIPE/BA,2920601,OK
Tunas do Paraná,PR,TUNAS DO PARANA/PR,4127882,OK
Plácido de Castro,AC,PLACIDO DE CASTRO/AC,1200385,OK
Centro Novo do Maranhão,MA,CENTRO NOVO DO MARANHAO/MA,2103174,OK
Sapucaia,PA,SAPUCAIA/PA,1507755,OK
Rio Crespo,RO,RIO CRESPO/RO,1100262,OK
Guaiúba,CE,GUAIUBA/CE,2304954,OK
Monsenhor Hipólito,PI,MONSENHOR HIPOLITO/PI,2206506,OK
Alto Boa Vista,MT,ALTO BOA VISTA/MT,5100359,OK
Saloá,PE,SALOA/PE,2612307,OK
Januário Cicco,RN,JANUARIO CICCO/RN,2405306,OK
Lajedinho,BA,LAJEDINHO/BA,2919009,OK
Humaitá,AM,HUMAITA/AM,1301704,OK
Novo Santo Antônio,PI,NOVO SANTO ANTONIO/PI,2206951,OK
Congo,PB,CONGO/PB,2504702,OK
Canudos,BA,CANUDOS/BA,2906824,OK
Cocal,PI,COCAL/PI,2202703,OK
Siriri,SE,SIRIRI/SE,2807204,OK
Filadélfia,BA,FILADELFIA/BA,2910859,OK
São Bento,MA,SAO BENTO/MA,2110500,OK
Umirim,CE,UMIRIM/CE,2313757,OK
Rio da Conceição,TO,RIO DA CONCEICAO/TO,1718659,OK
São Francisco do Brejão,MA,SAO FRANCISCO DO BREJAO/MA,2110856,OK
Coaraci,BA,COARACI/BA,2908002,OK
Atalaia,AL,ATALAIA/AL,2700409,OK
Lagoa Grande do Maranhão,MA,LAGOA GRANDE DO MARANHAO/MA,2105963,OK
Massapê do Piauí,PI,MASSAPE DO PIAUI/PI,2206050,OK
São Bernardo,MA,SAO BERNARDO/MA,2110609,OK
Muaná,PA,MUANA/PA,1504901,OK
Paratinga,BA,PARATINGA/BA,2923704,OK
Capão Bonito do Sul,RS,CAPAO BONITO DO SUL/RS,4304622,OK
Brejo da Madre de Deus,PE,BREJO DA MADRE DE DEUS/PE,2602605,OK
São Valério,TO,SAO VALERIO/TO,1720499,OK
Esperantinópolis,MA,ESPERANTINOPOLIS/MA,2104008,OK
Coronel José Dias,PI,CORONEL JOSE DIAS/PI,2202851,OK
Fruta de Leite,MG,FRUTA DE LEITE/MG,3127073,OK
Codajás,AM,CODAJAS/AM,1301308,OK
Rodrigues Alves,AC,RODRIGUES ALVES/AC,1200427,OK
Palmares,PE,PALMARES/PE,2610004,OK
Maetinga,BA,MAETINGA/BA,2919959,OK
Parecis,RO,PARECIS/RO,1101450,OK
Barra do Rocha,BA,BARRA DO ROCHA/BA,2903102,OK
Manoel Vitorino,BA,MANOEL VITORINO/BA,2920403,OK
Colares,PA,COLARES/PA,1502608,OK
Chã de Alegria,PE,CHA DE ALEGRIA/PE,2604403,OK
Belterra,PA,BELTERRA/PA,1501451,OK
São João do Sul,SC,SAO JOAO DO SUL/SC,4216404,OK
Tanquinho,BA,TANQUINHO/BA,2931103,OK
Serra dos Aimorés,MG,SERRA DOS AIMORES/MG,3166709,OK
São Miguel de Taipu,PB,SAO MIGUEL DE TAIPU/PB,2515005,OK
São Vicente do Seridó,PB,SAO VICENTE DO SERIDO/PB,2515401,OK
Ibitiara,BA,IBITIARA/BA,2913002,OK
São José da Coroa Grande,PE,SAO JOSE DA COROA GRANDE/PE,2613404,OK
São João de Pirabas,PA,SAO JOAO DE PIRABAS/PA,1507474,OK
Miranda do Norte,MA,MIRANDA DO NORTE/MA,2106755,OK
Amarante,PI,AMARANTE/PI,2200509,OK
Ourilândia do Norte,PA,OURILANDIA DO NORTE/PA,1505437,OK
Glória,BA,GLORIA/BA,2911402,OK
Tejuçuoca,CE,TEJUCUOCA/CE,2313351,OK
Cristalândia do Piauí,PI,CRISTALANDIA DO PIAUI/PI,2203008,OK
Cícero Dantas,BA,CICERO DANTAS/BA,2907806,OK
Terra Nova,BA,TERRA NOVA/BA,2931707,OK
Barra,BA,BARRA/BA,2902708,OK
Canapi,AL,CANAPI/AL,2701605,OK
Governador Edison Lobão,MA,GOVERNADOR EDISON LOBAO/MA,2104552,OK
Nioaque,MS,NIOAQUE/MS,5005806,OK
Inhambupe,BA,INHAMBUPE/BA,2913705,OK
São José da Tapera,AL,SAO JOSE DA TAPERA/AL,2708402,OK
Jurema,PI,JUREMA/PI,2205532,OK
Pindaré-Mirim,MA,PINDARE MIRIM/MA,2108504,OK
Itaguatins,TO,ITAGUATINS/TO,1710706,OK
Luís Domingues,MA,LUIS DOMINGUES/MA,2106201,OK
Independência,CE,INDEPENDENCIA/CE,2305605,OK
Santa Maria da Vitória,BA,SANTA MARIA DA VITORIA/BA,2928109,OK
Lago do Junco,MA,LAGO DO JUNCO/MA,2105807,OK
Codó,MA,CODO/MA,2103307,OK
Flores de Goiás,GO,FLORES DE GOIAS/GO,5207907,OK
Tuntum,MA,TUNTUM/MA,2112308,OK
Nova Timboteua,PA,NOVA TIMBOTEUA/PA,1505007,OK
São Luís do Curu,CE,SAO LUIS DO CURU/CE,2312601,OK
Luislândia,MG,LUISLANDIA/MG,3138682,OK
Poço das Trincheiras,AL,POCO DAS TRINCHEIRAS/AL,2707206,OK
Bertópolis,MG,BERTOPOLIS/MG,3106606,OK
Sumidouro,RJ,SUMIDOURO/RJ,3305703,OK
Cândido Sales,BA,CANDIDO SALES/BA,2906709,OK
Padre Marcos,PI,PADRE MARCOS/PI,2207207,OK
Castanhal,PA,CASTANHAL/PA,1502400,OK
Coelho Neto,MA,COELHO NETO/MA,2103406,OK
Gameleira de Goiás,GO,GAMELEIRA DE GOIAS/GO,5208152,OK
Itaguaçu da Bahia,BA,ITAGUACU DA BAHIA/BA,2915353,OK
Cajazeirinhas,PB,CAJAZEIRINHAS/PB,2503753,OK
Santa Bárbara,BA,SANTA BARBARA/BA,2927507,OK
Santa Maria do Pará,PA,SANTA MARIA DO PARA/PA,1506609,OK
Boninal,BA,BONINAL/BA,2904001,OK
Botumirim,MG,BOTUMIRIM/MG,3108503,OK
Paulistana,PI,PAULISTANA/PI,2207801,OK
Santa Izabel do Pará,PA,SANTA IZABEL DO PARA/PA,1506500,OK
Serranópolis de Minas,MG,SERRANOPOLIS DE MINAS/MG,3166956,OK
Mundo Novo,GO,MUNDO NOVO/GO,5214051,OK
Confresa,MT,CONFRESA/MT,5103353,OK
Canto do Buriti,PI,CANTO DO BURITI/PI,2202307,OK
São João do Triunfo,PR,SAO JOAO DO TRIUNFO/PR,4125100,OK
Brejinho de Nazaré,TO,BREJINHO DE NAZARE/TO,1703701,OK
São João da Ponte,MG,SAO JOAO DA PONTE/MG,3162401,OK
Poranga,CE,PORANGA/CE,2311009,OK
Igaci,AL,IGACI/AL,2703106,OK
Junco do Maranhão,MA,JUNCO DO MARANHAO/MA,2105658,OK
Gandu,BA,GANDU/BA,2911204,OK
Juruti,PA,JURUTI/PA,1503903,OK
Miracema do Tocantins,TO,MIRACEMA DO TOCANTINS/TO,1713205,OK
Porto Calvo,AL,PORTO CALVO/AL,2707305,OK
Barreirinhas,MA,BARREIRINHAS/MA,2101707,OK
Ilha de Itamaracá,PE,ILHA DE ITAMARACA/PE,2607604,OK
Xambioá,TO,XAMBIOA/TO,1722107,OK
Marilac,MG,MARILAC/MG,3140100,OK
Itinga do Maranhão,MA,ITINGA DO MARANHAO/MA,2105427,OK
Ibicuitinga,CE,IBICUITINGA/CE,2305332,OK
Santa Filomena do Maranhão,MA,SANTA FILOMENA DO MARANHAO/MA,2109759,OK
Pimenteiras,PI,PIMENTEIRAS/PI,2208106,OK
Brejo do Piauí,PI,BREJO DO PIAUI/PI,2201988,OK
Algodão de Jandaíra,PB,ALGODAO DE JANDAIRA/PB,2500577,OK
Santa Quitéria do Maranhão,MA,SANTA QUITERIA DO MARANHAO/MA,2110104,OK
Almeirim,PA,ALMEIRIM/PA,1500503,OK
Santa Rosa do Tocantins,TO,SANTA ROSA DO TOCANTINS/TO,1718907,OK
Cândido de Abreu,PR,CANDIDO DE ABREU/PR,4104402,OK
Quijingue,BA,QUIJINGUE/BA,2925907,OK
Ouro Branco,AL,OURO BRANCO/AL,2706109,OK
Colônia Leopoldina,AL,COLONIA LEOPOLDINA/AL,2702108,OK
Ibateguara,AL,IBATEGUARA/AL,2703007,OK
Jaú do Tocantins,TO,JAU DO TOCANTINS/TO,1711506,OK
Senador Modestino Gonçalves,MG,SENADOR MODESTINO GONCALVES/MG,3165909,OK
Rafael Jambeiro,BA,RAFAEL JAMBEIRO/BA,2925956,OK
Fagundes,PB,FAGUNDES/PB,2506103,OK
Jacaraú,PB,JACARAU/PB,2507309,OK
Cristalândia,TO,CRISTALANDIA/TO,1706100,OK
Várzea Nova,BA,VARZEA NOVA/BA,2933158,OK
Olho d'Água Grande,AL,OLHO D AGUA GRANDE/AL,2705903,OK
Cruz Machado,PR,CRUZ MACHADO/PR,4106803,OK
Curaçá,BA,CURACA/BA,2909901,OK
Matupá,MT,MATUPA/MT,5105606,OK
Aquiraz,CE,AQUIRAZ/CE,2301000,OK
Monte das Gameleiras,RN,MONTE DAS GAMELEIRAS/RN,2407906,OK
Conceição do Jacuípe,BA,CONCEICAO DO JACUIPE/BA,2908507,OK
São Sebastião da Boa Vista,PA,SAO SEBASTIAO DA BOA VISTA/PA,1507706,OK
Vila Valério,ES,VILA VALERIO/ES,3205176,OK
Francisco Badaró,MG,FRANCISCO BADARO/MG,3126505,OK
São Miguel do Tapuio,PI,SAO MIGUEL DO TAPUIO/PI,2210409,OK
Cardeal da Silva,BA,CARDEAL DA SILVA/BA,2907004,OK
São Domingos,BA,SAO DOMINGOS/BA,2928950,OK
Aragominas,TO,ARAGOMINAS/TO,1701309,OK
Antônio João,MS,ANTONIO JOAO/MS,5000906,OK
São José do Rio Claro,MT,SAO JOSE DO RIO CLARO/MT,5107305,OK
Caravelas,BA,CARAVELAS/BA,2906907,OK
Valença,BA,VALENCA/BA,2932903,OK
Abel Figueiredo,PA,ABEL FIGUEIREDO/PA,1500131,OK
Afonso Bezerra,RN,AFONSO BEZERRA/RN,2400307,OK
Santanópolis,BA,SANTANOPOLIS/BA,2928307,OK
Tanhaçu,BA,TANHACU/BA,2931004,OK
Silves,AM,SILVES/AM,1304005,OK
Campanário,MG,CAMPANARIO/MG,3110806,OK
Pio XII,MA,PIO XII/MA,2108702,OK
Santa Cruz de Salinas,MG,SANTA CRUZ DE SALINAS/MG,3157377,OK
Ponto Novo,BA,PONTO NOVO/BA,2925253,OK
Wanderley,BA,WANDERLEY/BA,2933455,OK
Escada,PE,ESCADA/PE,2605202,OK
Caraúbas,RN,CARAUBAS/RN,2402303,OK
Alto Alegre do Maranhão,MA,ALTO ALEGRE DO MARANHAO/MA,2100436,OK
Araci,BA,ARACI/BA,2902104,OK
Caém,BA,CAEM/BA,2905107,OK
Gonçalves Dias,MA,GONCALVES DIAS/MA,2104404,OK
Cacimbinhas,AL,CACIMBINHAS/AL,2701209,OK
Pendências,RN,PENDENCIAS/RN,2409902,OK
Riachuelo,SE,RIACHUELO/SE,2805901,OK
Mansidão,BA,MANSIDAO/BA,2920452,OK
Candeal,BA,CANDEAL/BA,2906402,OK
Montividiu do Norte,GO,MONTIVIDIU DO NORTE/GO,5213772,OK
Costa Marques,RO,COSTA MARQUES/RO,1100080,OK
Salitre,CE,SALITRE/CE,2311959,OK
Poté,MG,POTE/MG,3152402,OK
Batalha,PI,BATALHA/PI,2201507,OK
Boa Vista do Gurupi,MA,BOA VISTA DO GURUPI/MA,2101970,OK
Ninheira,MG,NINHEIRA/MG,3144656,OK
Ibirapuã,BA,IBIRAPUA/BA,2912806,OK
Santana do Manhuaçu,MG,SANTANA DO MANHUACU/MG,3158904,OK
Serra do Mel,RN,SERRA DO MEL/RN,2413359,OK
Antônio Martins,RN,ANTONIO MARTINS/RN,2400901,OK
São Miguel do Guamá,PA,SAO MIGUEL DO GUAMA/PA,1507607,OK
Tonantins,AM,TONANTINS/AM,1304237,OK
São Tomé,RN,SAO TOME/RN,2412906,OK
Itatira,CE,ITATIRA/CE,2306603,OK
Presidente Figueiredo,AM,PRESIDENTE FIGUEIREDO/AM,1303536,OK
Dois Irmãos do Buriti,MS,DOIS IRMAOS DO BURITI/MS,5003488,OK
Formigueiro,RS,FORMIGUEIRO/RS,4308409,OK
Carapebus,RJ,CARAPEBUS/RJ,3300936,OK
Anajatuba,MA,ANAJATUBA/MA,2100709,OK
Biritinga,BA,BIRITINGA/BA,2903607,OK
Senador Guiomard,AC,SENADOR GUIOMARD/AC,1200450,OK
Vereda,BA,VEREDA/BA,2933257,OK
Caaporã,PB,CAAPORA/PB,2503001,OK
Traipu,AL,TRAIPU/AL,2709202,OK
Estrela de Alagoas,AL,ESTRELA DE ALAGOAS/AL,2702553,OK
Gilbués,PI,GILBUES/PI,2204402,OK
Serra Nova Dourada,MT,SERRA NOVA DOURADA/MT,5107883,OK
Brejo,MA,BREJO/MA,2102101,OK
Jerumenha,PI,JERUMENHA/PI,2205300,OK
Governador Jorge Teixeira,RO,GOVERNADOR JORGE TEIXEIRA/RO,1101005,OK
Governador Mangabeira,BA,GOVERNADOR MANGABEIRA/BA,2911600,OK
Buritis,RO,BURITIS/RO,1100452,OK
Itacaré,BA,ITACARE/BA,2914901,OK
Guamaré,RN,GUAMARE/RN,2404507,OK
Peixoto de Azevedo,MT,PEIXOTO DE AZEVEDO/MT,5106422,OK
São João do Carú,MA,SAO JOAO DO CARU/MA,2111029,OK
Cerro Grande do Sul,RS,CERRO GRANDE DO SUL/RS,4305173,OK
Mascote,BA,MASCOTE/BA,2920908,OK
Teixeirópolis,RO,TEIXEIROPOLIS/RO,1101559,OK
Periquito,MG,PERIQUITO/MG,3149952,OK
Barra do Ouro,TO,BARRA DO OURO/TO,1703073,OK
Laranjal do Jari,AP,LARANJAL DO JARI/AP,1600279,OK
Novo Mundo,MT,NOVO MUNDO/MT,5106265,OK
Malhada,BA,MALHADA/BA,2920205,OK
Caraíbas,BA,CARAIBAS/BA,2906899,OK
Teresina de Goiás,GO,TERESINA DE GOIAS/GO,5221080,OK
Calumbi,PE,CALUMBI/PE,2603405,OK
Ponto dos Volantes,MG,PONTO DOS VOLANTES/MG,3152170,OK
Barrolândia,TO,BARROLANDIA/TO,1703107,OK
Franciscópolis,MG,FRANCISCOPOLIS/MG,3126752,OK
Itaquiraí,MS,ITAQUIRAI/MS,5004601,OK
Alto Longá,PI,ALTO LONGA/PI,2200301,OK
Inácio Martins,PR,INACIO MARTINS/PR,4110201,OK
Exu,PE,EXU/PE,2605301,OK
Araçoiaba,PE,ARACOIABA/PE,2601052,OK
Manaquiri,AM,MANAQUIRI/AM,1302553,OK
Pedro Velho,RN,PEDRO VELHO/RN,2409803,OK
Acrelândia,AC,ACRELANDIA/AC,1200013,OK
Erebango,RS,EREBANGO/RS,4306973,OK
Pequizeiro,TO,PEQUIZEIRO/TO,1716653,OK
Maragogi,AL,MARAGOGI/AL,2704500,OK
Mundo Novo,BA,MUNDO NOVO/BA,2922102,OK
Bonito,PA,BONITO/PA,1501600,OK
Pirapemas,MA,PIRAPEMAS/MA,2108801,OK
Cônego Marinho,MG,CONEGO MARINHO/MG,3117836,OK
Marcelândia,MT,MARCELANDIA/MT,5105580,OK
Ubaí,MG,UBAI/MG,3170008,OK
Formoso,MG,FORMOSO/MG,3126208,OK
Iuiu,BA,IUIU/BA,2917334,OK
Sítio do Mato,BA,SITIO DO MATO/BA,2930758,OK
Ibicuí,BA,IBICUI/BA,2912301,OK
Nova Brasilândia,MT,NOVA BRASILANDIA/MT,5106208,OK
Uauá,BA,UAUA/BA,2932002,OK
Bacabal,MA,BACABAL/MA,2101202,OK
Malacacheta,MG,MALACACHETA/MG,3139201,OK
Baião,PA,BAIAO/PA,1501204,OK
Várzea da Roça,BA,VARZEA DA ROCA/BA,2933059,OK
Gongogi,BA,GONGOGI/BA,2911501,OK
Santo Antônio dos Lopes,MA,SANTO ANTONIO DOS LOPES/MA,2110302,OK
Conceição do Araguaia,PA,CONCEICAO DO ARAGUAIA/PA,1502707,OK
Natuba,PB,NATUBA/PB,2509909,OK
Nova Bandeirantes,MT,NOVA BANDEIRANTES/MT,5106158,OK
Itatim,BA,ITATIM/BA,2916856,OK
Esperantina,TO,ESPERANTINA/TO,1707405,OK
Assunção do Piauí,PI,ASSUNCAO DO PIAUI/PI,2201051,OK
Iaçu,BA,IACU/BA,2911907,OK
Camacan,BA,CAMACAN/BA,2905602,OK
Avelino Lopes,PI,AVELINO LOPES/PI,2201101,OK
Dormentes,PE,DORMENTES/PE,2605152,OK
Canindé de São Francisco,SE,CANINDE DE SAO FRANCISCO/SE,2801207,OK
Senhora do Porto,MG,SENHORA DO PORTO/MG,3166105,OK
Santa Luzia do Itanhy,SE,SANTA LUZIA DO ITANHY/SE,2806305,OK
Milhã,CE,MILHA/CE,2308351,OK
Santa Helena de Minas,MG,SANTA HELENA DE MINAS/MG,3157658,OK
Nhamundá,AM,NHAMUNDA/AM,1303007,OK
Porto do Mangue,RN,PORTO DO MANGUE/RN,2410256,OK
São José dos Ramos,PB,SAO JOSE DOS RAMOS/PB,2514453,OK
Bujaru,PA,BUJARU/PA,1501907,OK
Gameleira,PE,GAMELEIRA/PE,2605905,OK
Chorrochó,BA,CHORROCHO/BA,2907707,OK
Formosa do Rio Preto,BA,FORMOSA DO RIO PRETO/BA,2911105,OK
Porto Esperidião,MT,PORTO ESPERIDIAO/MT,5106828,OK
Mojuí dos Campos,PA,MOJUI DOS CAMPOS/PA,1504752,OK
Canavieiras,BA,CANAVIEIRAS/BA,2906303,OK
Brejo de Areia,MA,BREJO DE AREIA/MA,2102150,OK
Alta Floresta D'Oeste,RO,ALTA FLORESTA D OESTE/RO,1100015,OK
Baianópolis,BA,BAIANOPOLIS/BA,2902500,OK
Apiacás,MT,APIACAS/MT,5100805,OK
Parnarama,MA,PARNARAMA/MA,2107803,OK
Santo Amaro,BA,SANTO AMARO/BA,2928604,OK
Isaías Coelho,PI,ISAIAS COELHO/PI,2204907,OK
Pedras de Fogo,PB,PEDRAS DE FOGO/PB,2511202,OK
Cametá,PA,CAMETA/PA,1502103,OK
Bela Vista do Maranhão,MA,BELA VISTA DO MARANHAO/MA,2101772,OK
Presidente Jânio Quadros,BA,PRESIDENTE JANIO QUADROS/BA,2925709,OK
Rondolândia,MT,RONDOLANDIA/MT,5107578,OK
Poção de Pedras,MA,POCAO DE PEDRAS/MA,2108900,OK
Ielmo Marinho,RN,IELMO MARINHO/RN,2404606,OK
Coronel Bicaco,RS,CORONEL BICACO/RS,4305900,OK
Feliz Deserto,AL,FELIZ DESERTO/AL,2702702,OK
Tutóia,MA,TUTOIA/MA,2112506,OK
Garrafão do Norte,PA,GARRAFAO DO NORTE/PA,1503077,OK
Jaborandi,BA,JABORANDI/BA,2917359,OK
Almas,TO,ALMAS/TO,1700400,OK
Ulianópolis,PA,ULIANOPOLIS/PA,1508126,OK
Nova União,RO,NOVA UNIAO/RO,1101435,OK
Abaetetuba,PA,ABAETETUBA/PA,1500107,OK
Maracanã,PA,MARACANA/PA,1504307,OK
Nossa Senhora dos Remédios,PI,NOSSA SENHORA DOS REMEDIOS/PI,2206803,OK
Caldeirão Grande,BA,CALDEIRAO GRANDE/BA,2905503,OK
Ubaitaba,BA,UBAITABA/BA,2932200,OK
Gurupá,PA,GURUPA/PA,1503101,OK
Timbiras,MA,TIMBIRAS/MA,2112100,OK
Icaraí de Minas,MG,ICARAI DE MINAS/MG,3130051,OK
Miraíma,CE,MIRAIMA/CE,2308377,OK
São José da Vitória,BA,SAO JOSE DA VITORIA/BA,2929354,OK
Flexeiras,AL,FLEXEIRAS/AL,2702801,OK
Curral Novo do Piauí,PI,CURRAL NOVO DO PIAUI/PI,2203271,OK
Nova Olinda,TO,NOVA OLINDA/TO,1714880,OK
Aracatu,BA,ARACATU/BA,2902005,OK
Bacabeira,MA,BACABEIRA/MA,2101251,OK
Oriximiná,PA,ORIXIMINA/PA,1505304,OK
Jaguaretama,CE,JAGUARETAMA/CE,2306702,OK
Antônio Dias,MG,ANTONIO DIAS/MG,3103009,OK
Itaipé,MG,ITAIPE/MG,3132305,OK
Santa Cecília,PB,SANTA CECILIA/PB,2513158,OK
Barreirinha,AM,BARREIRINHA/AM,1300508,OK
Palmeiras,BA,PALMEIRAS/BA,2923506,OK
Candeias do Jamari,RO,CANDEIAS DO JAMARI/RO,1100809,OK
Santa Luzia do Paruá,MA,SANTA LUZIA DO PARUA/MA,2110039,OK
São José do Xingu,MT,SAO JOSE DO XINGU/MT,5107354,OK
Colinas,MA,COLINAS/MA,2103505,OK
Baía da Traição,PB,BAIA DA TRAICAO/PB,2501401,OK
Fortuna,MA,FORTUNA/MA,2104206,OK
Pedra,PE,PEDRA/PE,2610806,OK
Careiro,AM,CAREIRO/AM,1301100,OK
Itaju do Colônia,BA,ITAJU DO COLONIA/BA,2915403,OK
Sena Madureira,AC,SENA MADUREIRA/AC,1200500,OK
Babaçulândia,TO,BABACULANDIA/TO,1703008,OK
Araioses,MA,ARAIOSES/MA,2100907,OK
Queimada Nova,PI,QUEIMADA NOVA/PI,2208650,OK
Bonópolis,GO,BONOPOLIS/GO,5203575,OK
Alto Paraguai,MT,ALTO PARAGUAI/MT,5100508,OK
Casa Nova,BA,CASA NOVA/BA,2907202,OK
Conceição do Almeida,BA,CONCEICAO DO ALMEIDA/BA,2908309,OK
Xapuri,AC,XAPURI/AC,1200708,OK
Santa Rita do Tocantins,TO,SANTA RITA DO TOCANTINS/TO,1718899,OK
São José do Jacuri,MG,SAO JOSE DO JACURI/MG,3163508,OK
Sambaíba,MA,SAMBAIBA/MA,2109700,OK
Jiquiriçá,BA,JIQUIRICA/BA,2918209,OK
Palmeirais,PI,PALMEIRAIS/PI,2207504,OK
Cacimbas,PB,CACIMBAS/PB,2503555,OK
Conde,BA,CONDE/BA,2908606,OK
São Mateus do Maranhão,MA,SAO MATEUS DO MARANHAO/MA,2111508,OK
São José do Cerrito,SC,SAO JOSE DO CERRITO/SC,4216800,OK
Maraial,PE,MARAIAL/PE,2609204,OK
Brasnorte,MT,BRASNORTE/MT,5101902,OK
Governador Luiz Rocha,MA,GOVERNADOR LUIZ ROCHA/MA,2104628,OK
Mucuri,BA,MUCURI/BA,2922003,OK
Milagres do Maranhão,MA,MILAGRES DO MARANHAO/MA,2106672,OK
Couto Magalhães,TO,COUTO MAGALHAES/TO,1706001,OK
Porto Alegre do Tocantins,TO,PORTO ALEGRE DO TOCANTINS/TO,1718006,OK
Taquarana,AL,TAQUARANA/AL,2709103,OK
Sucupira do Riachão,MA,SUCUPIRA DO RIACHAO/MA,2111953,OK
Caiçara do Rio do Vento,RN,CAICARA DO RIO DO VENTO/RN,2401909,OK
Dirceu Arcoverde,PI,DIRCEU ARCOVERDE/PI,2203354,OK
Ipecaetá,BA,IPECAETA/BA,2913804,OK
Vale do Paraíso,RO,VALE DO PARAISO/RO,1101807,OK
Nova Colinas,MA,NOVA COLINAS/MA,2107258,OK
Antônio Cardoso,BA,ANTONIO CARDOSO/BA,2901700,OK
Bequimão,MA,BEQUIMAO/MA,2101905,OK
Tenente Portela,RS,TENENTE PORTELA/RS,4321402,OK
Brasiléia,AC,BRASILEIA/AC,1200104,OK
Caracol,PI,CARACOL/PI,2202505,OK
Colinas do Sul,GO,COLINAS DO SUL/GO,5205521,OK
Paulino Neves,MA,PAULINO NEVES/MA,2108058,OK
Brejolândia,BA,BREJOLANDIA/BA,2904407,OK
Esplanada,BA,ESPLANADA/BA,2910602,OK
Castanheira,MT,CASTANHEIRA/MT,5102850,OK
Ourém,PA,OUREM/PA,1505403,OK
Cotegipe,BA,COTEGIPE/BA,2909406,OK
Afrânio,PE,AFRANIO/PE,2600203,OK
Itapecuru Mirim,MA,ITAPECURU MIRIM/MA,2105401,OK
Betânia do Piauí,PI,BETANIA DO PIAUI/PI,2201739,OK
Xinguara,PA,XINGUARA/PA,1508407,OK
Mateiros,TO,MATEIROS/TO,1712702,OK
Vitória do Xingu,PA,VITORIA DO XINGU/PA,1508357,OK
Santo Antônio de Leverger,MT,SANTO ANTONIO DE LEVERGER/MT,5107800,OK
Olho d'Água das Cunhãs,MA,OLHO D AGUA DAS CUNHAS/MA,2107407,OK
Urbano Santos,MA,URBANO SANTOS/MA,2112605,OK
Barra de Santana,PB,BARRA DE SANTANA/PB,2501575,OK
Abaré,BA,ABARE/BA,2900207,OK
Bom Jardim,MA,BOM JARDIM/MA,2102002,OK
São João do Jaguaribe,CE,SAO JOAO DO JAGUARIBE/CE,2312502,OK
Barra do Corda,MA,BARRA DO CORDA/MA,2101608,OK
Sucupira do Norte,MA,SUCUPIRA DO NORTE/MA,2111904,OK
Jardim de Angicos,RN,JARDIM DE ANGICOS/RN,2405504,OK
Amambai,MS,AMAMBAI/MS,5000609,OK
Arraias,TO,ARRAIAS/TO,1702406,OK
Mulungu,PB,MULUNGU/PB,2509800,OK
Boca do Acre,AM,BOCA DO ACRE/AM,1300706,OK
Bujari,AC,BUJARI/AC,1200138,OK
Japeri,RJ,JAPERI/RJ,3302270,OK
Carutapera,MA,CARUTAPERA/MA,2102903,OK
Mucugê,BA,MUCUGE/BA,2921906,OK
Lençóis,BA,LENCOIS/BA,2919306,OK
Alto Santo,CE,ALTO SANTO/CE,2300705,OK
Darcinópolis,TO,DARCINOPOLIS/TO,1706506,OK
Benedito Leite,MA,BENEDITO LEITE/MA,2101806,OK
Riacho Frio,PI,RIACHO FRIO/PI,2208858,OK
Arataca,BA,ARATACA/BA,2902252,OK
Tamarana,PR,TAMARANA/PR,4126678,OK
São Caetano de Odivelas,PA,SAO CAETANO DE ODIVELAS/PA,1507102,OK
Pintópolis,MG,PINTOPOLIS/MG,3150570,OK
Afonso Cunha,MA,AFONSO CUNHA/MA,2100105,OK
São Geraldo do Araguaia,PA,SAO GERALDO DO ARAGUAIA/PA,1507458,OK
Pedra Branca do Amapari,AP,PEDRA BRANCA DO AMAPARI/AP,1600154,OK
Silvanópolis,TO,SILVANOPOLIS/TO,1720655,OK
Igreja Nova,AL,IGREJA NOVA/AL,2703205,OK
Novo Aripuanã,AM,NOVO ARIPUANA/AM,1303304,OK
Buritirama,BA,BURITIRAMA/BA,2904753,OK
Acajutiba,BA,ACAJUTIBA/BA,2900306,OK
Santa Brígida,BA,SANTA BRIGIDA/BA,2927606,OK
Girau do Ponciano,AL,GIRAU DO PONCIANO/AL,2702900,OK
Riachão das Neves,BA,RIACHAO DAS NEVES/BA,2926202,OK
Icatu,MA,ICATU/MA,2105104,OK
Planalto da Serra,MT,PLANALTO DA SERRA/MT,5106455,OK
São Miguel das Matas,BA,SAO MIGUEL DAS MATAS/BA,2929404,OK
Baixa Grande do Ribeiro,PI,BAIXA GRANDE DO RIBEIRO/PI,2201150,OK
Monte do Carmo,TO,MONTE DO CARMO/TO,1713601,OK
Piaçabuçu,AL,PIACABUCU/AL,2706802,OK
Aroeiras,PB,AROEIRAS/PB,2501302,OK
Corrente,PI,CORRENTE/PI,2202901,OK
Iguaí,BA,IGUAI/BA,2913507,OK
Quatipuru,PA,QUATIPURU/PA,1506112,OK
Bonfim do Piauí,PI,BONFIM DO PIAUI/PI,2201929,OK
Governador Nunes Freire,MA,GOVERNADOR NUNES FREIRE/MA,2104677,OK
Campo Novo de Rondônia,RO,CAMPO NOVO DE RONDONIA/RO,1100700,OK
Ituaçu,BA,ITUACU/BA,2917201,OK
Teodoro Sampaio,BA,TEODORO SAMPAIO/BA,2931400,OK
Caetanos,BA,CAETANOS/BA,2905156,OK
Rio dos Índios,RS,RIO DOS INDIOS/RS,4315552,OK
Vitória do Mearim,MA,VITORIA DO MEARIM/MA,2112902,OK
Juripiranga,PB,JURIPIRANGA/PB,2507903,OK
Miguel Calmon,BA,MIGUEL CALMON/BA,2921203,OK
Coração de Maria,BA,CORACAO DE MARIA/BA,2908903,OK
Divinópolis do Tocantins,TO,DIVINOPOLIS DO TOCANTINS/TO,1707108,OK
Itaeté,BA,ITAETE/BA,2915007,OK
Nova Floresta,PB,NOVA FLORESTA/PB,2510105,OK
Entre Rios,BA,ENTRE RIOS/BA,2910503,OK
Porto de Pedras,AL,PORTO DE PEDRAS/AL,2707404,OK
Brasil Novo,PA,BRASIL NOVO/PA,1501725,OK
Cabaceiras do Paraguaçu,BA,CABACEIRAS DO PARAGUACU/BA,2904852,OK
Serrano do Maranhão,MA,SERRANO DO MARANHAO/MA,2111789,OK
Porto Alegre do Norte,MT,PORTO ALEGRE DO NORTE/MT,5106778,OK
Cantanhede,MA,CANTANHEDE/MA,2102705,OK
Condeúba,BA,CONDEUBA/BA,2908705,OK
Grajaú,MA,GRAJAU/MA,2104800,OK
Nossa Senhora do Livramento,MT,NOSSA SENHORA DO LIVRAMENTO/MT,5106109,OK
Serra Azul de Minas,MG,SERRA AZUL DE MINAS/MG,3166501,OK
Santa Luzia,MA,SANTA LUZIA/MA,2110005,OK
Monte Santo,BA,MONTE SANTO/BA,2921500,OK
Belo Monte,AL,BELO MONTE/AL,2700904,OK
Jaguaripe,BA,JAGUARIPE/BA,2917805,OK
Pitimbu,PB,PITIMBU/PB,2511905,OK
Dom Inocêncio,PI,DOM INOCENCIO/PI,2203453,OK
Baliza,GO,BALIZA/GO,5203104,OK
São João do Tigre,PB,SAO JOAO DO TIGRE/PB,2514107,OK
Laguna Carapã,MS,LAGUNA CARAPA/MS,5005251,OK
Goianorte,TO,GOIANORTE/TO,1708304,OK
Senador La Rocque,MA,SENADOR LA ROCQUE/MA,2111763,OK
Pé de Serra,BA,PE DE SERRA/BA,2924058,OK
Nordestina,BA,NORDESTINA/BA,2922656,OK
São Francisco de Assis do Piauí,PI,SAO FRANCISCO DE ASSIS DO PIAUI/PI,2209658,OK
Itabela,BA,ITABELA/BA,2914653,OK
União do Sul,MT,UNIAO DO SUL/MT,5108303,OK
Santa Maria do Cambucá,PE,SANTA MARIA DO CAMBUCA/PE,2612703,OK
Lago da Pedra,MA,LAGO DA PEDRA/MA,2105708,OK
Barro Preto,BA,BARRO PRETO/BA,2903300,OK
Bonito de Minas,MG,BONITO DE MINAS/MG,3108255,OK
Fartura do Piauí,PI,FARTURA DO PIAUI/PI,2203750,OK
Lábrea,AM,LABREA/AM,1302405,OK
Piraí do Norte,BA,PIRAI DO NORTE/BA,2924678,OK
Mirangaba,BA,MIRANGABA/BA,2921401,OK
Itapicuru,BA,ITAPICURU/BA,2916500,OK
Santa Cruz Cabrália,BA,SANTA CRUZ CABRALIA/BA,2927705,OK
Chapada de Areia,TO,CHAPADA DE AREIA/TO,1704600,OK
Rio Bonito do Iguaçu,PR,RIO BONITO DO IGUACU/PR,4122156,OK
Governador Eugênio Barros,MA,GOVERNADOR EUGENIO BARROS/MA,2104602,OK
Vigia,PA,VIGIA/PA,1508209,OK
Afuá,PA,AFUA/PA,1500305,OK
Acauã,PI,ACAUA/PI,2200053,OK
Pedro Avelino,RN,PEDRO AVELINO/RN,2409704,OK
Marcionílio Souza,BA,MARCIONILIO SOUZA/BA,2920809,OK
Theobroma,RO,THEOBROMA/RO,1101609,OK
Capixaba,AC,CAPIXABA/AC,1200179,OK
Matões,MA,MATOES/MA,2106607,OK
Porto Walter,AC,PORTO WALTER/AC,1200393,OK
Central do Maranhão,MA,CENTRAL DO MARANHAO/MA,2103125,OK
Capanema,PA,CAPANEMA/PA,1502202,OK
Juruena,MT,JURUENA/MT,5105176,OK
Setubinha,MG,SETUBINHA/MG,3165552,OK
Nova Ipixuna,PA,NOVA IPIXUNA/PA,1504976,OK
Brejo Grande,SE,BREJO GRANDE/SE,2800704,OK
São José de Mipibu,RN,SAO JOSE DE MIPIBU/RN,2412203,OK
Tefé,AM,TEFE/AM,1304203,OK
Tacima,PB,TACIMA/PB,2516409,OK
Laranjal,PR,LARANJAL/PR,4113254,OK
Rosário Oeste,MT,ROSARIO OESTE/MT,5107701,OK
Pedro do Rosário,MA,PEDRO DO ROSARIO/MA,2108256,OK
Taguatinga,TO,TAGUATINGA/TO,1720903,OK
Santa Cruz,PE,SANTA CRUZ/PE,2612455,OK
São Bento do Tocantins,TO,SAO BENTO DO TOCANTINS/TO,1720101,OK
Itiúba,BA,ITIUBA/BA,2917003,OK
Nova Rosalândia,TO,NOVA ROSALANDIA/TO,1715002,OK
Buíque,PE,BUIQUE/PE,2602803,OK
Alto Paraíso,RO,ALTO PARAISO/RO,1100403,OK
Currais,PI,CURRAIS/PI,2203230,OK
Guajará,AM,GUAJARA/AM,1301654,OK
Luís Correia,PI,LUIS CORREIA/PI,2205706,OK
Inhapi,AL,INHAPI/AL,2703304,OK
Sebastião Barros,PI,SEBASTIAO BARROS/PI,2210623,OK
Oliveira dos Brejinhos,BA,OLIVEIRA DOS BREJINHOS/BA,2923209,OK
São Benedito do Rio Preto,MA,SAO BENEDITO DO RIO PRETO/MA,2110401,OK
Peri Mirim,MA,PERI MIRIM/MA,2108405,OK
Rio Preto da Eva,AM,RIO PRETO DA EVA/AM,1303569,OK
Caroebe,RR,CAROEBE/RR,1400233,OK
Bom Jesus das Selvas,MA,BOM JESUS DAS SELVAS/MA,2102036,OK
Formosa da Serra Negra,MA,FORMOSA DA SERRA NEGRA/MA,2104099,OK
Igarapé Grande,MA,IGARAPE GRANDE/MA,2105203,OK
Marapanim,PA,MARAPANIM/PA,1504406,OK
Itacajá,TO,ITACAJA/TO,1710508,OK
Santa Cruz de Goiás,GO,SANTA CRUZ DE GOIAS/GO,5219209,OK
Fortaleza dos Nogueiras,MA,FORTALEZA DOS NOGUEIRAS/MA,2104107,OK
Bodocó,PE,BODOCO/PE,2602001,OK
Encruzilhada,BA,ENCRUZILHADA/BA,2910404,OK
Santa Filomena,PE,SANTA FILOMENA/PE,2612554,OK
Feira Nova do Maranhão,MA,FEIRA NOVA DO MARANHAO/MA,2104073,OK
Rurópolis,PA,RUROPOLIS/PA,1506195,OK
Dom Feliciano,RS,DOM FELICIANO/RS,4306502,OK
Manicoré,AM,MANICORE/AM,1302702,OK
Redentora,RS,REDENTORA/RS,4315404,OK
Boquira,BA,BOQUIRA/BA,2904100,OK
Machadinho D'Oeste,RO,MACHADINHO D OESTE/RO,1100130,OK
Canavieira,PI,CANAVIEIRA/PI,2202251,OK
Charrua,RS,CHARRUA/RS,4305371,OK
Rorainópolis,RR,RORAINOPOLIS/RR,1400472,OK
Bom Jesus do Araguaia,MT,BOM JESUS DO ARAGUAIA/MT,5101852,OK
Alcantil,PB,ALCANTIL/PB,2500536,OK
Conceição do Lago-Açu,MA,CONCEICAO DO LAGO ACU/MA,2103554,OK
São Félix do Tocantins,TO,SAO FELIX DO TOCANTINS/TO,1720150,OK
Palmeirândia,MA,PALMEIRANDIA/MA,2107605,OK
Monte Negro,RO,MONTE NEGRO/RO,1101401,OK
Barreiras do Piauí,PI,BARREIRAS DO PIAUI/PI,2201309,OK
Riachão,MA,RIACHAO/MA,2109502,OK
Major Isidoro,AL,MAJOR ISIDORO/AL,2704401,OK
Alcântara,MA,ALCANTARA/MA,2100204,OK
Coité do Nóia,AL,COITE DO NOIA/AL,2702009,OK
Eldorado do Carajás,PA,ELDORADO DO CARAJAS/PA,1502954,OK
Pai Pedro,MG,PAI PEDRO/MG,3146552,OK
Gentio do Ouro,BA,GENTIO DO OURO/BA,2911303,OK
Inhangapi,PA,INHANGAPI/PA,1503408,OK
Palmeirante,TO,PALMEIRANTE/TO,1715705,OK
Maurilândia do Tocantins,TO,MAURILANDIA DO TOCANTINS/TO,1712801,OK
Barros Cassal,RS,BARROS CASSAL/RS,4302006,OK
Pureza,RN,PUREZA/RN,2410405,OK
Presidente Dutra,MA,PRESIDENTE DUTRA/MA,2109106,OK
Cavalcante,GO,CAVALCANTE/GO,5205307,OK
Formoso do Araguaia,TO,FORMOSO DO ARAGUAIA/TO,1708205,OK
Pinheiro,MA,PINHEIRO/MA,2108603,OK
Maraú,BA,MARAU/BA,2920700,OK
Zé Doca,MA,ZE DOCA/MA,2114007,OK
Marabá,PA,MARABA/PA,1504208,OK
Tavares,RS,TAVARES/RS,4321352,OK
Maravilha,AL,MARAVILHA/AL,2704609,OK
Santa Rita de Cássia,BA,SANTA RITA DE CASSIA/BA,2928406,OK
Bragança,PA,BRAGANCA/PA,1501709,OK
Nova Soure,BA,NOVA SOURE/BA,2922904,OK
Rubelita,MG,RUBELITA/MG,3156502,OK
Mazagão,AP,MAZAGAO/AP,1600402,OK
Terra Alta,PA,TERRA ALTA/PA,1507961,OK
Alto Parnaíba,MA,ALTO PARNAIBA/MA,2100501,OK
Piraquê,TO,PIRAQUE/TO,1717206,OK
Várzea Branca,PI,VARZEA BRANCA/PI,2211357,OK
Uarini,AM,UARINI/AM,1304260,OK
Matriz de Camaragibe,AL,MATRIZ DE CAMARAGIBE/AL,2705101,OK
Peixe-Boi,PA,PEIXE BOI/PA,1505601,OK
Araçás,BA,ARACAS/BA,2902054,OK
Turiaçu,MA,TURIACU/MA,2112407,OK
Júlio Borges,PI,JULIO BORGES/PI,2205524,OK
Ipixuna do Pará,PA,IPIXUNA DO PARA/PA,1503457,OK
Santo Amaro do Maranhão,MA,SANTO AMARO DO MARANHAO/MA,2110278,OK
Vale do Anari,RO,VALE DO ANARI/RO,1101757,OK
Pacaraima,RR,PACARAIMA/RR,1400456,OK
Nova Iorque,MA,NOVA IORQUE/MA,2107308,OK
Rio Real,BA,RIO REAL/BA,2927002,OK
Matina,BA,MATINA/BA,2921054,OK
Jutaí,AM,JUTAI/AM,1302306,OK
Maranhãozinho,MA,MARANHAOZINHO/MA,2106375,OK
Jussari,BA,JUSSARI/BA,2918555,OK
Juruá,AM,JURUA/AM,1302207,OK
São Desidério,BA,SAO DESIDERIO/BA,2928901,OK
Muquém do São Francisco,BA,MUQUEM DO SAO FRANCISCO/BA,2922250,OK
Manoel Urbano,AC,MANOEL URBANO/AC,1200344,OK
Guaratinga,BA,GUARATINGA/BA,2911808,OK
Nova Canaã,BA,NOVA CANAA/BA,2922706,OK
Cajueiro da Praia,PI,CAJUEIRO DA PRAIA/PI,2202083,OK
Santana da Boa Vista,RS,SANTANA DA BOA VISTA/RS,4317004,OK
Satubinha,MA,SATUBINHA/MA,2111722,OK
Duque Bacelar,MA,DUQUE BACELAR/MA,2103901,OK
Marianópolis do Tocantins,TO,MARIANOPOLIS DO TOCANTINS/TO,1712504,OK
Bagre,PA,BAGRE/PA,1501105,OK
Maués,AM,MAUES/AM,1302900,OK
Chaves,PA,CHAVES/PA,1502509,OK
Novo Cruzeiro,MG,NOVO CRUZEIRO/MG,3145307,OK
Pau D'Arco,PA,PAU D ARCO/PA,1505551,OK
Igarapé-Açu,PA,IGARAPE ACU/PA,1503200,OK
Cacique Doble,RS,CACIQUE DOBLE/RS,4303202,OK
Nazária,PI,NAZARIA/PI,2206720,OK
Jucuruçu,BA,JUCURUCU/BA,2918456,OK
Dona Inês,PB,DONA INES/PB,2505709,OK
Contendas do Sincorá,BA,CONTENDAS DO SINCORA/BA,2908804,OK
Benjamin Constant,AM,BENJAMIN CONSTANT/AM,1300607,OK
Nova Monte Verde,MT,NOVA MONTE VERDE/MT,5108956,OK
Cocalinho,MT,COCALINHO/MT,5103106,OK
Tremedal,BA,TREMEDAL/BA,2931806,OK
Lizarda,TO,LIZARDA/TO,1712405,OK
Caraí,MG,CARAI/MG,3113008,OK
Alvarães,AM,ALVARAES/AM,1300029,OK
Mata Grande,AL,MATA GRANDE/AL,2705002,OK
Presidente Sarney,MA,PRESIDENTE SARNEY/MA,2109270,OK
Trairi,CE,TRAIRI/CE,2313500,OK
Anapurus,MA,ANAPURUS/MA,2100808,OK
Fonte Boa,AM,FONTE BOA/AM,1301605,OK
Vera Cruz,BA,VERA CRUZ/BA,2933208,OK
Conceição do Tocantins,TO,CONCEICAO DO TOCANTINS/TO,1705607,OK
Monte Alegre de Goiás,GO,MONTE ALEGRE DE GOIAS/GO,5213509,OK
Jatobá,MA,JATOBA/MA,2105450,OK
Senador Rui Palmeira,AL,SENADOR RUI PALMEIRA/AL,2708956,OK
Matinha,MA,MATINHA/MA,2106508,OK
Dois Irmãos do Tocantins,TO,DOIS IRMAOS DO TOCANTINS/TO,1707207,OK
Buriticupu,MA,BURITICUPU/MA,2102325,OK
Chapada da Natividade,TO,CHAPADA DA NATIVIDADE/TO,1705102,OK
Ponte Alta do Bom Jesus,TO,PONTE ALTA DO BOM JESUS/TO,1717800,OK
Itarema,CE,ITAREMA/CE,2306553,OK
Breu Branco,PA,BREU BRANCO/PA,1501782,OK
Barra do Choça,BA,BARRA DO CHOCA/BA,2902906,OK
Parnaguá,PI,PARNAGUA/PI,2207603,OK
Brejo Grande do Araguaia,PA,BREJO GRANDE DO ARAGUAIA/PA,1501758,OK
Miguel Alves,PI,MIGUEL ALVES/PI,2206209,OK
São Vicente Ferrer,MA,SAO VICENTE FERRER/MA,2111706,OK
São Luís Gonzaga do Maranhão,MA,SAO LUIS GONZAGA DO MARANHAO/MA,2111409,OK
Ibirapitanga,BA,IBIRAPITANGA/BA,2912707,OK
Tracuateua,PA,TRACUATEUA/PA,1508035,OK
Monte Alegre,PA,MONTE ALEGRE/PA,1504802,OK
Santa Fé de Minas,MG,SANTA FE DE MINAS/MG,3157609,OK
Governador Archer,MA,GOVERNADOR ARCHER/MA,2104503,OK
Ribeira do Amparo,BA,RIBEIRA DO AMPARO/BA,2926509,OK
Barão do Triunfo,RS,BARAO DO TRIUNFO/RS,4301750,OK
Gaúcha do Norte,MT,GAUCHA DO NORTE/MT,5103858,OK
Presidente Tancredo Neves,BA,PRESIDENTE TANCREDO NEVES/BA,2925758,OK
Santa Luzia do Pará,PA,SANTA LUZIA DO PARA/PA,1506559,OK
Itaipava do Grajaú,MA,ITAIPAVA DO GRAJAU/MA,2105351,OK
Primeira Cruz,MA,PRIMEIRA CRUZ/MA,2109403,OK
Cachoeira Grande,MA,CACHOEIRA GRANDE/MA,2102374,OK
Brotas de Macaúbas,BA,BROTAS DE MACAUBAS/BA,2904506,OK
São Sebastião,AL,SAO SEBASTIAO/AL,2708808,OK
Tomé-Açu,PA,TOME ACU/PA,1508001,OK
Canabrava do Norte,MT,CANABRAVA DO NORTE/MT,5102694,OK
Campo Alegre de Lourdes,BA,CAMPO ALEGRE DE LOURDES/BA,2905909,OK
Nova Olinda do Norte,AM,NOVA OLINDA DO NORTE/AM,1303106,OK
Autazes,AM,AUTAZES/AM,1300300,OK
Casinhas,PE,CASINHAS/PE,2604155,OK
Lagoa do Tocantins,TO,LAGOA DO TOCANTINS/TO,1711951,OK
Peixe,TO,PEIXE/TO,1716604,OK
Pracuúba,AP,PRACUUBA/AP,1600550,OK
Assis Brasil,AC,ASSIS BRASIL/AC,1200054,OK
Porto Acre,AC,PORTO ACRE/AC,1200807,OK
Jordão,AC,JORDAO/AC,1200328,OK
Redenção,PA,REDENCAO/PA,1506138,OK
Água Azul do Norte,PA,AGUA AZUL DO NORTE/PA,1500347,OK
Amaral Ferrador,RS,AMARAL FERRADOR/RS,4300638,OK
Igrapiúna,BA,IGRAPIUNA/BA,2913457,OK
Governador Dix-Sept Rosado,RN,GOVERNADOR DIX SEPT ROSADO/RN,2404309,OK
Ribeirão Cascalheira,MT,RIBEIRAO CASCALHEIRA/MT,5107180,OK
Piçarra,PA,PICARRA/PA,1505635,OK
Nina Rodrigues,MA,NINA RODRIGUES/MA,2107209,OK
Limoeiro do Ajuru,PA,LIMOEIRO DO AJURU/PA,1504000,OK
Campos Lindos,TO,CAMPOS LINDOS/TO,1703842,OK
Borba,AM,BORBA/AM,1300805,OK
Coronel Domingos Soares,PR,CORONEL DOMINGOS SOARES/PR,4106456,OK
Iranduba,AM,IRANDUBA/AM,1301852,OK
Aratuba,CE,ARATUBA/CE,2301406,OK
Mãe do Rio,PA,MAE DO RIO/PA,1504059,OK
Tailândia,PA,TAILANDIA/PA,1507953,OK
Presidente Vargas,MA,PRESIDENTE VARGAS/MA,2109304,OK
Santa Filomena,PI,SANTA FILOMENA/PI,2209203,OK
Bom Jesus da Serra,BA,BOM JESUS DA SERRA/BA,2903953,OK
Laje,BA,LAJE/BA,2918803,OK
Iramaia,BA,IRAMAIA/BA,2914307,OK
Tapauá,AM,TAPAUA/AM,1304104,OK
Itapiratins,TO,ITAPIRATINS/TO,1710904,OK
Natividade,TO,NATIVIDADE/TO,1714203,OK
Nova Maringá,MT,NOVA MARINGA/MT,5108907,OK
Joaquim Gomes,AL,JOAQUIM GOMES/AL,2703809,OK
Caracaraí,RR,CARACARAI/RR,1400209,OK
Choró,CE,CHORO/CE,2303931,OK
Curralinho,PA,CURRALINHO/PA,1502806,OK
Santa Terezinha,MT,SANTA TEREZINHA/MT,5107776,OK
Marcação,PB,MARCACAO/PB,2509057,OK
Aurora do Pará,PA,AURORA DO PARA/PA,1500958,OK
Porto Grande,AP,PORTO GRANDE/AP,1600535,OK
Dois Riachos,AL,DOIS RIACHOS/AL,2702504,OK
Turilândia,MA,TURILANDIA/MA,2112456,OK
São Luís do Quitunde,AL,SAO LUIS DO QUITUNDE/AL,2708501,OK
Tartarugalzinho,AP,TARTARUGALZINHO/AP,1600709,OK
Passa Sete,RS,PASSA SETE/RS,4314068,OK
Dário Meira,BA,DARIO MEIRA/BA,2910008,OK
Alcobaça,BA,ALCOBACA/BA,2900801,OK
Bom Jesus do Tocantins,PA,BOM JESUS DO TOCANTINS/PA,1501576,OK
Cruz do Espírito Santo,PB,CRUZ DO ESPIRITO SANTO/PB,2504900,OK
Viana,MA,VIANA/MA,2112803,OK
Nova Mamoré,RO,NOVA MAMORE/RO,1100338,OK
Nova Olinda do Maranhão,MA,NOVA OLINDA DO MARANHAO/MA,2107357,OK
Araguanã,MA,ARAGUANA/MA,2100873,OK
Rio Sono,TO,RIO SONO/TO,1718758,OK
Paranhos,MS,PARANHOS/MS,5006358,OK
Mocajuba,PA,MOCAJUBA/PA,1504604,OK
Prainha,PA,PRAINHA/PA,1506005,OK
Itupiranga,PA,ITUPIRANGA/PA,1503705,OK
Bom Jesus do Tocantins,TO,BOM JESUS DO TOCANTINS/TO,1703305,OK
São Francisco de Itabapoana,RJ,SAO FRANCISCO DE ITABAPOANA/RJ,3304755,OK
Porto de Moz,PA,PORTO DE MOZ/PA,1505908,OK
Santa Helena,MA,SANTA HELENA/MA,2109809,OK
Igarapé-Miri,PA,IGARAPE MIRI/PA,1503309,OK
Santa Luzia,BA,SANTA LUZIA/BA,2928059,OK
Sátiro Dias,BA,SATIRO DIAS/BA,2929701,OK
Lago Verde,MA,LAGO VERDE/MA,2105906,OK
Macururé,BA,MACURURE/BA,2919900,OK
Itamarati,AM,ITAMARATI/AM,1301951,OK
Cajapió,MA,CAJAPIO/MA,2102408,OK
São Domingos do Capim,PA,SAO DOMINGOS DO CAPIM/PA,1507201,OK
Nova Esperança do Piriá,PA,NOVA ESPERANCA DO PIRIA/PA,1504950,OK
Humberto de Campos,MA,HUMBERTO DE CAMPOS/MA,2105005,OK
Ipixuna,AM,IPIXUNA/AM,1301803,OK
Teolândia,BA,TEOLANDIA/BA,2931608,OK
Novo Jardim,TO,NOVO JARDIM/TO,1715259,OK
São João do Paraíso,MA,SAO JOAO DO PARAISO/MA,2111052,OK
Água Fria,BA,AGUA FRIA/BA,2900405,OK
Alenquer,PA,ALENQUER/PA,1500404,OK
Jacundá,PA,JACUNDA/PA,1503804,OK
Cotriguaçu,MT,COTRIGUACU/MT,5103379,OK
Pium,TO,PIUM/TO,1717503,OK
Palmeira do Piauí,PI,PALMEIRA DO PIAUI/PI,2207405,OK
Mucajaí,RR,MUCAJAI/RR,1400308,OK
São Francisco do Pará,PA,SAO FRANCISCO DO PARA/PA,1507409,OK
Itanagra,BA,ITANAGRA/BA,2915908,OK
Itaituba,PA,ITAITUBA/PA,1503606,OK
Concórdia do Pará,PA,CONCORDIA DO PARA/PA,1502756,OK
Nova Laranjeiras,PR,NOVA LARANJEIRAS/PR,4117057,OK
Mata Roma,MA,MATA ROMA/MA,2106409,OK
Altamira,PA,ALTAMIRA/PA,1500602,OK
Maraã,AM,MARAA/AM,1302801,OK
Aripuanã,MT,ARIPUANA/MT,5101407,OK
Careiro da Várzea,AM,CAREIRO DA VARZEA/AM,1301159,OK
São Paulo de Olivença,AM,SAO PAULO DE OLIVENCA/AM,1303908,OK
Aveiro,PA,AVEIRO/PA,1501006,OK
General Carneiro,MT,GENERAL CARNEIRO/MT,5103908,OK
Buriti,MA,BURITI/MA,2102200,OK
Senador José Porfírio,PA,SENADOR JOSE PORFIRIO/PA,1507805,OK
Mirador,MA,MIRADOR/MA,2106706,OK
Bacuri,MA,BACURI/MA,2101301,OK
Iracema,RR,IRACEMA/RR,1400282,OK
Santo Antônio do Içá,AM,SANTO ANTONIO DO ICA/AM,1303700,OK
Cujubim,RO,CUJUBIM/RO,1100940,OK
Medicilândia,PA,MEDICILANDIA/PA,1504455,OK
Ibaretama,CE,IBARETAMA/CE,2305266,OK
Coari,AM,COARI/AM,1301209,OK
Cachoeira do Piriá,PA,CACHOEIRA DO PIRIA/PA,1501956,OK
Vargem Grande,MA,VARGEM GRANDE/MA,2112704,OK
Lagoa da Confusão,TO,LAGOA DA CONFUSAO/TO,1711902,OK
Jenipapo dos Vieiras,MA,JENIPAPO DOS VIEIRAS/MA,2105476,OK
Novo Progresso,PA,NOVO PROGRESSO/PA,1505031,OK
Tacuru,MS,TACURU/MS,5007950,OK
Sandolândia,TO,SANDOLANDIA/TO,1718840,OK
Augusto Corrêa,PA,AUGUSTO CORREA/PA,1500909,OK
Pau Brasil,BA,PAU BRASIL/BA,2923902,OK
Belmonte,BA,BELMONTE/BA,2903409,OK
Ipuaçu,SC,IPUACU/SC,4207684,OK
Coronel Sapucaia,MS,CORONEL SAPUCAIA/MS,5003157,OK
Viseu,PA,VISEU/PA,1508308,OK
Goiatins,TO,GOIATINS/TO,1709005,OK
Paranatama,PE,PARANATAMA/PE,2610301,OK
Sítio Novo,MA,SITIO NOVO/MA,2111805,OK
Rio Maria,PA,RIO MARIA/PA,1506161,OK
Japurá,AM,JAPURA/AM,1302108,OK
Calçoene,AP,CALCOENE/AP,1600204,OK
Una,BA,UNA/BA,2932507,OK
Placas,PA,PLACAS/PA,1505650,OK
Sentinela do Sul,RS,SENTINELA DO SUL/RS,4320354,OK
Morro Cabeça no Tempo,PI,MORRO CABECA NO TEMPO/PI,2206654,OK
Santa Maria das Barreiras,PA,SANTA MARIA DAS BARREIRAS/PA,1506583,OK
Prado,BA,PRADO/BA,2925501,OK
Wenceslau Guimarães,BA,WENCESLAU GUIMARAES/BA,2933505,OK
Pilão Arcado,BA,PILAO ARCADO/BA,2924405,OK
Óbidos,PA,OBIDOS/PA,1505106,OK
Pedro Alexandre,BA,PEDRO ALEXANDRE/BA,2924207,OK
Moju,PA,MOJU/PA,1504703,OK
São João Batista,MA,SAO JOAO BATISTA/MA,2111003,OK
Cantá,RR,CANTA/RR,1400175,OK
Morros,MA,MORROS/MA,2107100,OK
Ponte Alta do Tocantins,TO,PONTE ALTA DO TOCANTINS/TO,1717909,OK
São Francisco do Maranhão,MA,SAO FRANCISCO DO MARANHAO/MA,2110906,OK
Santana do Araguaia,PA,SANTANA DO ARAGUAIA/PA,1506708,OK
Presidente Juscelino,MA,PRESIDENTE JUSCELINO/MA,2109205,OK
Atalaia do Norte,AM,ATALAIA DO NORTE/AM,1300201,OK
Tabatinga,AM,TABATINGA/AM,1304062,OK
Oiapoque,AP,OIAPOQUE/AP,1600501,OK
Monção,MA,MONCAO/MA,2106904,OK
Breves,PA,BREVES/PA,1501808,OK
Santa Isabel do Rio Negro,AM,SANTA ISABEL DO RIO NEGRO/AM,1303601,OK
Penalva,MA,PENALVA/MA,2108306,OK
Taperoá,BA,TAPEROA/BA,2931202,OK
Centenário,TO,CENTENARIO/TO,1704105,OK
Eirunepé,AM,EIRUNEPE/AM,1301407,OK
Apuí,AM,APUI/AM,1300144,OK
Novo Repartimento,PA,NOVO REPARTIMENTO/PA,1505064,OK
Acará,PA,ACARA/PA,1500206,OK
Paulo Ramos,MA,PAULO RAMOS/MA,2108108,OK
Tarauacá,AC,TARAUACA/AC,1200609,OK
São João das Missões,MG,SAO JOAO DAS MISSOES/MG,3162450,OK
Montes Altos,MA,MONTES ALTOS/MA,2107001,OK
Feijó,AC,FEIJO/AC,1200302,OK
São Gabriel da Cachoeira,AM,SAO GABRIEL DA CACHOEIRA/AM,1303809,OK
Bonfim,RR,BONFIM/RR,1400159,OK
Goianésia do Pará,PA,GOIANESIA DO PARA/PA,1503093,OK
Normandia,RR,NORMANDIA/RR,1400407,OK
Marechal Thaumaturgo,AC,MARECHAL THAUMATURGO/AC,1200351,OK
Barcelos,AM,BARCELOS/AM,1300409,OK
Catuji,MG,CATUJI/MG,3115458,OK
Colniza,MT,COLNIZA/MT,5103254,OK
Arame,MA,ARAME/MA,2100956,OK
Carnaubeira da Penha,PE,CARNAUBEIRA DA PENHA/PE,2603926,OK
São Félix de Balsas,MA,SAO FELIX DE BALSAS/MA,2110807,OK
Envira,AM,ENVIRA/AM,1301506,OK
Floresta do Araguaia,PA,FLORESTA DO ARAGUAIA/PA,1503044,OK
São João do Araguaia,PA,SAO JOAO DO ARAGUAIA/PA,1507508,OK
Vila Bela da Santíssima Trindade,MT,VILA BELA DA SANTISSIMA TRINDADE/MT,5105507,OK
Fernando Falcão,MA,FERNANDO FALCAO/MA,2104081,OK
Amarante do Maranhão,MA,AMARANTE DO MARANHAO/MA,2100600,OK
Campinápolis,MT,CAMPINAPOLIS/MT,5102603,OK
Pauini,AM,PAUINI/AM,1303502,OK
Camamu,BA,CAMAMU/BA,2905800,OK
Tocantínia,TO,TOCANTINIA/TO,1721109,OK
Nova Nazaré,MT,NOVA NAZARE/MT,5106174,OK
Melgaço,PA,MELGACO/PA,1504505,OK
Marajá do Sena,MA,MARAJA DO SENA/MA,2106359,OK
Cajari,MA,CAJARI/MA,2102507,OK
Paranã,TO,PARANA/TO,1716208,OK
Anajás,PA,ANAJAS/PA,1500701,OK
Ladainha,MG,LADAINHA/MG,3137007,OK
Oeiras do Pará,PA,OEIRAS DO PARA/PA,1505205,OK
Peritoró,MA,PERITORO/MA,2108454,OK
Cumaru do Norte,PA,CUMARU DO NORTE/PA,1502764,OK
Recursolândia,TO,RECURSOLANDIA/TO,1718501,OK
São Félix do Xingu,PA,SAO FELIX DO XINGU/PA,1507300,OK
Bannach,PA,BANNACH/PA,1501253,OK
Trairão,PA,TRAIRAO/PA,1508050,OK
Uruará,PA,URUARA/PA,1508159,OK
Santa Rosa do Purus,AC,SANTA ROSA DO PURUS/AC,1200435,OK
Japorã,MS,JAPORA/MS,5004809,OK
Anapu,PA,ANAPU/PA,1500859,OK
Pacajá,PA,PACAJA/PA,1505486,OK
Amajari,RR,AMAJARI/RR,1400027,OK
Portel,PA,PORTEL/PA,1505809,OK
Alto Alegre,RR,ALTO ALEGRE/RR,1400050,OK
Jacareacanga,PA,JACAREACANGA/PA,1503754,OK
Uiramutã,RR,UIRAMUTA/RR,1400704,OK
