cd_mun,nm_mun,sigla_uf,cd_rgi,cd_rgint,area_km2,cd_tse
1100015,Alta Floresta D'Oeste,RO,110005,1102,7067.127,310
1100023,Ariquemes,RO,110002,1101,4426.127,78
1100031,Cabixi,RO,110006,1102,1314.352,450
1100049,Cacoal,RO,110005,1102,3792.998,94
1100056,Cerejeiras,RO,110006,1102,2783.297,272
1100064,Colorado do Oeste,RO,110006,1102,1451.062,230
1100072,Corumbiara,RO,110006,1102,3060.321,655
1100080,Costa Marques,RO,110004,1102,4987.159,213
1100098,Espigão D'Oeste,RO,110005,1102,4518.039,256
1100106,Guajará-Mirim,RO,110001,1101,24856.877,19
1100114,Jaru,RO,110003,1101,2944.126,159
1100122,Ji-Paraná,RO,110004,1102,6896.649,51
1100130,Machadinho D'Oeste,RO,110003,1101,8509.166,396
1100148,Nova Brasilândia D'Oeste,RO,110005,1102,1703.008,370
1100155,Ouro Preto do Oeste,RO,110004,1102,1969.878,175
1100189,Pimenta Bueno,RO,110005,1102,6241.017,116
1100205,Porto Velho,RO,110001,1101,34090.463,35
1100254,Presidente Médici,RO,110004,1102,1758.464,191
1100262,Rio Crespo,RO,110002,1101,1717.64,647
1100288,Rolim de Moura,RO,110005,1102,1457.811,299
1100296,Santa Luzia D'Oeste,RO,110005,1102,1197.796,353
1100304,Vilhena,RO,110006,1102,11708.569,132
1100320,São Miguel do Guaporé,RO,110004,1102,6789.605,418
1100338,Nova Mamoré,RO,110001,1101,10070.515,434
1100346,Alvorada D'Oeste,RO,110004,1102,3029.193,337
1100379,Alto Alegre dos Parecis,RO,110005,1102,3958.273,736
1100403,Alto Paraíso,RO,110002,1101,2652.03,639
1100452,Buritis,RO,110002,1101,3265.811,779
1100502,Novo Horizonte do Oeste,RO,110005,1102,843.446,515
1100601,Cacaulândia,RO,110002,1101,1962.032,620
1100700,Campo Novo de Rondônia,RO,110002,1101,3442.005,671
1100809,Candeias do Jamari,RO,110001,1101,6843.666,477
1100908,Castanheiras,RO,110005,1102,892.841,531
1100924,Chupinguaia,RO,110006,1102,5117.301,809
1100940,Cujubim,RO,110002,1101,3863.948,680
1101005,Governador Jorge Teixeira,RO,110003,1101,5067.386,612
1101104,Itapuã do Oeste,RO,110001,1101,4081.555,493
1101203,Ministro Andreazza,RO,110005,1102,798.083,604
1101302,Mirante da Serra,RO,110004,1102,1191.875,574
1101401,Monte Negro,RO,110002,1101,1931.404,663
1101435,Nova União,RO,110004,1102,807.17,744
1101450,Parecis,RO,110005,1102,2548.683,701
1101468,Pimenteiras do Oeste,RO,110006,1102,6014.733,787
1101476,Primavera de Rondônia,RO,110005,1102,605.692,728
1101484,São Felipe D'Oeste,RO,110005,1102,541.648,710
1101492,São Francisco do Guaporé,RO,110004,1102,10948.637,795
1101500,Seringueiras,RO,110004,1102,4443.991,582
1101559,Teixeirópolis,RO,110004,1102,459.933,752
1101609,Theobroma,RO,110003,1101,2197.412,590
1101708,Urupá,RO,110004,1102,831.855,566
1101757,Vale do Anari,RO,110003,1101,3135.107,698
1101807,Vale do Paraíso,RO,110004,1102,965.661,558
1200013,Acrelândia,AC,120001,1201,1811.612,1120
1200054,Assis Brasil,AC,120002,1201,4968.527,1570
1200104,Brasiléia,AC,120002,1201,3928.821,1058
1200138,Bujari,AC,120001,1201,3035.547,1007
1200179,Capixaba,AC,120001,1201,1705.236,1015
1200203,Cruzeiro do Sul,AC,120004,1202,8793.341,1074
1200252,Epitaciolândia,AC,120002,1201,1652.715,1112
1200302,Feijó,AC,120005,1202,27946.684,1139
1200328,Jordão,AC,120005,1202,5346.443,1104
1200336,Mâncio Lima,AC,120004,1202,5414.073,1090
1200344,Manoel Urbano,AC,120003,1201,10615.134,1554
1200351,Marechal Thaumaturgo,AC,120004,1202,8185.635,1040
1200385,Plácido de Castro,AC,120001,1201,1952.531,1511
1200393,Porto Walter,AC,120004,1202,6452.756,1066
1200401,Rio Branco,AC,120001,1201,8834.832,1392
1200427,Rodrigues Alves,AC,120004,1202,3082.396,1082
1200435,Santa Rosa do Purus,AC,120003,1201,6144.95,1031
1200450,Senador Guiomard,AC,120001,1201,2320.956,1538
1200500,Sena Madureira,AC,120003,1201,23748.843,1457
1200609,Tarauacá,AC,120005,1202,20169.487,1473
1200708,Xapuri,AC,120002,1201,5350.3,1490
1200807,Porto Acre,AC,120001,1201,2603.942,1023
1300029,Alvarães,AM,130005,1302,5964.611,2895
1300060,Amaturá,AM,130006,1302,4658.391,2917
1300086,Anamã,AM,130004,1301,2382.521,2933
1300102,Anori,AM,130003,1301,6084.881,2038
1300144,Apuí,AM,130009,1303,53617.189,2003
1300201,Atalaia do Norte,AM,130006,1302,76313.455,2054
1300300,Autazes,AM,130001,1301,7564.727,2070
1300409,Barcelos,AM,130002,1301,122453.454,2097
1300508,Barreirinha,AM,130010,1304,5658.561,2119
1300607,Benjamin Constant,AM,130006,1302,9100.432,2135
1300631,Beruri,AM,130003,1301,17415.813,2950
1300680,Boa Vista do Ramos,AM,130010,1304,2613.997,2976
1300706,Boca do Acre,AM,130008,1303,21949.686,2151
1300805,Borba,AM,130001,1301,44644.015,2178
1300839,Caapiranga,AM,130004,1301,9743.918,2992
1300904,Canutama,AM,130008,1303,33671.791,2194
1301001,Carauari,AM,130005,1302,25771.943,2216
1301100,Careiro,AM,130001,1301,6100.302,2232
1301159,Careiro da Várzea,AM,130001,1301,2655.729,2046
1301209,Coari,AM,130003,1301,57894.132,2259
1301308,Codajás,AM,130003,1301,19038.052,2275
1301407,Eirunepé,AM,130007,1302,15189.428,2291
1301506,Envira,AM,130007,1302,7419.658,2313
1301605,Fonte Boa,AM,130005,1302,12163.987,2330
1301654,Guajará,AM,130007,1302,7427.071,2020
1301704,Humaitá,AM,130009,1303,33113.788,2356
1301803,Ipixuna,AM,130007,1302,12437.643,2399
1301852,Iranduba,AM,130001,1301,2331.676,98353
1301902,Itacoatiara,AM,130011,1304,8882.186,2410
1301951,Itamarati,AM,130007,1302,25509.236,98370
1302009,Itapiranga,AM,130011,1304,4287.62,2437
1302108,Japurá,AM,130005,1302,55964.231,2453
1302207,Juruá,AM,130005,1302,19300.464,2470
1302306,Jutaí,AM,130005,1302,68971.126,2496
1302405,Lábrea,AM,130008,1303,68349.909,2518
1302504,Manacapuru,AM,130004,1301,7318.909,2534
1302553,Manaquiri,AM,130001,1301,4016.877,98396
1302603,Manaus,AM,130001,1301,11278.893,2550
1302702,Manicoré,AM,130009,1303,48429.767,2577
1302801,Maraã,AM,130005,1302,16805.602,2593
1302900,Maués,AM,130010,1304,39973.673,2615
1303007,Nhamundá,AM,130010,1304,14077.252,2631
1303106,Nova Olinda do Norte,AM,130001,1301,5573.414,2658
1303205,Novo Airão,AM,130004,1301,37755.384,2011
1303304,Novo Aripuanã,AM,130009,1303,41382.864,2674
1303403,Parintins,AM,130010,1304,6044.053,2690
1303502,Pauini,AM,130008,1303,41637.294,2712
1303536,Presidente Figueiredo,AM,130001,1301,25027.907,98418
1303569,Rio Preto da Eva,AM,130001,1301,5812.425,98434
1303601,Santa Isabel do Rio Negro,AM,130002,1301,62470.219,2372
1303700,Santo Antônio do Içá,AM,130006,1302,12482.067,2739
1303809,São Gabriel da Cachoeira,AM,130002,1301,108700.19,2836
1303908,São Paulo de Olivença,AM,130006,1302,19615.643,2755
1303957,São Sebastião do Uatumã,AM,130011,1304,10712.222,98450
1304005,Silves,AM,130011,1304,3723.18,2771
1304062,Tabatinga,AM,130006,1302,3279.046,98477
1304104,Tapauá,AM,130008,1303,84697.765,2798
1304203,Tefé,AM,130005,1302,23835.224,2810
1304237,Tonantins,AM,130006,1302,6336.62,98515
1304260,Uarini,AM,130005,1302,10323.306,98493
1304302,Urucará,AM,130011,1304,27851.365,2852
1304401,Urucurituba,AM,130011,1304,2897.547,2879
1400027,Amajari,RR,140002,1401,28370.592,3042
1400050,Alto Alegre,RR,140001,1401,25424.287,3050
1400100,Boa Vista,RR,140001,1401,5687.037,3018
1400159,Bonfim,RR,140001,1401,8079.84,3077
1400175,Cantá,RR,140001,1401,7664.831,3069
1400209,Caracaraí,RR,140004,1402,47385.318,3034
1400233,Caroebe,RR,140003,1402,12064.399,3000
1400282,Iracema,RR,140004,1402,14018.766,3026
1400308,Mucajaí,RR,140001,1401,12337.85,3093
1400407,Normandia,RR,140002,1401,6959.982,3115
1400456,Pacaraima,RR,140002,1401,8019.088,3123
1400472,Rorainópolis,RR,140003,1402,33579.445,3085
1400506,São João da Baliza,RR,140003,1402,4284.503,3131
1400605,São Luiz do Anauá,RR,140003,1402,1526.9,3158
1400704,Uiramutã,RR,140002,1401,8102.219,3107
1500107,Abaetetuba,PA,150003,1501,1610.645,4014
1500131,Abel Figueiredo,PA,150009,1503,614.127,4502
1500206,Acará,PA,150001,1501,4344.387,4030
1500305,Afuá,PA,150020,1507,8338.438,4057
1500347,Água Azul do Norte,PA,150014,1504,7113.956,4260
1500404,Alenquer,PA,150015,1505,23644.384,4073
1500503,Almeirim,PA,150019,1506,72968.578,4090
1500602,Altamira,PA,150018,1506,159533.318,4111
1500701,Anajás,PA,150020,1507,6913.86,4138
1500800,Ananindeua,PA,150001,1501,190.59,4154
1500859,Anapu,PA,150018,1506,11895.27,4723
1500909,Augusto Corrêa,PA,150005,1502,1099.58,4170
1500958,Aurora do Pará,PA,150007,1502,1811.933,4340
1501006,Aveiro,PA,150016,1505,17072.657,4197
1501105,Bagre,PA,150020,1507,4397.321,4219
1501204,Baião,PA,150011,1503,3760.001,4235
1501253,Bannach,PA,150012,1504,2956.649,4588
1501303,Barcarena,PA,150001,1501,1310.338,4251
1501402,Belém,PA,150001,1501,1059.458,4278
1501451,Belterra,PA,150015,1505,4398.419,4804
1501501,Benevides,PA,150001,1501,187.826,4294
1501576,Bom Jesus do Tocantins,PA,150009,1503,2816.608,4049
1501600,Bonito,PA,150006,1502,586.977,4316
1501709,Bragança,PA,150005,1502,2124.736,4332
1501725,Brasil Novo,PA,150018,1506,6362.562,4227
1501758,Brejo Grande do Araguaia,PA,150009,1503,1288.473,5932
1501782,Breu Branco,PA,150011,1503,3941.746,4448
1501808,Breves,PA,150020,1507,9566.495,4359
1501907,Bujaru,PA,150001,1501,994.662,4375
1501956,Cachoeira do Piriá,PA,150005,1502,2419.6,4766
1502004,Cachoeira do Arari,PA,150021,1507,3100.261,4391
1502103,Cametá,PA,150002,1501,3082.19,4413
1502152,Canaã dos Carajás,PA,150010,1503,3146.748,4707
1502202,Capanema,PA,150006,1502,621.476,4430
1502301,Capitão Poço,PA,150008,1502,2901.026,4456
1502400,Castanhal,PA,150004,1502,1029.3,4472
1502509,Chaves,PA,150020,1507,12534.995,4499
1502608,Colares,PA,150001,1501,384.068,4510
1502707,Conceição do Araguaia,PA,150012,1504,5829.482,4537
1502756,Concórdia do Pará,PA,150001,1501,700.614,5819
1502764,Cumaru do Norte,PA,150012,1504,17085.001,4529
1502772,Curionópolis,PA,150010,1503,2369.091,5851
1502806,Curralinho,PA,150020,1507,3617.355,4553
1502855,Curuá,PA,150017,1505,1431.346,4740
1502905,Curuçá,PA,150004,1502,676.321,4570
1502939,Dom Eliseu,PA,150007,1502,5268.809,5975
1502954,Eldorado do Carajás,PA,150010,1503,2956.69,4120
1503002,Faro,PA,150017,1505,11771.669,4596
1503044,Floresta do Araguaia,PA,150012,1504,3444.285,4561
1503077,Garrafão do Norte,PA,150008,1502,1608.014,5878
1503093,Goianésia do Pará,PA,150011,1503,7023.933,4006
1503101,Gurupá,PA,150020,1507,8569.663,4618
1503200,Igarapé-Açu,PA,150004,1502,785.983,4634
1503309,Igarapé-Miri,PA,150003,1501,1996.798,4650
1503408,Inhangapi,PA,150004,1502,472.599,4677
1503457,Ipixuna do Pará,PA,150007,1502,5215.555,4189
1503507,Irituia,PA,150004,1502,1385.209,4693
1503606,Itaituba,PA,150016,1505,62042.375,4715
1503705,Itupiranga,PA,150009,1503,7880.303,4731
1503754,Jacareacanga,PA,150016,1505,53308.337,4200
1503804,Jacundá,PA,150009,1503,2008.333,4758
1503903,Juruti,PA,150017,1505,8305.907,4774
1504000,Limoeiro do Ajuru,PA,150002,1501,1489.356,4790
1504059,Mãe do Rio,PA,150007,1502,469.341,4103
1504109,Magalhães Barata,PA,150004,1502,323.984,4812
1504208,Marabá,PA,150009,1503,15127.872,4839
1504307,Maracanã,PA,150004,1502,807.628,4855
1504406,Marapanim,PA,150004,1502,804.625,4871
1504422,Marituba,PA,150001,1501,103.214,4642
1504455,Medicilândia,PA,150018,1506,8272.629,5770
1504505,Melgaço,PA,150020,1507,6772.778,4898
1504604,Mocajuba,PA,150002,1501,871.168,4910
1504703,Moju,PA,150003,1501,9094.14,4936
1504752,Mojuí dos Campos,PA,150015,1505,4988.239,4863
1504802,Monte Alegre,PA,150015,1505,18151.323,4952
1504901,Muaná,PA,150021,1507,3763.13,4979
1504950,Nova Esperança do Piriá,PA,150008,1502,2808.195,4480
1504976,Nova Ipixuna,PA,150009,1503,1564.182,4600
1505007,Nova Timboteua,PA,150006,1502,489.852,4995
1505031,Novo Progresso,PA,150016,1505,38162.004,4383
1505064,Novo Repartimento,PA,150011,1503,15398.735,4421
1505106,Óbidos,PA,150017,1505,28009.656,5010
1505205,Oeiras do Pará,PA,150002,1501,3852.291,5037
1505304,Oriximiná,PA,150017,1505,107560.161,5053
1505403,Ourém,PA,150008,1502,561.71,5070
1505437,Ourilândia do Norte,PA,150013,1504,14410.567,5959
1505486,Pacajá,PA,150011,1503,11832.318,5916
1505494,Palestina do Pará,PA,150009,1503,984.362,4162
1505502,Paragominas,PA,150007,1502,19342.565,5096
1505536,Parauapebas,PA,150010,1503,6885.865,5835
1505551,Pau D'Arco,PA,150012,1504,1671.418,4308
1505601,Peixe-Boi,PA,150006,1502,450.224,5118
1505635,Piçarra,PA,150009,1503,3312.709,4782
1505650,Placas,PA,150016,1505,7173.2,4626
1505700,Ponta de Pedras,PA,150021,1507,3363.743,5134
1505809,Portel,PA,150020,1507,25386.158,5150
1505908,Porto de Moz,PA,150019,1506,17422.329,5177
1506005,Prainha,PA,150015,1505,14788.187,5193
1506104,Primavera,PA,150006,1502,259.331,5215
1506112,Quatipuru,PA,150006,1502,302.586,4685
1506138,Redenção,PA,150012,1504,3823.809,5673
1506161,Rio Maria,PA,150014,1504,4114.652,5690
1506187,Rondon do Pará,PA,150009,1503,8246.394,5738
1506195,Rurópolis,PA,150016,1505,7021.322,5894
1506203,Salinópolis,PA,150006,1502,226.12,5231
1506302,Salvaterra,PA,150021,1507,918.563,5258
1506351,Santa Bárbara do Pará,PA,150001,1501,278.154,4243
1506401,Santa Cruz do Arari,PA,150021,1507,1076.652,5274
1506500,Santa Izabel do Pará,PA,150001,1501,717.662,5290
1506559,Santa Luzia do Pará,PA,150005,1502,1346.502,4146
1506583,Santa Maria das Barreiras,PA,150012,1504,10330.214,5991
1506609,Santa Maria do Pará,PA,150004,1502,457.724,5312
1506708,Santana do Araguaia,PA,150012,1504,11591.427,5339
1506807,Santarém,PA,150015,1505,17900.01,5355
1506906,Santarém Novo,PA,150006,1502,229.51,5371
1507003,Santo Antônio do Tauá,PA,150001,1501,537.619,5398
1507102,São Caetano de Odivelas,PA,150001,1501,463.883,5410
1507151,São Domingos do Araguaia,PA,150009,1503,1392.464,4464
1507201,São Domingos do Capim,PA,150004,1502,1686.672,5436
1507300,São Félix do Xingu,PA,150013,1504,84212.873,5452
1507409,São Francisco do Pará,PA,150004,1502,479.441,5479
1507458,São Geraldo do Araguaia,PA,150009,1503,3168.387,5797
1507466,São João da Ponta,PA,150004,1502,195.918,4820
1507474,São João de Pirabas,PA,150006,1502,668.058,4065
1507508,São João do Araguaia,PA,150009,1503,1279.889,5495
1507607,São Miguel do Guamá,PA,150004,1502,1094.57,5517
1507706,São Sebastião da Boa Vista,PA,150020,1507,1632.243,5533
1507755,Sapucaia,PA,150014,1504,1298.195,4847
1507805,Senador José Porfírio,PA,150018,1506,14419.917,5550
1507904,Soure,PA,150021,1507,2857.349,5576
1507953,Tailândia,PA,150003,1501,4430.477,4022
1507961,Terra Alta,PA,150004,1502,204.971,4545
1507979,Terra Santa,PA,150017,1505,1895.883,4367
1508001,Tomé-Açu,PA,150001,1501,5145.361,5592
1508035,Tracuateua,PA,150005,1502,868.03,4669
1508050,Trairão,PA,150016,1505,11991.085,4286
1508084,Tucumã,PA,150013,1504,2512.594,4081
1508100,Tucuruí,PA,150011,1503,2084.276,5614
1508126,Ulianópolis,PA,150007,1502,5088.468,4324
1508159,Uruará,PA,150018,1506,10791.402,5754
1508209,Vigia,PA,150001,1501,401.87,5630
1508308,Viseu,PA,150005,1502,4972.936,5657
1508357,Vitória do Xingu,PA,150018,1506,3089.537,4405
1508407,Xinguara,PA,150014,1504,3779.323,5711
1600055,Serra do Navio,AP,160004,1602,7713.046,6106
1600105,Amapá,AP,160003,1602,8454.846,6017
1600154,Pedra Branca do Amapari,AP,160004,1602,9622.29,6084
1600204,Calçoene,AP,160003,1602,14117.297,6033
1600212,Cutias,AP,160003,1602,2179.114,6068
1600238,Ferreira Gomes,AP,160004,1602,4973.855,6114
1600253,Itaubal,AP,160001,1601,1622.867,6041
1600279,Laranjal do Jari,AP,160002,1601,30542.284,6130
1600303,Macapá,AP,160001,1601,6563.849,6050
1600402,Mazagão,AP,160001,1601,13294.778,6076
1600501,Oiapoque,AP,160003,1602,23058.224,6092
1600535,Porto Grande,AP,160004,1602,4428.013,6025
1600550,Pracuúba,AP,160003,1602,4948.508,6009
1600600,Santana,AP,160001,1601,1541.225,6157
1600709,Tartarugalzinho,AP,160003,1602,6684.705,6173
1600808,Vitória do Jari,AP,160002,1601,2508.979,6122
1700251,Abreulândia,TO,170003,1701,1906.295,73008
1700301,Aguiarnópolis,TO,170008,1702,236.792,73512
1700350,Aliança do Tocantins,TO,170010,1703,1580.999,96954
1700400,Almas,TO,170011,1703,4007.152,92070
1700707,Alvorada,TO,170010,1703,1207.201,92134
1701002,Ananás,TO,170005,1702,1581.058,92193
1701051,Angico,TO,170005,1702,447.547,73075
1701101,Aparecida do Rio Negro,TO,170001,1701,1159.034,96970
1701309,Aragominas,TO,170005,1702,1168.213,73334
1701903,Araguacema,TO,170003,1701,2774.505,92371
1702000,Araguaçu,TO,170010,1703,5155.223,92398
1702109,Araguaína,TO,170005,1702,4004.645,92410
1702158,Araguanã,TO,170005,1702,834.834,73318
1702208,Araguatins,TO,170009,1702,2633.278,92436
1702307,Arapoema,TO,170005,1702,1558.136,92452
1702406,Arraias,TO,170011,1703,5803.085,92479
1702554,Augustinópolis,TO,170009,1702,388.809,96857
1702703,Aurora do Tocantins,TO,170011,1703,696.194,92533
1702901,Axixá do Tocantins,TO,170009,1702,153.539,92576
1703008,Babaçulândia,TO,170005,1702,1790.297,92592
1703057,Bandeirantes do Tocantins,TO,170007,1702,1540.543,73580
1703073,Barra do Ouro,TO,170005,1702,1105.84,73610
1703107,Barrolândia,TO,170003,1701,697.759,96997
1703206,Bernardo Sayão,TO,170007,1702,924.045,92002
1703305,Bom Jesus do Tocantins,TO,170006,1702,1326.947,73121
1703602,Brasilândia do Tocantins,TO,170007,1702,645.908,73245
1703701,Brejinho de Nazaré,TO,170002,1701,1722.59,92738
1703800,Buriti do Tocantins,TO,170009,1702,252.73,92045
1703826,Cachoeirinha,TO,170008,1702,351.535,73067
1703842,Campos Lindos,TO,170005,1702,3234.445,73091
1703867,Cariri do Tocantins,TO,170010,1703,1126.291,73300
1703883,Carmolândia,TO,170005,1702,339.366,73326
1703891,Carrasco Bonito,TO,170009,1702,190.352,73423
1703909,Caseara,TO,170003,1701,1680.014,92088
1704105,Centenário,TO,170006,1702,1953.134,73210
1704600,Chapada de Areia,TO,170003,1701,658.564,73474
1705102,Chapada da Natividade,TO,170002,1701,1640.833,73482
1705508,Colinas do Tocantins,TO,170007,1702,842.488,93114
1705557,Combinado,TO,170011,1703,208.791,92142
1705607,Conceição do Tocantins,TO,170011,1703,2530.647,93130
1706001,Couto Magalhães,TO,170006,1702,1584.196,93211
1706100,Cristalândia,TO,170003,1701,1850.75,93238
1706258,Crixás do Tocantins,TO,170010,1703,983.766,73555
1706506,Darcinópolis,TO,170005,1702,1641.77,73032
1707009,Dianópolis,TO,170011,1703,3318.094,93416
1707108,Divinópolis do Tocantins,TO,170003,1701,2358.282,92185
1707207,Dois Irmãos do Tocantins,TO,170004,1701,3747.645,93459
1707306,Dueré,TO,170010,1703,3420.657,93475
1707405,Esperantina,TO,170009,1702,506.175,73296
1707553,Fátima,TO,170002,1701,380.374,96830
1707652,Figueirópolis,TO,170010,1703,1935.709,96679
1707702,Filadélfia,TO,170005,1702,1991.258,93556
1708205,Formoso do Araguaia,TO,170010,1703,13431.861,93653
1708254,Tabocão,TO,170006,1702,624.463,73199
1708304,Goianorte,TO,170006,1702,1797.229,92240
1709005,Goiatins,TO,170005,1702,6414.846,95338
1709302,Guaraí,TO,170006,1702,2106.753,96270
1709500,Gurupi,TO,170010,1703,1844.164,93858
1709807,Ipueiras,TO,170002,1701,821.152,73598
1710508,Itacajá,TO,170007,1702,3047.204,94056
1710706,Itaguatins,TO,170009,1702,730.163,94099
1710904,Itapiratins,TO,170007,1702,1246.349,73202
1711100,Itaporã do Tocantins,TO,170006,1702,969.794,94170
1711506,Jaú do Tocantins,TO,170010,1703,2167.201,73369
1711803,Juarina,TO,170007,1702,483.452,73253
1711902,Lagoa da Confusão,TO,170003,1701,10563.181,73385
1711951,Lagoa do Tocantins,TO,170001,1701,917.632,73113
1712009,Lajeado,TO,170001,1701,318.292,73407
1712157,Lavandeira,TO,170011,1703,468.006,73601
1712405,Lizarda,TO,170001,1701,5716.641,95699
1712454,Luzinópolis,TO,170008,1702,281.543,73520
1712504,Marianópolis do Tocantins,TO,170003,1701,2089.575,92304
1712702,Mateiros,TO,170001,1701,9589.273,73270
1712801,Maurilândia do Tocantins,TO,170008,1702,736.303,73059
1713205,Miracema do Tocantins,TO,170004,1701,2663.745,94617
1713304,Miranorte,TO,170004,1701,1033.301,94633
1713601,Monte do Carmo,TO,170002,1701,3601.205,94692
1713700,Monte Santo do Tocantins,TO,170003,1701,1072.92,73563
1713809,Palmeiras do Tocantins,TO,170008,1702,743.407,73040
1713957,Muricilândia,TO,170005,1702,1194.368,73342
1714203,Natividade,TO,170002,1701,3241.672,94811
1714302,Nazaré,TO,170008,1702,395.997,94838
1714880,Nova Olinda,TO,170005,1702,1567.834,96636
1715002,Nova Rosalândia,TO,170003,1701,514.791,92401
1715101,Novo Acordo,TO,170001,1701,2678.262,94994
1715150,Novo Alegre,TO,170011,1703,200.411,73148
1715259,Novo Jardim,TO,170011,1703,1213.893,73172
1715507,Oliveira de Fátima,TO,170002,1701,209.292,73466
1715705,Palmeirante,TO,170007,1702,2638.465,73083
1715754,Palmeirópolis,TO,170010,1703,1708.981,96490
1716109,Paraíso do Tocantins,TO,170003,1701,1292.267,95192
1716208,Paranã,TO,170010,1703,11217.373,95214
1716307,Pau D'Arco,TO,170005,1702,1375.551,73261
1716505,Pedro Afonso,TO,170006,1702,2019.556,95257
1716604,Peixe,TO,170010,1703,5303.612,95273
1716653,Pequizeiro,TO,170006,1702,1206.119,92487
1716703,Colméia,TO,170006,1702,1161.029,95290
1717008,Pindorama do Tocantins,TO,170002,1701,1560.551,95370
1717206,Piraquê,TO,170005,1702,1363.411,73016
1717503,Pium,TO,170003,1701,10003.549,95478
1717800,Ponte Alta do Bom Jesus,TO,170011,1703,1718.791,95516
1717909,Ponte Alta do Tocantins,TO,170002,1701,6542.838,95532
1718006,Porto Alegre do Tocantins,TO,170011,1703,506.717,92509
1718204,Porto Nacional,TO,170002,1701,4434.68,95591
1718303,Praia Norte,TO,170009,1702,300.999,92525
1718402,Presidente Kennedy,TO,170006,1702,771.716,96296
1718451,Pugmil,TO,170003,1701,401.174,73571
1718501,Recursolândia,TO,170006,1702,2215.669,73229
1718550,Riachinho,TO,170005,1702,512.156,73024
1718659,Rio da Conceição,TO,170011,1703,845.823,73431
1718709,Rio dos Bois,TO,170004,1701,847.255,73415
1718758,Rio Sono,TO,170001,1701,6346.279,96792
1718808,Sampaio,TO,170009,1702,222.436,92541
1718840,Sandolândia,TO,170010,1703,3535.135,73156
1718865,Santa Fé do Araguaia,TO,170005,1702,1671.239,73350
1718881,Santa Maria do Tocantins,TO,170006,1702,1412.318,73130
1718899,Santa Rita do Tocantins,TO,170002,1701,3281.219,73547
1718907,Santa Rosa do Tocantins,TO,170002,1701,1804.686,92584
1719004,Santa Tereza do Tocantins,TO,170001,1701,539.511,92606
1720002,Santa Terezinha do Tocantins,TO,170008,1702,274.105,73539
1720101,São Bento do Tocantins,TO,170009,1702,1099.58,73288
1720150,São Félix do Tocantins,TO,170001,1701,1913.11,73105
1720200,São Miguel do Tocantins,TO,170009,1702,406.957,73180
1720259,São Salvador do Tocantins,TO,170010,1703,1424.753,73393
1720309,São Sebastião do Tocantins,TO,170009,1702,289.597,96032
1720499,São Valério,TO,170010,1703,2520.465,92681
1720655,Silvanópolis,TO,170002,1701,1258.771,96598
1720804,Sítio Novo do Tocantins,TO,170009,1702,307.095,96130
1720853,Sucupira,TO,170010,1703,1018.222,73377
1720903,Taguatinga,TO,170011,1703,2341.919,96156
1720937,Taipas do Tocantins,TO,170011,1703,1105.303,73164
1720978,Talismã,TO,170010,1703,2155.503,73504
1721000,Palmas,TO,170001,1701,2227.329,73440
1721109,Tocantínia,TO,170004,1701,2609.775,96199
1721208,Tocantinópolis,TO,170008,1702,1083.6,96210
1721257,Tupirama,TO,170006,1702,706.883,73458
1721307,Tupiratins,TO,170007,1702,889.126,73237
1722081,Wanderlândia,TO,170005,1702,1365.432,96652
1722107,Xambioá,TO,170005,1702,1190.489,96431
2100055,Açailândia,MA,210021,2105,5805.158,9610
2100105,Afonso Cunha,MA,210013,2103,371.767,7013
2100154,Água Doce do Maranhão,MA,210007,2101,442.292,7005
2100204,Alcântara,MA,210001,2101,1167.964,7030
2100303,Aldeias Altas,MA,210013,2103,1943.413,7056
2100402,Altamira do Maranhão,MA,210010,2102,524.374,7072
2100436,Alto Alegre do Maranhão,MA,210010,2102,392.751,7021
2100477,Alto Alegre do Pindaré,MA,210009,2102,1875.58,7048
2100501,Alto Parnaíba,MA,210022,2105,11127.384,7099
2100550,Amapá do Maranhão,MA,210011,2102,493.738,7080
2100600,Amarante do Maranhão,MA,210019,2105,7441.771,7110
2100709,Anajatuba,MA,210004,2101,940.489,7137
2100808,Anapurus,MA,210003,2101,608.903,7153
2100832,Apicum-Açu,MA,210008,2101,341.12,7064
2100873,Araguanã,MA,210009,2102,805.194,7102
2100907,Araioses,MA,210007,2101,1789.73,7170
2100956,Arame,MA,210020,2105,2976.039,9679
2101004,Arari,MA,210005,2101,1099.81,7196
2101103,Axixá,MA,210001,2101,160.462,7218
2101202,Bacabal,MA,210010,2102,1656.736,7234
2101251,Bacabeira,MA,210001,2101,542.961,7129
2101301,Bacuri,MA,210008,2101,832.084,7250
2101350,Bacurituba,MA,210002,2101,413.651,7145
2101400,Balsas,MA,210022,2105,12601.976,7277
2101509,Barão de Grajaú,MA,210017,2104,2209.414,7293
2101608,Barra do Corda,MA,210020,2105,5187.673,7315
2101707,Barreirinhas,MA,210006,2101,3046.308,7331
2101731,Belágua,MA,210003,2101,569.606,7161
2101772,Bela Vista do Maranhão,MA,210009,2102,147.949,7188
2101806,Benedito Leite,MA,210017,2104,1784.64,7358
2101905,Bequimão,MA,210002,2101,790.222,7374
2101939,Bernardo do Mearim,MA,210012,2102,247.189,7200
2101970,Boa Vista do Gurupi,MA,210011,2102,400.35,7323
2102002,Bom Jardim,MA,210009,2102,6579.946,9555
2102036,Bom Jesus das Selvas,MA,210021,2105,2676.93,7269
2102077,Bom Lugar,MA,210010,2102,445.171,7285
2102101,Brejo,MA,210003,2101,1073.257,7390
2102150,Brejo de Areia,MA,210010,2102,986.036,7307
2102200,Buriti,MA,210003,2101,1475.78,7412
2102309,Buriti Bravo,MA,210014,2103,1581.721,7439
2102325,Buriticupu,MA,210021,2105,2553.663,7340
2102358,Buritirana,MA,210019,2105,821.261,7366
2102374,Cachoeira Grande,MA,210001,2101,707.236,7226
2102408,Cajapió,MA,210005,2101,545.244,7455
2102507,Cajari,MA,210005,2101,662.066,7471
2102556,Campestre do Maranhão,MA,210019,2105,613.529,7382
2102606,Cândido Mendes,MA,210011,2102,1643.796,7498
2102705,Cantanhede,MA,210004,2101,773.009,7510
2102754,Capinzal do Norte,MA,210012,2102,590.271,7404
2102804,Carolina,MA,210022,2105,6267.601,7536
2102903,Carutapera,MA,210011,2102,1260.569,7552
2103000,Caxias,MA,210013,2103,5200.625,7579
2103109,Cedral,MA,210008,2101,285.211,7595
2103125,Central do Maranhão,MA,210008,2101,319.538,7420
2103158,Centro do Guilherme,MA,210011,2102,1134.646,7447
2103174,Centro Novo do Maranhão,MA,210011,2102,8401.002,7463
2103208,Chapadinha,MA,210003,2101,3248.774,7617
2103257,Cidelândia,MA,210019,2105,1462.81,7480
2103307,Codó,MA,210015,2103,4361.6,7633
2103406,Coelho Neto,MA,210013,2103,976.653,7650
2103505,Colinas,MA,210018,2104,1978.668,7676
2103554,Conceição do Lago-Açu,MA,210010,2102,727.133,7501
2103604,Coroatá,MA,210015,2103,2263.692,7692
2103703,Cururupu,MA,210008,2101,1255.667,7714
2103752,Davinópolis,MA,210019,2105,332.249,7242
2103802,Dom Pedro,MA,210016,2104,358.493,7730
2103901,Duque Bacelar,MA,210013,2103,317.494,7757
2104008,Esperantinópolis,MA,210012,2102,452.402,7773
2104057,Estreito,MA,210019,2105,2719.964,9636
2104073,Feira Nova do Maranhão,MA,210022,2105,1626.052,7528
2104081,Fernando Falcão,MA,210020,2105,5086.59,7544
2104099,Formosa da Serra Negra,MA,210020,2105,3690.633,7560
2104107,Fortaleza dos Nogueiras,MA,210022,2105,1853.382,7790
2104206,Fortuna,MA,210016,2104,835.668,7811
2104305,Godofredo Viana,MA,210011,2102,725.707,7838
2104404,Gonçalves Dias,MA,210016,2104,883.588,7854
2104503,Governador Archer,MA,210016,2104,445.857,7870
2104552,Governador Edison Lobão,MA,210019,2105,615.957,7609
2104602,Governador Eugênio Barros,MA,210016,2104,647.015,7897
2104628,Governador Luiz Rocha,MA,210016,2104,401.587,7625
2104651,Governador Newton Bello,MA,210009,2102,1144.146,7641
2104677,Governador Nunes Freire,MA,210011,2102,1049.208,7668
2104701,Graça Aranha,MA,210016,2104,271.445,7919
2104800,Grajaú,MA,210020,2105,8861.696,7935
2104909,Guimarães,MA,210008,2101,478.857,7951
2105005,Humberto de Campos,MA,210006,2101,1714.625,7978
2105104,Icatu,MA,210001,2101,1124.446,7994
2105153,Igarapé do Meio,MA,210009,2102,368.703,7684
2105203,Igarapé Grande,MA,210012,2102,346.218,8010
2105302,Imperatriz,MA,210019,2105,1369.039,8036
2105351,Itaipava do Grajaú,MA,210020,2105,1244.398,7706
2105401,Itapecuru Mirim,MA,210004,2101,1480.641,8079
2105427,Itinga do Maranhão,MA,210021,2105,3583.423,7722
2105450,Jatobá,MA,210018,2104,591.637,7749
2105476,Jenipapo dos Vieiras,MA,210020,2105,1962.362,7765
2105500,João Lisboa,MA,210019,2105,1135.08,8095
2105609,Joselândia,MA,210012,2102,703.094,8117
2105658,Junco do Maranhão,MA,210011,2102,568.499,7781
2105708,Lago da Pedra,MA,210010,2102,1240.446,8133
2105807,Lago do Junco,MA,210012,2102,328.525,8150
2105906,Lago Verde,MA,210010,2102,631.455,8176
2105922,Lagoa do Mato,MA,210017,2104,1512.985,7820
2105948,Lago dos Rodrigues,MA,210012,2102,220.776,7803
2105963,Lagoa Grande do Maranhão,MA,210010,2102,744.199,7846
2105989,Lajeado Novo,MA,210019,2105,1063.62,7862
2106003,Lima Campos,MA,210012,2102,321.932,8192
2106102,Loreto,MA,210022,2105,3596.74,8214
2106201,Luís Domingues,MA,210011,2102,467.251,8230
2106300,Magalhães de Almeida,MA,210007,2101,434.433,8257
2106326,Maracaçumé,MA,210011,2102,635.758,7889
2106359,Marajá do Sena,MA,210010,2102,1402.593,7900
2106375,Maranhãozinho,MA,210011,2102,781.676,7927
2106409,Mata Roma,MA,210003,2101,548.581,8273
2106508,Matinha,MA,210005,2101,410.633,8290
2106607,Matões,MA,210014,2103,2108.672,8311
2106631,Matões do Norte,MA,210004,2101,794.454,7943
2106672,Milagres do Maranhão,MA,210003,2101,634.818,7960
2106706,Mirador,MA,210018,2104,8522.882,8338
2106755,Miranda do Norte,MA,210004,2101,341.107,9695
2106805,Mirinzal,MA,210008,2101,686.944,8354
2106904,Monção,MA,210009,2102,1245.548,8370
2107001,Montes Altos,MA,210019,2105,1489.198,8397
2107100,Morros,MA,210001,2101,1712.121,8419
2107209,Nina Rodrigues,MA,210004,2101,570.938,8435
2107258,Nova Colinas,MA,210022,2105,743.11,7986
2107308,Nova Iorque,MA,210017,2104,978.342,8451
2107357,Nova Olinda do Maranhão,MA,210009,2102,2452.615,8001
2107407,Olho d'Água das Cunhãs,MA,210010,2102,695.333,8478
2107456,Olinda Nova do Maranhão,MA,210005,2101,199.879,8028
2107506,Paço do Lumiar,MA,210001,2101,127.275,8494
2107605,Palmeirândia,MA,210002,2101,532.161,8516
2107704,Paraibano,MA,210017,2104,530.517,8532
2107803,Parnarama,MA,210014,2103,3246.503,8559
2107902,Passagem Franca,MA,210017,2104,1358.327,8575
2108009,Pastos Bons,MA,210017,2104,1635.178,8591
2108058,Paulino Neves,MA,210007,2101,979.482,8044
2108108,Paulo Ramos,MA,210010,2102,1168.608,9598
2108207,Pedreiras,MA,210012,2102,261.814,8613
2108256,Pedro do Rosário,MA,210002,2101,1753.867,8060
2108306,Penalva,MA,210005,2101,800.916,8630
2108405,Peri Mirim,MA,210002,2101,397.993,8656
2108454,Peritoró,MA,210015,2103,824.72,8087
2108504,Pindaré-Mirim,MA,210009,2102,268.285,8672
2108603,Pinheiro,MA,210002,2101,1512.969,8699
2108702,Pio XII,MA,210009,2102,545.221,8710
2108801,Pirapemas,MA,210004,2101,688.761,8737
2108900,Poção de Pedras,MA,210012,2102,990.66,8753
2109007,Porto Franco,MA,210019,2105,1421.011,8770
2109056,Porto Rico do Maranhão,MA,210008,2101,244.979,8109
2109106,Presidente Dutra,MA,210016,2104,771.574,8796
2109205,Presidente Juscelino,MA,210001,2101,355.568,8818
2109239,Presidente Médici,MA,210011,2102,437.687,8125
2109270,Presidente Sarney,MA,210002,2101,726.176,8141
2109304,Presidente Vargas,MA,210004,2101,460.004,8834
2109403,Primeira Cruz,MA,210006,2101,1337.161,8850
2109452,Raposa,MA,210001,2101,79.213,8168
2109502,Riachão,MA,210022,2105,6402.83,8877
2109551,Ribamar Fiquene,MA,210019,2105,733.458,8184
2109601,Rosário,MA,210001,2101,647.998,8915
2109700,Sambaíba,MA,210022,2105,3015.086,8931
2109759,Santa Filomena do Maranhão,MA,210016,2104,623.213,8206
2109809,Santa Helena,MA,210002,2101,2191.164,8958
2109908,Santa Inês,MA,210009,2102,786.689,9571
2110005,Santa Luzia,MA,210009,2102,4837.168,8974
2110039,Santa Luzia do Paruá,MA,210011,2102,1010.483,9652
2110104,Santa Quitéria do Maranhão,MA,210003,2101,1430.329,8990
2110203,Santa Rita,MA,210001,2101,756.797,9016
2110237,Santana do Maranhão,MA,210007,2101,932.032,8222
2110278,Santo Amaro do Maranhão,MA,210006,2101,1582.806,8249
2110302,Santo Antônio dos Lopes,MA,210012,2102,770.923,9032
2110401,São Benedito do Rio Preto,MA,210003,2101,931.484,9059
2110500,São Bento,MA,210002,2101,456.998,9075
2110609,São Bernardo,MA,210007,2101,1005.823,9091
2110658,São Domingos do Azeitão,MA,210017,2104,961.153,8265
2110708,São Domingos do Maranhão,MA,210016,2104,1151.978,9113
2110807,São Félix de Balsas,MA,210022,2105,2033.29,9130
2110856,São Francisco do Brejão,MA,210021,2105,745.357,8281
2110906,São Francisco do Maranhão,MA,210017,2104,2284.217,9156
2111003,São João Batista,MA,210005,2101,649.957,9172
2111029,São João do Carú,MA,210009,2102,910.065,8303
2111052,São João do Paraíso,MA,210019,2105,2052.328,8320
2111078,São João do Soter,MA,210013,2103,1438.066,8346
2111102,São João dos Patos,MA,210017,2104,1483.255,9199
2111201,São José de Ribamar,MA,210001,2101,180.266,8893
2111250,São José dos Basílios,MA,210016,2104,353.72,8362
2111300,São Luís,MA,210001,2101,583.063,9210
2111409,São Luís Gonzaga do Maranhão,MA,210010,2102,909.164,8052
2111508,São Mateus do Maranhão,MA,210010,2102,800.045,9237
2111532,São Pedro da Água Branca,MA,210019,2105,720.461,8389
2111573,São Pedro dos Crentes,MA,210020,2105,979.559,8400
2111607,São Raimundo das Mangabeiras,MA,210022,2105,3523.94,9253
2111631,São Raimundo do Doca Bezerra,MA,210012,2102,419.55,8427
2111672,São Roberto,MA,210012,2102,226.811,8443
2111706,São Vicente Ferrer,MA,210005,2101,393.927,9270
2111722,Satubinha,MA,210010,2102,441.807,8460
2111748,Senador Alexandre Costa,MA,210016,2104,426.431,8486
2111763,Senador La Rocque,MA,210019,2105,737.078,8508
2111789,Serrano do Maranhão,MA,210008,2101,1185.31,8524
2111805,Sítio Novo,MA,210020,2105,3114.682,9296
2111904,Sucupira do Norte,MA,210018,2104,1074.435,9318
2111953,Sucupira do Riachão,MA,210017,2104,862.226,8540
2112001,Tasso Fragoso,MA,210022,2105,4369.318,9334
2112100,Timbiras,MA,210015,2103,1486.582,9350
2112209,Timon,MA,210014,2103,1763.219,9377
2112233,Trizidela do Vale,MA,210012,2102,291.61,8567
2112274,Tufilândia,MA,210009,2102,270.934,8583
2112308,Tuntum,MA,210016,2104,3369.119,9393
2112407,Turiaçu,MA,210002,2101,2622.281,9415
2112456,Turilândia,MA,210002,2101,1507.976,8605
2112506,Tutóia,MA,210007,2101,1566.081,9431
2112605,Urbano Santos,MA,210003,2101,1706.196,9458
2112704,Vargem Grande,MA,210004,2101,1958.702,9474
2112803,Viana,MA,210005,2101,1166.745,9490
2112852,Vila Nova dos Martírios,MA,210019,2105,1190.008,8621
2112902,Vitória do Mearim,MA,210005,2101,715.625,9512
2113009,Vitorino Freire,MA,210010,2102,1193.386,9539
2114007,Zé Doca,MA,210009,2102,2140.109,9717
2200053,Acauã,PI,220010,2203,1196.75,12327
2200103,Agricolândia,PI,220002,2201,112.392,10014
2200202,Água Branca,PI,220002,2201,96.843,10030
2200251,Alagoinha do Piauí,PI,220009,2203,535.89,12319
2200277,Alegrete do Piauí,PI,220009,2203,243.732,10022
2200301,Alto Longá,PI,220001,2201,1743.331,10057
2200400,Altos,PI,220001,2201,957.226,10073
2200459,Alvorada do Gurguéia,PI,220016,2205,2131.517,12084
2200509,Amarante,PI,220002,2201,1180.193,10090
2200608,Angical do Piauí,PI,220002,2201,222.023,10111
2200707,Anísio de Abreu,PI,220013,2204,337.876,10138
2200806,Antônio Almeida,PI,220018,2206,644.801,10154
2200905,Aroazes,PI,220004,2201,821.211,10170
2200954,Aroeiras do Itaim,PI,220009,2203,316.235,12734
2201002,Arraial,PI,220017,2206,619.21,10197
2201051,Assunção do Piauí,PI,220003,2201,1690.698,12106
2201101,Avelino Lopes,PI,220015,2205,1220.369,10219
2201150,Baixa Grande do Ribeiro,PI,220018,2206,7808.913,10049
2201176,Barra D'Alcântara,PI,220004,2201,263.943,10600
2201200,Barras,PI,220005,2201,1722.506,10235
2201309,Barreiras do Piauí,PI,220015,2205,2168.713,10251
2201408,Barro Duro,PI,220002,2201,159.436,10278
2201507,Batalha,PI,220008,2202,1584.255,10294
2201556,Bela Vista do Piauí,PI,220012,2203,499.092,10626
2201572,Belém do Piauí,PI,220009,2203,243.234,12335
2201606,Beneditinos,PI,220001,2201,937.443,10316
2201705,Bertolínia,PI,220018,2206,1216.116,10332
2201739,Betânia do Piauí,PI,220010,2203,667.433,12122
2201770,Boa Hora,PI,220005,2201,339.902,10669
2201804,Bocaina,PI,220009,2203,261.49,10359
2201903,Bom Jesus,PI,220016,2205,5470.984,10375
2201919,Bom Princípio do Piauí,PI,220006,2202,523.143,10065
2201929,Bonfim do Piauí,PI,220013,2204,289.149,10081
2201945,Boqueirão do Piauí,PI,220003,2201,271.024,12149
2201960,Brasileira,PI,220007,2202,880.836,10006
2201988,Brejo do Piauí,PI,220019,2206,2267.326,10642
2202000,Buriti dos Lopes,PI,220006,2202,690.539,10391
2202026,Buriti dos Montes,PI,220003,2201,2437.329,10103
2202059,Cabeceiras do Piauí,PI,220005,2201,608.744,10120
2202075,Cajazeiras do Piauí,PI,220011,2203,515.427,12343
2202083,Cajueiro da Praia,PI,220006,2202,271.165,12572
2202091,Caldeirão Grande do Piauí,PI,220009,2203,467.082,10146
2202109,Campinas do Piauí,PI,220012,2203,783.843,10413
2202117,Campo Alegre do Fidalgo,PI,220014,2204,657.797,12351
2202133,Campo Grande do Piauí,PI,220009,2203,311.682,10723
2202174,Campo Largo do Piauí,PI,220005,2201,478.079,10740
2202208,Campo Maior,PI,220003,2201,1680.863,10430
2202251,Canavieira,PI,220017,2206,2165.2,10162
2202307,Canto do Buriti,PI,220019,2206,4325.643,10456
2202406,Capitão de Campos,PI,220007,2202,564.858,10472
2202455,Capitão Gervásio Oliveira,PI,220014,2204,1132.996,10707
2202505,Caracol,PI,220013,2204,1610.959,10499
2202539,Caraúbas do Piauí,PI,220006,2202,463.184,12670
2202554,Caridade do Piauí,PI,220010,2203,498.793,12165
2202604,Castelo do Piauí,PI,220003,2201,2378.846,10510
2202653,Caxingó,PI,220006,2202,491.093,12688
2202703,Cocal,PI,220006,2202,1294.131,10537
2202711,Cocal de Telha,PI,220003,2201,310.254,12360
2202729,Cocal dos Alves,PI,220006,2202,324.856,12696
2202737,Coivaras,PI,220001,2201,484.465,10189
2202752,Colônia do Gurguéia,PI,220016,2205,429.582,10200
2202778,Colônia do Piauí,PI,220011,2203,938.303,10227
2202802,Conceição do Canindé,PI,220012,2203,824.729,10553
2202851,Coronel José Dias,PI,220013,2204,1926.095,10243
2202901,Corrente,PI,220015,2205,3048.746,10570
2203008,Cristalândia do Piauí,PI,220015,2205,1202.898,10596
2203107,Cristino Castro,PI,220016,2205,1845.69,10618
2203206,Curimatá,PI,220015,2205,2344.949,10634
2203230,Currais,PI,220016,2205,3156.695,10766
2203255,Curralinhos,PI,220001,2201,344.123,12580
2203271,Curral Novo do Piauí,PI,220010,2203,755.252,12181
2203305,Demerval Lobão,PI,220001,2201,220.047,10650
2203354,Dirceu Arcoverde,PI,220013,2204,1005.572,12297
2203404,Dom Expedito Lopes,PI,220009,2203,218.808,10677
2203420,Domingos Mourão,PI,220007,2202,848.705,11410
2203453,Dom Inocêncio,PI,220013,2204,3871.83,10685
2203503,Elesbão Veloso,PI,220002,2201,1383.976,10693
2203602,Eliseu Martins,PI,220019,2206,1097.866,10715
2203701,Esperantina,PI,220008,2202,911.736,10731
2203750,Fartura do Piauí,PI,220013,2204,713.047,10260
2203800,Flores do Piauí,PI,220019,2206,946.72,10758
2203859,Floresta do Piauí,PI,220011,2203,221.519,12637
2203909,Floriano,PI,220017,2206,3407.978,10774
2204006,Francinópolis,PI,220002,2201,268.704,10790
2204105,Francisco Ayres,PI,220017,2206,682.514,10812
2204154,Francisco Macedo,PI,220009,2203,179.245,12378
2204204,Francisco Santos,PI,220009,2203,492.191,10839
2204303,Fronteiras,PI,220009,2203,777.179,10855
2204352,Geminiano,PI,220009,2203,440.606,10782
2204402,Gilbués,PI,220015,2205,3495.692,10871
2204501,Guadalupe,PI,220017,2206,1026.538,10898
2204550,Guaribas,PI,220013,2204,3118.231,10804
2204600,Hugo Napoleão,PI,220002,2201,224.573,10910
2204659,Ilha Grande,PI,220006,2202,129.696,10820
2204709,Inhuma,PI,220004,2201,978.222,10936
2204808,Ipiranga do Piauí,PI,220004,2201,529.417,10952
2204907,Isaías Coelho,PI,220009,2203,800.687,10979
2205003,Itainópolis,PI,220009,2203,827.62,10995
2205102,Itaueira,PI,220017,2206,2554.178,11010
2205151,Jacobina do Piauí,PI,220010,2203,1333.796,10286
2205201,Jaicós,PI,220009,2203,866.788,11037
2205250,Jardim do Mulato,PI,220002,2201,511.42,10308
2205276,Jatobá do Piauí,PI,220003,2201,651.747,12394
2205300,Jerumenha,PI,220017,2206,1865.94,11053
2205359,João Costa,PI,220014,2204,1800.237,12386
2205409,Joaquim Pires,PI,220008,2202,756.188,11070
2205458,Joca Marques,PI,220008,2202,169.005,12408
2205508,José de Freitas,PI,220001,2201,1538.175,11096
2205516,Juazeiro do Piauí,PI,220003,2201,935.404,12416
2205524,Júlio Borges,PI,220015,2205,1283.918,12203
2205532,Jurema,PI,220013,2204,1271.881,10847
2205540,Lagoinha do Piauí,PI,220002,2201,67.649,12432
2205557,Lagoa Alegre,PI,220001,2201,394.207,10324
2205565,Lagoa do Barro do Piauí,PI,220014,2204,1331.025,10340
2205573,Lagoa de São Francisco,PI,220007,2202,155.86,10863
2205581,Lagoa do Piauí,PI,220001,2201,435.871,12424
2205599,Lagoa do Sítio,PI,220004,2201,805.018,12220
2205607,Landri Sales,PI,220017,2206,1088.583,11118
2205706,Luís Correia,PI,220006,2202,1074.133,11134
2205805,Luzilândia,PI,220008,2202,699.182,11150
2205854,Madeiro,PI,220008,2202,178.843,12440
2205904,Manoel Emídio,PI,220018,2206,1620.412,11177
2205953,Marcolândia,PI,220009,2203,136.786,10367
2206001,Marcos Parente,PI,220017,2206,677.416,11193
2206050,Massapê do Piauí,PI,220009,2203,530.169,12467
2206100,Matias Olímpio,PI,220008,2202,226.785,11215
2206209,Miguel Alves,PI,220001,2201,1392.122,11231
2206308,Miguel Leão,PI,220002,2201,102.761,11258
2206357,Milton Brandão,PI,220007,2202,1310.728,12246
2206407,Monsenhor Gil,PI,220001,2201,552.427,11274
2206506,Monsenhor Hipólito,PI,220009,2203,401.568,11290
2206605,Monte Alegre do Piauí,PI,220015,2205,2417.394,11312
2206654,Morro Cabeça no Tempo,PI,220015,2205,2207.658,10880
2206670,Morro do Chapéu do Piauí,PI,220008,2202,314.436,12459
2206696,Murici dos Portelas,PI,220006,2202,475.72,12475
2206704,Nazaré do Piauí,PI,220017,2206,1316.762,11339
2206720,Nazária,PI,220001,2201,362.376,12726
2206753,Nossa Senhora de Nazaré,PI,220003,2201,356.872,10928
2206803,Nossa Senhora dos Remédios,PI,220005,2201,357.896,11355
2206902,Novo Oriente do Piauí,PI,220004,2201,525.906,11371
2206951,Novo Santo Antônio,PI,220001,2201,443.873,10901
2207009,Oeiras,PI,220011,2203,2696.724,11398
2207108,Olho D'Água do Piauí,PI,220002,2201,183.605,12483
2207207,Padre Marcos,PI,220009,2203,278.696,11436
2207306,Paes Landim,PI,220012,2203,401.379,11452
2207355,Pajeú do Piauí,PI,220019,2206,986.961,12262
2207405,Palmeira do Piauí,PI,220016,2205,2023.971,11479
2207504,Palmeirais,PI,220002,2201,1493.766,11495
2207553,Paquetá,PI,220009,2203,432.572,10944
2207603,Parnaguá,PI,220015,2205,3428.811,11517
2207702,Parnaíba,PI,220006,2202,436.907,11533
2207751,Passagem Franca do Piauí,PI,220002,2201,643.209,10405
2207777,Patos do Piauí,PI,220010,2203,801.403,10383
2207793,Pau D'Arco do Piauí,PI,220001,2201,430.024,12718
2207801,Paulistana,PI,220010,2203,1937.343,11550
2207850,Pavussu,PI,220019,2206,1090.697,12289
2207900,Pedro II,PI,220007,2202,1544.373,11576
2207934,Pedro Laurentino,PI,220014,2204,870.613,12491
2207959,Nova Santa Rita,PI,220014,2204,909.734,10960
2208007,Picos,PI,220009,2203,577.284,11592
2208106,Pimenteiras,PI,220004,2201,4555.95,11614
2208205,Pio IX,PI,220009,2203,1948.141,11630
2208304,Piracuruca,PI,220007,2202,2309.93,11657
2208403,Piripiri,PI,220007,2202,1406.925,11673
2208502,Porto,PI,220005,2201,253.114,11690
2208551,Porto Alegre do Piauí,PI,220017,2206,1168.044,12599
2208601,Prata do Piauí,PI,220002,2201,196.786,11711
2208650,Queimada Nova,PI,220010,2203,1283.369,10421
2208700,Redenção do Gurguéia,PI,220016,2205,2470.575,11738
2208809,Regeneração,PI,220002,2201,1247.509,11754
2208858,Riacho Frio,PI,220015,2205,2220.597,12300
2208874,Ribeira do Piauí,PI,220014,2204,1012.479,12602
2208908,Ribeiro Gonçalves,PI,220018,2206,3987.142,11770
2209005,Rio Grande do Piauí,PI,220019,2206,635.953,11797
2209104,Santa Cruz do Piauí,PI,220009,2203,562.402,11819
2209153,Santa Cruz dos Milagres,PI,220004,2201,978.546,10448
2209203,Santa Filomena,PI,220015,2205,5293.693,11835
2209302,Santa Luz,PI,220016,2205,1185.404,11851
2209351,Santana do Piauí,PI,220009,2203,112.189,10480
2209377,Santa Rosa do Piauí,PI,220011,2203,338.339,10464
2209401,Santo Antônio de Lisboa,PI,220009,2203,376.353,11878
2209450,Santo Antônio dos Milagres,PI,220002,2201,34.444,12653
2209500,Santo Inácio do Piauí,PI,220011,2203,845.492,11894
2209559,São Braz do Piauí,PI,220013,2204,656.042,10502
2209609,São Félix do Piauí,PI,220002,2201,627.034,11916
2209658,São Francisco de Assis do Piauí,PI,220012,2203,1072.311,12505
2209708,São Francisco do Piauí,PI,220017,2206,1341.44,11932
2209757,São Gonçalo do Gurguéia,PI,220015,2205,1385.259,12610
2209807,São Gonçalo do Piauí,PI,220002,2201,148.484,11959
2209856,São João da Canabrava,PI,220009,2203,476.094,11088
2209872,São João da Fronteira,PI,220007,2202,817.115,12009
2209906,São João da Serra,PI,220003,2201,994.224,11975
2209955,São João da Varjota,PI,220011,2203,394.457,12025
2209971,São João do Arraial,PI,220008,2202,215.149,10987
2210003,São João do Piauí,PI,220014,2204,1527.488,11991
2210052,São José do Divino,PI,220007,2202,391.157,10529
2210102,São José do Peixe,PI,220017,2206,1287.174,12017
2210201,São José do Piauí,PI,220009,2203,373.347,12033
2210300,São Julião,PI,220009,2203,291.089,12050
2210359,São Lourenço do Piauí,PI,220013,2204,673.821,10561
2210375,São Luis do Piauí,PI,220009,2203,238.099,12629
2210383,São Miguel da Baixa Grande,PI,220002,2201,444.528,12661
2210391,São Miguel do Fidalgo,PI,220011,2203,813.444,12700
2210409,São Miguel do Tapuio,PI,220003,2201,4988.973,12076
2210508,São Pedro do Piauí,PI,220002,2201,518.285,12092
2210607,São Raimundo Nonato,PI,220013,2204,2415.29,12114
2210623,Sebastião Barros,PI,220015,2205,893.489,12041
2210631,Sebastião Leal,PI,220018,2206,3148.866,12068
2210656,Sigefredo Pacheco,PI,220003,2201,1031.102,10545
2210706,Simões,PI,220010,2203,1076.055,12130
2210805,Simplício Mendes,PI,220012,2203,1360.04,12157
2210904,Socorro do Piauí,PI,220012,2203,761.854,12173
2210938,Sussuapara,PI,220009,2203,205.194,12513
2210953,Tamboril do Piauí,PI,220019,2206,1587.296,12530
2210979,Tanque do Piauí,PI,220011,2203,408.985,12521
2211001,Teresina,PI,220001,2201,1387.466,12190
2211100,União,PI,220001,2201,1170.754,12211
2211209,Uruçuí,PI,220018,2206,8413.009,12238
2211308,Valença do Piauí,PI,220004,2201,1333.722,12254
2211357,Várzea Branca,PI,220013,2204,450.429,10588
2211407,Várzea Grande,PI,220002,2201,236.453,12270
2211506,Vera Mendes,PI,220009,2203,341.975,12556
2211605,Vila Nova do Piauí,PI,220009,2203,221.627,12548
2211704,Wall Ferraz,PI,220009,2203,317.278,12564
2300101,Abaiara,CE,230012,2304,180.833,13013
2300150,Acarape,CE,230003,2301,129.767,13145
2300200,Acaraú,CE,230017,2306,842.469,13030
2300309,Acopiara,CE,230009,2303,2254.279,13056
2300408,Aiuaba,CE,230011,2304,2438.563,13072
2300507,Alcântaras,CE,230015,2306,135.76,13099
2300606,Altaneira,CE,230011,2304,72.675,13110
2300705,Alto Santo,CE,230007,2302,1147.209,13137
2300754,Amontada,CE,230002,2301,1175.044,15873
2300804,Antonina do Norte,CE,230011,2304,259.706,13153
2300903,Apuiarés,CE,230005,2301,543.98,13170
2301000,Aquiraz,CE,230001,2301,480.236,13196
2301109,Aracati,CE,230008,2302,1227.196,13218
2301208,Aracoiaba,CE,230003,2301,643.988,13234
2301257,Ararendá,CE,230013,2305,342.302,13420
2301307,Araripe,CE,230011,2304,1097.345,13250
2301406,Aratuba,CE,230003,2301,119.758,13277
2301505,Arneiroz,CE,230014,2305,1068.447,13293
2301604,Assaré,CE,230011,2304,1155.124,13315
2301703,Aurora,CE,230011,2304,885.87,13331
2301802,Baixio,CE,230010,2303,145.556,13358
2301851,Banabuiú,CE,230006,2302,1080.983,13382
2301901,Barbalha,CE,230011,2304,608.142,13374
2301950,Barreira,CE,230003,2301,260.237,13129
2302008,Barro,CE,230012,2304,711.346,13390
2302057,Barroquinha,CE,230018,2306,385.59,13404
2302107,Baturité,CE,230003,2301,314.075,13412
2302206,Beberibe,CE,230001,2301,1596.75,13439
2302305,Bela Cruz,CE,230017,2306,842.106,13455
2302404,Boa Viagem,CE,230004,2301,2835.037,13471
2302503,Brejo Santo,CE,230012,2304,654.658,13498
2302602,Camocim,CE,230018,2306,1120.449,13510
2302701,Campos Sales,CE,230011,2304,1082.581,13536
2302800,Canindé,CE,230004,2301,3032.39,13552
2302909,Capistrano,CE,230003,2301,226.549,13579
2303006,Caridade,CE,230004,2301,926.271,13595
2303105,Cariré,CE,230015,2306,755.597,13617
2303204,Caririaçu,CE,230011,2304,634.179,13633
2303303,Cariús,CE,230009,2303,1036.417,13650
2303402,Carnaubal,CE,230016,2306,363.212,13676
2303501,Cascavel,CE,230001,2301,838.115,13692
2303600,Catarina,CE,230009,2303,488.153,13714
2303659,Catunda,CE,230015,2306,784.022,13447
2303709,Caucaia,CE,230001,2301,1223.199,13730
2303808,Cedro,CE,230009,2303,729.97,13757
2303907,Chaval,CE,230018,2306,237.239,13773
2303931,Choró,CE,230006,2302,815.268,13463
2303956,Chorozinho,CE,230001,2301,296.431,13161
2304004,Coreaú,CE,230015,2306,750.333,13811
2304103,Crateús,CE,230013,2305,2981.462,13838
2304202,Crato,CE,230011,2304,1138.15,13854
2304236,Croatá,CE,230016,2306,696.351,15881
2304251,Cruz,CE,230017,2306,335.921,15890
2304269,Deputado Irapuan Pinheiro,CE,230006,2302,471.134,15989
2304277,Ereré,CE,230007,2302,349.034,13200
2304285,Eusébio,CE,230001,2301,78.818,13226
2304301,Farias Brito,CE,230011,2304,530.54,13870
2304350,Forquilha,CE,230015,2306,568.778,15911
2304400,Fortaleza,CE,230001,2301,312.353,13897
2304459,Fortim,CE,230008,2302,285.024,13501
2304509,Frecheirinha,CE,230015,2306,210.284,13919
2304608,General Sampaio,CE,230005,2301,230.371,13935
2304657,Graça,CE,230015,2306,258.943,13064
2304707,Granja,CE,230018,2306,2663.178,13951
2304806,Granjeiro,CE,230011,2304,111.528,13978
2304905,Groaíras,CE,230015,2306,155.68,13994
2304954,Guaiúba,CE,230001,2301,256.053,13242
2305001,Guaraciaba do Norte,CE,230016,2306,624.61,14010
2305100,Guaramiranga,CE,230003,2301,90.817,14036
2305209,Hidrolândia,CE,230015,2306,926.592,14052
2305233,Horizonte,CE,230001,2301,160.556,13188
2305266,Ibaretama,CE,230006,2302,879.253,14060
2305308,Ibiapina,CE,230016,2306,414.092,14079
2305332,Ibicuitinga,CE,230006,2302,423.856,15920
2305357,Icapuí,CE,230008,2302,421.441,15938
2305407,Icó,CE,230010,2303,1865.86,14095
2305506,Iguatu,CE,230009,2303,977.311,14117
2305605,Independência,CE,230013,2305,3237.132,14133
2305654,Ipaporanga,CE,230013,2305,704.773,13340
2305704,Ipaumirim,CE,230010,2303,276.508,14150
2305803,Ipu,CE,230016,2306,626.049,14176
2305902,Ipueiras,CE,230016,2306,1483.262,14192
2306009,Iracema,CE,230007,2302,839.174,14214
2306108,Irauçuba,CE,230005,2301,1466.413,14230
2306207,Itaiçaba,CE,230008,2302,213.604,14257
2306256,Itaitinga,CE,230001,2301,153.686,13480
2306306,Itapajé,CE,230005,2301,436.32,14273
2306405,Itapipoca,CE,230002,2301,1596.225,14290
2306504,Itapiúna,CE,230003,2301,593.232,14311
2306553,Itarema,CE,230017,2306,714.833,15954
2306603,Itatira,CE,230004,2301,829.211,14338
2306702,Jaguaretama,CE,230007,2302,1826.829,14354
2306801,Jaguaribara,CE,230007,2302,622.963,14370
2306900,Jaguaribe,CE,230007,2302,1877.062,14397
2307007,Jaguaruana,CE,230008,2302,854.36,14419
2307106,Jardim,CE,230011,2304,544.995,14435
2307205,Jati,CE,230012,2304,368.357,14451
2307254,Jijoca de Jericoacoara,CE,230017,2306,209.029,13005
2307304,Juazeiro do Norte,CE,230011,2304,258.788,14478
2307403,Jucás,CE,230009,2303,940.336,14494
2307502,Lavras da Mangabeira,CE,230011,2304,945.263,14516
2307601,Limoeiro do Norte,CE,230007,2302,794.688,14532
2307635,Madalena,CE,230004,2301,998.195,13021
2307650,Maracanaú,CE,230001,2301,105.084,15857
2307700,Maranguape,CE,230001,2301,583.506,14559
2307809,Marco,CE,230017,2306,573.611,14575
2307908,Martinópole,CE,230015,2306,303.445,14591
2308005,Massapê,CE,230015,2306,567.78,14613
2308104,Mauriti,CE,230012,2304,1079.01,14630
2308203,Meruoca,CE,230015,2306,151.651,14656
2308302,Milagres,CE,230012,2304,579.097,14672
2308351,Milhã,CE,230006,2302,502.136,15970
2308377,Miraíma,CE,230002,2301,708.678,14680
2308401,Missão Velha,CE,230011,2304,613.317,14699
2308500,Mombaça,CE,230009,2303,2105.518,14710
2308609,Monsenhor Tabosa,CE,230013,2305,892.538,14737
2308708,Morada Nova,CE,230007,2302,2822.836,14753
2308807,Moraújo,CE,230015,2306,414.445,14770
2308906,Morrinhos,CE,230015,2306,411.608,14796
2309003,Mucambo,CE,230015,2306,192.19,14818
2309102,Mulungu,CE,230003,2301,97.951,14834
2309201,Nova Olinda,CE,230011,2304,282.584,14850
2309300,Nova Russas,CE,230013,2305,736.911,14877
2309409,Novo Oriente,CE,230013,2305,954.384,14893
2309458,Ocara,CE,230003,2301,763.075,13307
2309508,Orós,CE,230010,2303,577.526,14915
2309607,Pacajus,CE,230001,2301,250.305,14931
2309706,Pacatuba,CE,230001,2301,133.223,14958
2309805,Pacoti,CE,230003,2301,112.433,14974
2309904,Pacujá,CE,230015,2306,88.355,14990
2310001,Palhano,CE,230007,2302,436.98,15016
2310100,Palmácia,CE,230001,2301,128.896,15032
2310209,Paracuru,CE,230001,2301,304.734,15059
2310258,Paraipaba,CE,230001,2301,289.231,15997
2310308,Parambu,CE,230014,2305,2313.868,15075
2310407,Paramoti,CE,230004,2301,539.238,15091
2310506,Pedra Branca,CE,230006,2302,1328.779,15113
2310605,Penaforte,CE,230012,2304,150.536,15130
2310704,Pentecoste,CE,230005,2301,1379.836,15156
2310803,Pereiro,CE,230007,2302,449.74,15172
2310852,Pindoretama,CE,230001,2301,74.033,13285
2310902,Piquet Carneiro,CE,230009,2303,589.601,15199
2310951,Pires Ferreira,CE,230016,2306,244.464,13048
2311009,Poranga,CE,230013,2305,1310.768,15210
2311108,Porteiras,CE,230012,2304,224.86,15237
2311207,Potengi,CE,230011,2304,343.264,15253
2311231,Potiretama,CE,230007,2302,409.137,13269
2311264,Quiterianópolis,CE,230013,2305,1022.896,13102
2311306,Quixadá,CE,230006,2302,2020.587,15270
2311355,Quixelô,CE,230009,2303,620.242,98531
2311405,Quixeramobim,CE,230006,2302,3302.144,15296
2311504,Quixeré,CE,230007,2302,609.438,15318
2311603,Redenção,CE,230003,2301,247.989,15334
2311702,Reriutaba,CE,230015,2306,372.949,15350
2311801,Russas,CE,230007,2302,1505.726,15377
2311900,Saboeiro,CE,230009,2303,1381.274,15393
2311959,Salitre,CE,230011,2304,806.254,15440
2312007,Santana do Acaraú,CE,230015,2306,972.551,15415
2312106,Santana do Cariri,CE,230011,2304,855.159,15431
2312205,Santa Quitéria,CE,230015,2306,4262.293,15458
2312304,São Benedito,CE,230016,2306,350.847,15474
2312403,São Gonçalo do Amarante,CE,230001,2301,842.679,15490
2312502,São João do Jaguaribe,CE,230007,2302,279.451,15512
2312601,São Luís do Curu,CE,230001,2301,122.865,15539
2312700,Senador Pompeu,CE,230006,2302,963.256,15555
2312809,Senador Sá,CE,230015,2306,424.642,15571
2312908,Sobral,CE,230015,2306,2068.474,15598
2313005,Solonópole,CE,230006,2302,1535.856,15610
2313104,Tabuleiro do Norte,CE,230007,2302,1047.637,15636
2313203,Tamboril,CE,230013,2305,2011.781,15652
2313252,Tarrafas,CE,230011,2304,412.719,13366
2313302,Tauá,CE,230014,2305,4010.609,15679
2313351,Tejuçuoca,CE,230005,2301,758.706,13323
2313401,Tianguá,CE,230016,2306,909.853,15695
2313500,Trairi,CE,230002,2301,928.726,15717
2313559,Tururu,CE,230002,2301,197.193,13080
2313609,Ubajara,CE,230016,2306,423.673,15733
2313708,Umari,CE,230010,2303,263.185,15750
2313757,Umirim,CE,230002,2301,315.647,98558
2313807,Uruburetama,CE,230002,2301,103.478,15776
2313906,Uruoca,CE,230015,2306,697.683,15792
2313955,Varjota,CE,230015,2306,179.239,98574
2314003,Várzea Alegre,CE,230011,2304,829.977,15814
2314102,Viçosa do Ceará,CE,230016,2306,1310.91,15830
2400109,Acari,RN,240008,2402,608.466,16012
2400208,Assú,RN,240011,2403,1303.442,16039
2400307,Afonso Bezerra,RN,240011,2403,576.179,16055
2400406,Água Nova,RN,240010,2403,50.684,16071
2400505,Alexandria,RN,240010,2403,381.205,16098
2400604,Almino Afonso,RN,240010,2403,128.038,16110
2400703,Alto do Rodrigues,RN,240011,2403,191.334,16136
2400802,Angicos,RN,240011,2403,741.582,16152
2400901,Antônio Martins,RN,240010,2403,244.897,16179
2401008,Apodi,RN,240009,2403,1569.146,16195
2401107,Areia Branca,RN,240009,2403,342.749,16217
2401206,Arez,RN,240003,2401,115.407,16233
2401305,Campo Grande,RN,240009,2403,890.89,16250
2401404,Baía Formosa,RN,240003,2401,247.484,16276
2401453,Baraúna,RN,240009,2403,825.681,30031
2401503,Barcelona,RN,240006,2401,152.626,16292
2401602,Bento Fernandes,RN,240001,2401,301.069,16314
2401651,Bodó,RN,240008,2402,253.519,16101
2401701,Bom Jesus,RN,240001,2401,122.035,16330
2401800,Brejinho,RN,240001,2401,61.559,16357
2401859,Caiçara do Norte,RN,240005,2401,225.633,16047
2401909,Caiçara do Rio do Vento,RN,240006,2401,261.194,16373
2402006,Caicó,RN,240007,2402,1228.583,16390
2402105,Campo Redondo,RN,240004,2401,213.727,16411
2402204,Canguaretama,RN,240003,2401,245.485,16438
2402303,Caraúbas,RN,240009,2403,1094.488,16454
2402402,Carnaúba dos Dantas,RN,240008,2402,246.308,16470
2402501,Carnaubais,RN,240011,2403,517.737,16497
2402600,Ceará-Mirim,RN,240001,2401,724.838,16519
2402709,Cerro Corá,RN,240008,2402,393.573,16535
2402808,Coronel Ezequiel,RN,240004,2401,185.748,16551
2402907,Coronel João Pessoa,RN,240010,2403,117.139,16578
2403004,Cruzeta,RN,240007,2402,295.83,16594
2403103,Currais Novos,RN,240008,2402,864.349,16616
2403202,Doutor Severiano,RN,240010,2403,113.737,16632
2403251,Parnamirim,RN,240001,2401,124.006,17795
2403301,Encanto,RN,240010,2403,125.749,16659
2403400,Equador,RN,240007,2402,264.985,16675
2403509,Espírito Santo,RN,240003,2401,135.837,16691
2403608,Extremoz,RN,240001,2401,140.639,16713
2403707,Felipe Guerra,RN,240009,2403,292.177,16730
2403756,Fernando Pedroza,RN,240011,2403,322.628,16144
2403806,Florânia,RN,240008,2402,507.892,16756
2403905,Francisco Dantas,RN,240010,2403,181.558,16772
2404002,Frutuoso Gomes,RN,240010,2403,63.279,17515
2404101,Galinhos,RN,240005,2401,340.769,16799
2404200,Goianinha,RN,240003,2401,192.279,16810
2404309,Governador Dix-Sept Rosado,RN,240009,2403,1109.36,16837
2404408,Grossos,RN,240009,2403,124.538,16853
2404507,Guamaré,RN,240011,2403,258.307,16870
2404606,Ielmo Marinho,RN,240001,2401,312.028,16896
2404705,Ipanguaçu,RN,240011,2403,374.245,16918
2404804,Ipueira,RN,240007,2402,127.348,16934
2404853,Itajá,RN,240011,2403,203.624,16080
2404903,Itaú,RN,240009,2403,133.031,16950
2405009,Jaçanã,RN,240004,2401,54.56,16977
2405108,Jandaíra,RN,240005,2401,442.754,16993
2405207,Janduís,RN,240009,2403,303.448,17019
2405306,Januário Cicco,RN,240002,2401,167.042,17035
2405405,Japi,RN,240004,2401,188.99,17051
2405504,Jardim de Angicos,RN,240005,2401,254.012,17078
2405603,Jardim de Piranhas,RN,240007,2402,330.53,17094
2405702,Jardim do Seridó,RN,240007,2402,367.645,17116
2405801,João Câmara,RN,240005,2401,714.971,17132
2405900,João Dias,RN,240010,2403,88.173,17159
2406007,José da Penha,RN,240010,2403,117.635,17175
2406106,Jucurutu,RN,240007,2402,933.73,17191
2406155,Jundiá,RN,240001,2401,44.641,16306
2406205,Lagoa d'Anta,RN,240002,2401,104.065,17230
2406304,Lagoa de Pedras,RN,240002,2401,117.971,17256
2406403,Lagoa de Velhos,RN,240006,2401,111.607,17272
2406502,Lagoa Nova,RN,240008,2402,176.302,17299
2406601,Lagoa Salgada,RN,240001,2401,79.128,17310
2406700,Lajes,RN,240011,2403,676.627,17337
2406809,Lajes Pintadas,RN,240004,2401,130.211,17353
2406908,Lucrécia,RN,240010,2403,30.931,17370
2407005,Luís Gomes,RN,240010,2403,166.638,17396
2407104,Macaíba,RN,240001,2401,510.092,17418
2407203,Macau,RN,240011,2403,775.302,17434
2407252,Major Sales,RN,240010,2403,31.971,16160
2407302,Marcelino Vieira,RN,240010,2403,345.711,17450
2407401,Martins,RN,240010,2403,169.464,17477
2407500,Maxaranguape,RN,240001,2401,132.129,17493
2407609,Messias Targino,RN,240009,2403,142.607,17213
2407708,Montanhas,RN,240003,2401,82.214,17531
2407807,Monte Alegre,RN,240001,2401,211.259,17558
2407906,Monte das Gameleiras,RN,240002,2401,71.946,17574
2408003,Mossoró,RN,240009,2403,2099.334,17590
2408102,Natal,RN,240001,2401,167.401,17612
2408201,Nísia Floresta,RN,240001,2401,307.719,17639
2408300,Nova Cruz,RN,240002,2401,277.319,17655
2408409,Olho d'Água do Borges,RN,240010,2403,136.393,17671
2408508,Ouro Branco,RN,240007,2402,253.21,17698
2408607,Paraná,RN,240010,2403,81.39,17710
2408706,Paraú,RN,240011,2403,383.214,17736
2408805,Parazinho,RN,240005,2401,231.007,17752
2408904,Parelhas,RN,240007,2402,513.507,17779
2408953,Rio do Fogo,RN,240001,2401,151.097,16268
2409100,Passa e Fica,RN,240002,2401,44.105,17817
2409209,Passagem,RN,240002,2401,41.215,17833
2409308,Patu,RN,240010,2403,319.136,17850
2409332,Santa Maria,RN,240006,2401,219.57,16241
2409407,Pau dos Ferros,RN,240010,2403,259.959,17876
2409506,Pedra Grande,RN,240005,2401,221.167,17892
2409605,Pedra Preta,RN,240005,2401,294.985,17914
2409704,Pedro Avelino,RN,240005,2401,952.754,17930
2409803,Pedro Velho,RN,240003,2401,192.708,17957
2409902,Pendências,RN,240011,2403,419.137,17973
2410009,Pilões,RN,240010,2403,82.69,17990
2410108,Poço Branco,RN,240001,2401,230.401,18015
2410207,Portalegre,RN,240010,2403,110.054,18031
2410256,Porto do Mangue,RN,240011,2403,361.237,16284
2410306,Serra Caiada,RN,240002,2401,230.036,18058
2410405,Pureza,RN,240001,2401,504.294,18074
2410504,Rafael Fernandes,RN,240010,2403,78.231,18090
2410603,Rafael Godeiro,RN,240010,2403,100.073,18937
2410702,Riacho da Cruz,RN,240010,2403,127.223,18112
2410801,Riacho de Santana,RN,240010,2403,128.106,18139
2410900,Riachuelo,RN,240006,2401,262.88,18155
2411007,Rodolfo Fernandes,RN,240009,2403,154.84,18171
2411056,Tibau,RN,240009,2403,169.366,16225
2411106,Ruy Barbosa,RN,240006,2401,125.816,18198
2411205,Santa Cruz,RN,240004,2401,624.356,18236
2411403,Santana do Matos,RN,240011,2403,1422.268,18279
2411429,Santana do Seridó,RN,240007,2402,188.403,18252
2411502,Santo Antônio,RN,240002,2401,301.082,18295
2411601,São Bento do Norte,RN,240005,2401,288.761,18317
2411700,São Bento do Trairí,RN,240004,2401,190.818,18333
2411809,São Fernando,RN,240007,2402,404.427,18350
2411908,São Francisco do Oeste,RN,240010,2403,75.588,18210
2412005,São Gonçalo do Amarante,RN,240001,2401,249.8,18376
2412104,São João do Sabugi,RN,240007,2402,277.011,18392
2412203,São José de Mipibu,RN,240001,2401,289.987,18414
2412302,São José do Campestre,RN,240002,2401,341.115,18430
2412401,São José do Seridó,RN,240007,2402,174.505,18457
2412500,São Miguel,RN,240010,2403,166.233,18473
2412559,São Miguel do Gostoso,RN,240001,2401,431.445,16063
2412609,São Paulo do Potengi,RN,240006,2401,240.425,18490
2412708,São Pedro,RN,240006,2401,195.237,18511
2412807,São Rafael,RN,240011,2403,469.101,18538
2412906,São Tomé,RN,240006,2401,862.585,18554
2413003,São Vicente,RN,240008,2402,197.817,18570
2413102,Senador Elói de Souza,RN,240006,2401,143.574,18597
2413201,Senador Georgino Avelino,RN,240001,2401,26.1,18619
2413300,Serra de São Bento,RN,240002,2401,96.585,18635
2413359,Serra do Mel,RN,240009,2403,620.241,16020
2413409,Serra Negra do Norte,RN,240007,2402,562.396,18651
2413508,Serrinha,RN,240002,2401,193.351,18678
2413557,Serrinha dos Pintos,RN,240010,2403,122.375,16209
2413607,Severiano Melo,RN,240009,2403,157.85,18694
2413706,Sítio Novo,RN,240004,2401,213.456,18716
2413805,Taboleiro Grande,RN,240010,2403,124.093,18732
2413904,Taipu,RN,240001,2401,352.818,18759
2414001,Tangará,RN,240004,2401,339.484,18775
2414100,Tenente Ananias,RN,240010,2403,223.671,18791
2414159,Tenente Laurentino Cruz,RN,240008,2402,68.556,16004
2414209,Tibau do Sul,RN,240003,2401,102.68,18813
2414308,Timbaúba dos Batistas,RN,240007,2402,135.456,18830
2414407,Touros,RN,240001,2401,753.961,18856
2414456,Triunfo Potiguar,RN,240011,2403,268.725,16128
2414506,Umarizal,RN,240010,2403,249.61,18872
2414605,Upanema,RN,240009,2403,873.14,18899
2414704,Várzea,RN,240002,2401,72.684,18910
2414753,Venha-Ver,RN,240010,2403,71.621,16187
2414803,Vera Cruz,RN,240001,2401,84.127,18953
2414902,Viçosa,RN,240010,2403,37.905,18970
2415008,Vila Flor,RN,240003,2401,47.656,18996
2500106,Água Branca,PB,250009,2503,241.662,19011
2500205,Aguiar,PB,250010,2503,351.607,19038
2500304,Alagoa Grande,PB,250005,2502,322.071,19054
2500403,Alagoa Nova,PB,250005,2502,128.23,19070
2500502,Alagoinha,PB,250002,2501,111.361,19097
2500536,Alcantil,PB,250005,2502,309.896,19763
2500577,Algodão de Jandaíra,PB,250005,2502,222.74,19925
2500601,Alhandra,PB,250001,2501,183.974,19119
2500700,São João do Rio do Peixe,PB,250015,2504,476.237,19135
2500734,Amparo,PB,250008,2502,122.094,19585
2500775,Aparecida,PB,250014,2504,291.478,19844
2500809,Araçagi,PB,250002,2501,232.177,19151
2500908,Arara,PB,250002,2501,91.306,19178
2501005,Araruna,PB,250002,2501,246.717,19194
2501104,Areia,PB,250005,2502,269.13,19216
2501153,Areia de Baraúnas,PB,250009,2503,114.078,19909
2501203,Areial,PB,250005,2502,35.81,19232
2501302,Aroeiras,PB,250005,2502,376.118,19259
2501351,Assunção,PB,250005,2502,132.139,19321
2501401,Baía da Traição,PB,250003,2501,102.756,19291
2501500,Bananeiras,PB,250002,2501,255.641,19313
2501534,Baraúna,PB,250006,2502,50.03,19305
2501575,Barra de Santana,PB,250005,2502,375.177,19780
2501609,Barra de Santa Rosa,PB,250006,2502,781.187,19330
2501708,Barra de São Miguel,PB,250005,2502,609.695,19356
2501807,Bayeux,PB,250001,2501,27.705,19372
2501906,Belém,PB,250002,2501,99.609,19399
2502003,Belém do Brejo do Cruz,PB,250011,2503,601.549,19410
2502052,Bernardino Batista,PB,250014,2504,57.453,19500
2502102,Boa Ventura,PB,250010,2503,168.664,19437
2502151,Boa Vista,PB,250005,2502,468.933,19941
2502201,Bom Jesus,PB,250015,2504,47.367,19453
2502300,Bom Sucesso,PB,250011,2503,186.059,19470
2502409,Bonito de Santa Fé,PB,250015,2504,226.798,19496
2502508,Boqueirão,PB,250005,2502,373.077,19518
2502607,Igaracy,PB,250010,2503,197.058,19534
2502706,Borborema,PB,250002,2501,26.107,19550
2502805,Brejo do Cruz,PB,250011,2503,401.315,19577
2502904,Brejo dos Santos,PB,250011,2503,93.857,19593
2503001,Caaporã,PB,250001,2501,151.018,19615
2503100,Cabaceiras,PB,250005,2502,469.171,19631
2503209,Cabedelo,PB,250001,2501,29.873,19658
2503308,Cachoeira dos Índios,PB,250015,2504,193.215,19674
2503407,Cacimba de Areia,PB,250009,2503,213.019,19690
2503506,Cacimba de Dentro,PB,250002,2501,165.072,19712
2503555,Cacimbas,PB,250009,2503,124.068,19364
2503605,Caiçara,PB,250002,2501,123.677,19739
2503704,Cajazeiras,PB,250015,2504,562.703,19755
2503753,Cajazeirinhas,PB,250012,2503,282.693,19380
2503803,Caldas Brandão,PB,250001,2501,55.963,19771
2503902,Camalaú,PB,250007,2502,541.841,19798
2504009,Campina Grande,PB,250005,2502,591.656,19810
2504033,Capim,PB,250003,2501,79.876,19062
2504074,Caraúbas,PB,250005,2502,486.623,19240
2504108,Carrapateira,PB,250015,2504,59.07,19836
2504157,Casserengue,PB,250002,2501,202.761,19607
2504207,Catingueira,PB,250009,2503,527.424,19852
2504306,Catolé do Rocha,PB,250011,2503,551.765,19879
2504355,Caturité,PB,250005,2502,117.825,19801
2504405,Conceição,PB,250010,2503,580.65,19895
2504504,Condado,PB,250012,2503,265.473,19917
2504603,Conde,PB,250001,2501,171.267,19933
2504702,Congo,PB,250008,2502,324.686,19950
2504801,Coremas,PB,250009,2503,372.012,19976
2504850,Coxixola,PB,250008,2502,173.942,19704
2504900,Cruz do Espírito Santo,PB,250001,2501,192.512,19992
2505006,Cubati,PB,250005,2502,163.57,20010
2505105,Cuité,PB,250006,2502,733.818,20036
2505204,Cuitegi,PB,250002,2501,42.091,20052
2505238,Cuité de Mamanguape,PB,250001,2501,107.68,19089
2505279,Curral de Cima,PB,250003,2501,86.428,19100
2505303,Curral Velho,PB,250010,2503,217.624,20079
2505352,Damião,PB,250006,2502,186.198,19275
2505402,Desterro,PB,250009,2503,182.018,20095
2505501,Vista Serrana,PB,250009,2503,60.39,20117
2505600,Diamante,PB,250010,2503,271.791,20133
2505709,Dona Inês,PB,250002,2501,173.648,20150
2505808,Duas Estradas,PB,250002,2501,27.012,20176
2505907,Emas,PB,250009,2503,248.226,20192
2506004,Esperança,PB,250005,2502,157.851,20214
2506103,Fagundes,PB,250005,2502,185.061,20230
2506202,Frei Martinho,PB,250006,2502,238.658,20257
2506251,Gado Bravo,PB,250005,2502,192.42,19623
2506301,Guarabira,PB,250002,2501,162.387,20273
2506400,Gurinhém,PB,250001,2501,340.408,20290
2506509,Gurjão,PB,250005,2502,344.502,20311
2506608,Ibiara,PB,250010,2503,240.357,20338
2506707,Imaculada,PB,250009,2503,317.804,20354
2506806,Ingá,PB,250005,2502,262.179,20370
2506905,Itabaiana,PB,250004,2501,210.572,20397
2507002,Itaporanga,PB,250010,2503,460.21,20419
2507101,Itapororoca,PB,250003,2501,145.807,20435
2507200,Itatuba,PB,250005,2502,251.75,20451
2507309,Jacaraú,PB,250003,2501,256.845,20478
2507408,Jericó,PB,250011,2503,177.356,20494
2507507,João Pessoa,PB,250001,2501,210.044,20516
2507606,Juarez Távora,PB,250001,2501,75.678,20532
2507705,Juazeirinho,PB,250005,2502,474.606,20559
2507804,Junco do Seridó,PB,250005,2502,180.425,20575
2507903,Juripiranga,PB,250001,2501,78.706,20591
2508000,Juru,PB,250013,2503,395.075,20613
2508109,Lagoa,PB,250012,2503,176.649,20630
2508208,Lagoa de Dentro,PB,250002,2501,83.508,20656
2508307,Lagoa Seca,PB,250005,2502,108.219,20672
2508406,Lastro,PB,250014,2504,107.416,20699
2508505,Livramento,PB,250008,2502,266.948,20710
2508554,Logradouro,PB,250002,2501,42.876,19160
2508604,Lucena,PB,250001,2501,93.8,20737
2508703,Mãe d'Água,PB,250009,2503,228.676,20753
2508802,Malta,PB,250009,2503,172.01,20770
2508901,Mamanguape,PB,250003,2501,337.434,20796
2509008,Manaíra,PB,250013,2503,352.025,20818
2509057,Marcação,PB,250003,2501,122.665,19968
2509107,Mari,PB,250001,2501,155.265,20834
2509156,Marizópolis,PB,250014,2504,69.952,19461
2509206,Massaranduba,PB,250005,2502,209.402,20850
2509305,Mataraca,PB,250003,2501,182.439,20877
2509339,Matinhas,PB,250005,2502,36.522,19143
2509370,Mato Grosso,PB,250011,2503,85.275,19488
2509396,Maturéia,PB,250009,2503,83.053,19984
2509404,Mogeiro,PB,250004,2501,214.093,20893
2509503,Montadas,PB,250005,2502,31.793,20915
2509602,Monte Horebe,PB,250015,2504,116.854,20931
2509701,Monteiro,PB,250007,2502,992.62,20958
2509800,Mulungu,PB,250002,2501,187.259,20974
2509909,Natuba,PB,250004,2501,202.173,20990
2510006,Nazarezinho,PB,250014,2504,193.203,21016
2510105,Nova Floresta,PB,250006,2502,47.572,21032
2510204,Nova Olinda,PB,250010,2503,81.516,21059
2510303,Nova Palmeira,PB,250006,2502,314.748,21075
2510402,Olho d'Água,PB,250009,2503,580.47,21091
2510501,Olivedos,PB,250005,2502,314.625,21113
2510600,Ouro Velho,PB,250007,2502,128.11,21130
2510659,Parari,PB,250008,2502,207.814,19720
2510709,Passagem,PB,250009,2503,123.422,21156
2510808,Patos,PB,250009,2503,472.892,21172
2510907,Paulista,PB,250012,2503,577.379,21199
2511004,Pedra Branca,PB,250010,2503,116.873,21210
2511103,Pedra Lavrada,PB,250006,2502,335.615,21237
2511202,Pedras de Fogo,PB,250001,2501,406.729,21253
2511301,Piancó,PB,250010,2503,576.986,21270
2511400,Picuí,PB,250006,2502,667.714,21296
2511509,Pilar,PB,250001,2501,103.306,21318
2511608,Pilões,PB,250002,2501,65.574,21334
2511707,Pilõezinhos,PB,250002,2501,40.908,21350
2511806,Pirpirituba,PB,250002,2501,80.672,21377
2511905,Pitimbu,PB,250001,2501,135.801,21393
2512002,Pocinhos,PB,250005,2502,623.967,21415
2512036,Poço Dantas,PB,250014,2504,97.758,19640
2512077,Poço de José de Moura,PB,250015,2504,94.646,19526
2512101,Pombal,PB,250012,2503,894.098,21431
2512200,Prata,PB,250007,2502,201.788,21458
2512309,Princesa Isabel,PB,250013,2503,368.569,21474
2512408,Puxinanã,PB,250005,2502,71.118,21490
2512507,Queimadas,PB,250005,2502,402.748,21512
2512606,Quixaba,PB,250009,2503,147.158,21539
2512705,Remígio,PB,250005,2502,183.459,21555
2512721,Pedro Régis,PB,250003,2501,74.216,19747
2512747,Riachão,PB,250002,2501,85.291,19208
2512754,Riachão do Bacamarte,PB,250005,2502,40.281,19127
2512762,Riachão do Poço,PB,250001,2501,40.46,19003
2512788,Riacho de Santo Antônio,PB,250005,2502,93.654,19828
2512804,Riacho dos Cavalos,PB,250011,2503,262.532,21571
2512903,Rio Tinto,PB,250003,2501,465.24,21598
2513000,Salgadinho,PB,250009,2503,179.005,21610
2513109,Salgado de São Félix,PB,250004,2501,204.079,21636
2513158,Santa Cecília,PB,250005,2502,217.577,20001
2513208,Santa Cruz,PB,250014,2504,217.677,21652
2513307,Santa Helena,PB,250015,2504,211.143,21679
2513356,Santa Inês,PB,250010,2503,327.635,19569
2513406,Santa Luzia,PB,250009,2503,440.766,21695
2513505,Santana de Mangueira,PB,250010,2503,405.164,21717
2513604,Santana dos Garrotes,PB,250010,2503,361.484,21733
2513653,Joca Claudino,PB,250014,2504,71.799,19666
2513703,Santa Rita,PB,250001,2501,718.576,21750
2513802,Santa Teresinha,PB,250009,2503,359.442,21776
2513851,Santo André,PB,250005,2502,197.791,19267
2513901,São Bento,PB,250011,2503,245.84,21792
2513927,São Bentinho,PB,250012,2503,199.635,19402
2513943,São Domingos do Cariri,PB,250005,2502,233.835,19224
2513968,São Domingos,PB,250012,2503,170.361,19429
2513984,São Francisco,PB,250014,2504,90.724,19860
2514008,São João do Cariri,PB,250005,2502,612.963,21814
2514107,São João do Tigre,PB,250007,2502,812.617,21830
2514206,São José da Lagoa Tapada,PB,250014,2504,333.724,21857
2514305,São José de Caiana,PB,250010,2503,183.273,21873
2514404,São José de Espinharas,PB,250009,2503,726.757,21890
2514453,São José dos Ramos,PB,250004,2501,100.642,19046
2514503,São José de Piranhas,PB,250015,2504,686.918,21911
2514552,São José de Princesa,PB,250013,2503,158.052,19445
2514602,São José do Bonfim,PB,250009,2503,153.629,21938
2514651,São José do Brejo do Cruz,PB,250011,2503,253.787,19542
2514701,São José do Sabugi,PB,250009,2503,213.555,21954
2514800,São José dos Cordeiros,PB,250008,2502,376.661,21970
2514909,São Mamede,PB,250009,2503,533.446,21997
2515005,São Miguel de Taipu,PB,250001,2501,92.413,22012
2515104,São Sebastião de Lagoa de Roça,PB,250005,2502,46.372,22039
2515203,São Sebastião do Umbuzeiro,PB,250007,2502,464.327,22055
2515302,Sapé,PB,250001,2501,313.678,22071
2515401,São Vicente do Seridó,PB,250005,2502,262.751,22098
2515500,Serra Branca,PB,250008,2502,698.105,22110
2515609,Serra da Raiz,PB,250002,2501,31.679,22136
2515708,Serra Grande,PB,250015,2504,64.352,22152
2515807,Serra Redonda,PB,250005,2502,55.197,22179
2515906,Serraria,PB,250002,2501,65.062,22195
2515930,Sertãozinho,PB,250002,2501,32.455,19186
2515971,Sobrado,PB,250001,2501,61.953,19020
2516003,Solânea,PB,250002,2501,233.043,22217
2516102,Soledade,PB,250005,2502,578.178,22233
2516151,Sossêgo,PB,250006,2502,147.264,19283
2516201,Sousa,PB,250014,2504,728.492,22250
2516300,Sumé,PB,250008,2502,833.315,22276
2516409,Tacima,PB,250002,2501,245.237,22292
2516508,Taperoá,PB,250005,2502,628.365,22314
2516607,Tavares,PB,250013,2503,239.507,22330
2516706,Teixeira,PB,250009,2503,155.452,22357
2516755,Tenório,PB,250005,2502,87.452,19682
2516805,Triunfo,PB,250015,2504,224.336,22373
2516904,Uiraúna,PB,250014,2504,293.182,22390
2517001,Umbuzeiro,PB,250005,2502,185.578,22411
2517100,Várzea,PB,250009,2503,191.282,22438
2517209,Vieirópolis,PB,250014,2504,147.098,19887
2517407,Zabelê,PB,250007,2502,106.811,19348
2600054,Abreu e Lima,PE,260001,2601,126.384,26310
2600104,Afogados da Ingazeira,PE,260014,2603,378.031,23019
2600203,Afrânio,PE,260015,2604,1491.572,23035
2600302,Agrestina,PE,260009,2602,200.369,23051
2600401,Água Preta,PE,260003,2601,531.936,23078
2600500,Águas Belas,PE,260010,2602,885.987,23094
2600609,Alagoinha,PE,260012,2602,208.545,23116
2600708,Aliança,PE,260002,2601,272.773,23132
2600807,Altinho,PE,260009,2602,450.178,23159
2600906,Amaraji,PE,260018,2601,233.239,23175
2601003,Angelim,PE,260010,2602,118.72,23191
2601052,Araçoiaba,PE,260001,2601,96.36,23205
2601102,Araripina,PE,260016,2604,2037.394,23213
2601201,Arcoverde,PE,260011,2602,343.923,23230
2601300,Barra de Guabiraba,PE,260009,2602,118.639,23256
2601409,Barreiros,PE,260007,2601,233.432,23272
2601508,Belém de Maria,PE,260003,2601,75.912,23299
2601607,Belém do São Francisco,PE,260017,2604,1830.828,23310
2601706,Belo Jardim,PE,260012,2602,647.445,23337
2601805,Betânia,PE,260013,2603,1256.138,23353
2601904,Bezerros,PE,260009,2602,497.156,23370
2602001,Bodocó,PE,260016,2604,1621.785,23396
2602100,Bom Conselho,PE,260010,2602,790.774,23418
2602209,Bom Jardim,PE,260004,2601,226.639,23434
2602308,Bonito,PE,260009,2602,392.627,23450
2602407,Brejão,PE,260010,2602,159.786,23477
2602506,Brejinho,PE,260014,2603,106.066,23493
2602605,Brejo da Madre de Deus,PE,260009,2602,761.824,23515
2602704,Buenos Aires,PE,260006,2601,93.187,23531
2602803,Buíque,PE,260011,2602,1295.821,23558
2602902,Cabo de Santo Agostinho,PE,260001,2601,445.386,23574
2603009,Cabrobó,PE,260017,2604,1658.617,23590
2603108,Cachoeirinha,PE,260009,2602,179.262,23612
2603207,Caetés,PE,260010,2602,294.946,23639
2603306,Calçado,PE,260010,2602,121.434,23655
2603405,Calumbi,PE,260013,2603,179.314,23671
2603454,Camaragibe,PE,260001,2601,51.321,26298
2603504,Camocim de São Félix,PE,260009,2602,72.01,23698
2603603,Camutanga,PE,260002,2601,39.116,23710
2603702,Canhotinho,PE,260010,2602,422.831,23736
2603801,Capoeiras,PE,260010,2602,337.108,23752
2603900,Carnaíba,PE,260014,2603,432.134,23779
2603926,Carnaubeira da Penha,PE,260013,2603,1004.248,23167
2604007,Carpina,PE,260006,2601,146.494,23795
2604106,Caruaru,PE,260009,2602,919.069,23817
2604155,Casinhas,PE,260008,2601,116.833,23221
2604205,Catende,PE,260003,2601,208.594,23833
2604304,Cedro,PE,260017,2604,148.746,23850
2604403,Chã de Alegria,PE,260005,2601,49.328,23876
2604502,Chã Grande,PE,260009,2602,84.787,23892
2604601,Condado,PE,260002,2601,89.645,23914
2604700,Correntes,PE,260010,2602,317.793,23930
2604809,Cortês,PE,260018,2601,103.416,23957
2604908,Cumaru,PE,260009,2602,291.429,23973
2605004,Cupira,PE,260009,2602,95.149,23990
2605103,Custódia,PE,260011,2602,1382.059,24015
2605152,Dormentes,PE,260015,2604,1543.723,23140
2605202,Escada,PE,260018,2601,342.156,24031
2605301,Exu,PE,260016,2604,1336.786,24058
2605400,Feira Nova,PE,260004,2601,107.726,24074
2605459,Fernando de Noronha,PE,260001,2601,18.609,30015
2605509,Ferreiros,PE,260002,2601,92.516,24090
2605608,Flores,PE,260013,2603,995.561,24112
2605707,Floresta,PE,260013,2603,3637.243,24139
2605806,Frei Miguelinho,PE,260008,2601,213.735,24155
2605905,Gameleira,PE,260003,2601,257.781,24171
2606002,Garanhuns,PE,260010,2602,458.964,24198
2606101,Glória do Goitá,PE,260005,2601,234.486,24210
2606200,Goiana,PE,260002,2601,445.406,24236
2606309,Granito,PE,260016,2604,521.69,24252
2606408,Gravatá,PE,260009,2602,507.36,24279
2606507,Iati,PE,260010,2602,635.137,24295
2606606,Ibimirim,PE,260011,2602,1929.342,24317
2606705,Ibirajuba,PE,260009,2602,189.596,24333
2606804,Igarassu,PE,260001,2601,306.879,24350
2606903,Iguaracy,PE,260014,2603,836.046,24376
2607000,Inajá,PE,260011,2602,1240.961,24392
2607109,Ingazeira,PE,260014,2603,243.858,24414
2607208,Ipojuca,PE,260001,2601,521.801,24430
2607307,Ipubi,PE,260016,2604,693.915,24457
2607406,Itacuruba,PE,260017,2604,436.528,24473
2607505,Itaíba,PE,260011,2602,1034.044,24490
2607604,Ilha de Itamaracá,PE,260001,2601,66.146,24511
2607653,Itambé,PE,260002,2601,304.005,25976
2607703,Itapetim,PE,260014,2603,411.875,24538
2607752,Itapissuma,PE,260001,2601,73.968,26336
2607802,Itaquitinga,PE,260002,2601,162.739,24554
2607901,Jaboatão dos Guararapes,PE,260001,2601,258.724,24570
2607950,Jaqueira,PE,260003,2601,87.208,23302
2608008,Jataúba,PE,260009,2602,714.601,24597
2608057,Jatobá,PE,260013,2603,277.862,23264
2608107,João Alfredo,PE,260004,2601,134.147,24619
2608206,Joaquim Nabuco,PE,260003,2601,122.605,24635
2608255,Jucati,PE,260010,2602,120.167,23124
2608305,Jupi,PE,260010,2602,104.835,24651
2608404,Jurema,PE,260010,2602,148.254,24678
2608453,Lagoa do Carro,PE,260006,2601,69.244,23027
2608503,Lagoa de Itaenga,PE,260006,2601,57.298,24694
2608602,Lagoa do Ouro,PE,260010,2602,199.996,24716
2608701,Lagoa dos Gatos,PE,260009,2602,224.948,24732
2608750,Lagoa Grande,PE,260015,2604,1844.506,23183
2608800,Lajedo,PE,260010,2602,189.096,24759
2608909,Limoeiro,PE,260004,2601,273.733,24775
2609006,Macaparana,PE,260002,2601,108.049,24791
2609105,Machados,PE,260004,2601,58.32,24813
2609154,Manari,PE,260011,2602,386.57,23248
2609204,Maraial,PE,260003,2601,199.865,24830
2609303,Mirandiba,PE,260013,2603,821.676,24856
2609402,Moreno,PE,260001,2601,194.197,24872
2609501,Nazaré da Mata,PE,260006,2601,130.572,24899
2609600,Olinda,PE,260001,2601,41.3,24910
2609709,Orobó,PE,260004,2601,138.362,24937
2609808,Orocó,PE,260015,2604,554.759,24953
2609907,Ouricuri,PE,260016,2604,2381.568,24970
2610004,Palmares,PE,260003,2601,339.388,24996
2610103,Palmeirina,PE,260010,2602,169.012,25011
2610202,Panelas,PE,260009,2602,380.428,25038
2610301,Paranatama,PE,260010,2602,185.371,25054
2610400,Parnamirim,PE,260017,2604,2609.55,25070
2610509,Passira,PE,260004,2601,327.21,25097
2610608,Paudalho,PE,260001,2601,269.65,25119
2610707,Paulista,PE,260001,2601,96.932,25135
2610806,Pedra,PE,260011,2602,922.482,25151
2610905,Pesqueira,PE,260012,2602,970.438,25178
2611002,Petrolândia,PE,260013,2603,1056.589,25194
2611101,Petrolina,PE,260015,2604,4558.905,25216
2611200,Poção,PE,260012,2602,205.118,25232
2611309,Pombos,PE,260005,2601,203.105,25259
2611408,Primavera,PE,260018,2601,113.563,25275
2611507,Quipapá,PE,260010,2602,230.617,25291
2611533,Quixaba,PE,260014,2603,210.705,23000
2611606,Recife,PE,260001,2601,218.843,25313
2611705,Riacho das Almas,PE,260009,2602,313.613,25330
2611804,Ribeirão,PE,260018,2601,289.566,25356
2611903,Rio Formoso,PE,260007,2601,227.458,25372
2612000,Sairé,PE,260009,2602,190.454,25399
2612109,Salgadinho,PE,260004,2601,87.218,25410
2612208,Salgueiro,PE,260017,2604,1678.562,25437
2612307,Saloá,PE,260010,2602,251.55,25453
2612406,Sanharó,PE,260012,2602,268.065,25470
2612455,Santa Cruz,PE,260016,2604,1246.181,23108
2612471,Santa Cruz da Baixa Verde,PE,260013,2603,114.931,23043
2612505,Santa Cruz do Capibaribe,PE,260009,2602,335.309,25496
2612554,Santa Filomena,PE,260016,2604,1004.561,23329
2612604,Santa Maria da Boa Vista,PE,260015,2604,3000.773,25518
2612703,Santa Maria do Cambucá,PE,260008,2601,92.148,25534
2612802,Santa Terezinha,PE,260014,2603,200.327,25550
2612901,São Benedito do Sul,PE,260003,2601,160.477,25577
2613008,São Bento do Una,PE,260012,2602,719.193,25593
2613107,São Caitano,PE,260009,2602,382.483,25615
2613206,São João,PE,260010,2602,258.443,25631
2613305,São Joaquim do Monte,PE,260009,2602,224.624,25658
2613404,São José da Coroa Grande,PE,260007,2601,69.184,25674
2613503,São José do Belmonte,PE,260013,2603,1474.086,25690
2613602,São José do Egito,PE,260014,2603,774.037,25712
2613701,São Lourenço da Mata,PE,260001,2601,263.687,25739
2613800,São Vicente Férrer,PE,260002,2601,112.472,25755
2613909,Serra Talhada,PE,260013,2603,2980.007,25771
2614006,Serrita,PE,260017,2604,1535.19,25798
2614105,Sertânia,PE,260011,2602,2409.511,25810
2614204,Sirinhaém,PE,260007,2601,374.321,25836
2614303,Moreilândia,PE,260016,2604,404.288,25852
2614402,Solidão,PE,260014,2603,138.6,25879
2614501,Surubim,PE,260008,2601,253.296,25895
2614600,Tabira,PE,260014,2603,388.458,25917
2614709,Tacaimbó,PE,260012,2602,227.6,25933
2614808,Tacaratu,PE,260013,2603,1264.532,25950
2614857,Tamandaré,PE,260007,2601,213.75,23280
2615003,Taquaritinga do Norte,PE,260009,2602,475.183,25992
2615102,Terezinha,PE,260010,2602,151.625,26018
2615201,Terra Nova,PE,260017,2604,318.709,26034
2615300,Timbaúba,PE,260002,2601,287.683,26050
2615409,Toritama,PE,260009,2602,25.704,26077
2615508,Tracunhaém,PE,260006,2601,137.321,26093
2615607,Trindade,PE,260016,2604,295.765,26115
2615706,Triunfo,PE,260013,2603,191.518,26131
2615805,Tupanatinga,PE,260011,2602,888.467,26158
2615904,Tuparetama,PE,260014,2603,188.428,26174
2616001,Venturosa,PE,260011,2602,331.552,26190
2616100,Verdejante,PE,260017,2604,476.04,26212
2616183,Vertente do Lério,PE,260008,2601,73.631,23086
2616209,Vertentes,PE,260008,2601,196.324,26239
2616308,Vicência,PE,260002,2601,227.906,26255
2616407,Vitória de Santo Antão,PE,260005,2601,373.3,26271
2616506,Xexéu,PE,260003,2601,110.814,23060
2700102,Água Branca,AL,270009,2702,473.845,27014
2700201,Anadia,AL,270004,2701,186.074,27030
2700300,Arapiraca,AL,270007,2702,346.188,27057
2700409,Atalaia,AL,270006,2701,533.259,27073
2700508,Barra de Santo Antônio,AL,270001,2701,131.364,27090
2700607,Barra de São Miguel,AL,270001,2701,74.332,27111
2700706,Batalha,AL,270011,2702,331.752,27138
2700805,Belém,AL,270008,2702,66.629,27154
2700904,Belo Monte,AL,270011,2702,322.887,27170
2701001,Boca da Mata,AL,270004,2701,192.952,27197
2701100,Branquinha,AL,270005,2701,168.343,27219
2701209,Cacimbinhas,AL,270008,2702,282.011,27235
2701308,Cajueiro,AL,270006,2701,107.168,27251
2701357,Campestre,AL,270002,2701,65.019,27081
2701407,Campo Alegre,AL,270004,2701,312.726,27278
2701506,Campo Grande,AL,270007,2702,170.145,27294
2701605,Canapi,AL,270010,2702,600.879,27316
2701704,Capela,AL,270006,2701,253.168,27332
2701803,Carneiros,AL,270010,2702,111.695,27359
2701902,Chã Preta,AL,270006,2701,157.831,27375
2702009,Coité do Nóia,AL,270007,2702,88.334,27391
2702108,Colônia Leopoldina,AL,270002,2701,201.461,27413
2702207,Coqueiro Seco,AL,270001,2701,39.608,27430
2702306,Coruripe,AL,270003,2701,897.431,27456
2702355,Craíbas,AL,270007,2702,277.617,28894
2702405,Delmiro Gouveia,AL,270009,2702,628.547,27472
2702504,Dois Riachos,AL,270010,2702,142.364,27499
2702553,Estrela de Alagoas,AL,270008,2702,260.615,27049
2702603,Feira Grande,AL,270007,2702,175.906,27510
2702702,Feliz Deserto,AL,270003,2701,110.062,27537
2702801,Flexeiras,AL,270001,2701,333.756,27553
2702900,Girau do Ponciano,AL,270007,2702,517.85,27570
2703007,Ibateguara,AL,270005,2701,265.313,27596
2703106,Igaci,AL,270008,2702,334.342,27618
2703205,Igreja Nova,AL,270003,2701,428.023,27634
2703304,Inhapi,AL,270009,2702,372.019,27650
2703403,Jacaré dos Homens,AL,270011,2702,149.332,27677
2703502,Jacuípe,AL,270002,2701,209.65,27693
2703601,Japaratinga,AL,270002,2701,85.699,27715
2703700,Jaramataia,AL,270007,2702,105.416,27731
2703759,Jequiá da Praia,AL,270004,2701,334.619,27065
2703809,Joaquim Gomes,AL,270001,2701,300.865,27758
2703908,Jundiá,AL,270002,2701,88.772,27774
2704005,Junqueiro,AL,270007,2702,246.961,27790
2704104,Lagoa da Canoa,AL,270007,2702,83.621,27812
2704203,Limoeiro de Anadia,AL,270007,2702,309.171,27839
2704302,Maceió,AL,270001,2701,509.295,27855
2704401,Major Isidoro,AL,270008,2702,437.602,27871
2704500,Maragogi,AL,270002,2701,333.952,27898
2704609,Maravilha,AL,270010,2702,334.052,27910
2704708,Marechal Deodoro,AL,270001,2701,340.987,27936
2704807,Maribondo,AL,270007,2702,180.107,27952
2704906,Mar Vermelho,AL,270006,2701,91.741,27979
2705002,Mata Grande,AL,270009,2702,909.535,27995
2705101,Matriz de Camaragibe,AL,270002,2701,238.112,28010
2705200,Messias,AL,270001,2701,114.156,28037
2705309,Minador do Negrão,AL,270008,2702,167.461,28053
2705408,Monteirópolis,AL,270011,2702,86.605,28070
2705507,Murici,AL,270005,2701,418.028,28096
2705606,Novo Lino,AL,270002,2701,219.327,28118
2705705,Olho d'Água das Flores,AL,270011,2702,188.398,28134
2705804,Olho d'Água do Casado,AL,270009,2702,327.679,28150
2705903,Olho d'Água Grande,AL,270007,2702,115.509,28177
2706000,Olivença,AL,270010,2702,174.188,28193
2706109,Ouro Branco,AL,270010,2702,196.349,28215
2706208,Palestina,AL,270011,2702,38.189,28231
2706307,Palmeira dos Índios,AL,270008,2702,450.99,28258
2706406,Pão de Açúcar,AL,270011,2702,688.87,28274
2706422,Pariconha,AL,270009,2702,254.718,27022
2706448,Paripueira,AL,270001,2701,92.813,27006
2706505,Passo de Camaragibe,AL,270002,2701,251.169,28290
2706604,Paulo Jacinto,AL,270008,2702,118.457,28312
2706703,Penedo,AL,270003,2701,688.713,28339
2706802,Piaçabuçu,AL,270003,2701,243.686,28355
2706901,Pilar,AL,270001,2701,259.646,28371
2707008,Pindoba,AL,270006,2701,117.576,28398
2707107,Piranhas,AL,270009,2702,403.994,28410
2707206,Poço das Trincheiras,AL,270010,2702,284.526,28436
2707305,Porto Calvo,AL,270002,2701,313.68,28452
2707404,Porto de Pedras,AL,270002,2701,256.526,28479
2707503,Porto Real do Colégio,AL,270003,2701,237.017,28495
2707602,Quebrangulo,AL,270008,2702,319.829,28517
2707701,Rio Largo,AL,270001,2701,293.832,28533
2707800,Roteiro,AL,270004,2701,128.869,28550
2707909,Santa Luzia do Norte,AL,270001,2701,28.857,28576
2708006,Santana do Ipanema,AL,270010,2702,436.087,28592
2708105,Santana do Mundaú,AL,270005,2701,232.17,28614
2708204,São Brás,AL,270003,2701,138.969,28630
2708303,São José da Laje,AL,270005,2701,256.603,28657
2708402,São José da Tapera,AL,270011,2702,490.88,28673
2708501,São Luís do Quitunde,AL,270002,2701,397.257,28690
2708600,São Miguel dos Campos,AL,270004,2701,335.679,28711
2708709,São Miguel dos Milagres,AL,270002,2701,76.852,28738
2708808,São Sebastião,AL,270007,2702,312.746,28754
2708907,Satuba,AL,270001,2701,41.268,28770
2708956,Senador Rui Palmeira,AL,270010,2702,338.569,28916
2709004,Tanque d'Arca,AL,270007,2702,124.616,28797
2709103,Taquarana,AL,270007,2702,153.833,28819
2709152,Teotônio Vilela,AL,270007,2702,299.237,28932
2709202,Traipu,AL,270007,2702,680.0,28835
2709301,União dos Palmares,AL,270005,2701,420.081,28851
2709400,Viçosa,AL,270006,2701,365.154,28878
2800100,Amparo do São Francisco,SE,280003,2801,35.683,31011
2800209,Aquidabã,SE,280003,2801,359.543,31038
2800308,Aracaju,SE,280001,2801,182.163,31054
2800407,Arauá,SE,280002,2801,198.967,31070
2800506,Areia Branca,SE,280004,2802,148.135,31097
2800605,Barra dos Coqueiros,SE,280001,2801,92.268,31119
2800670,Boquim,SE,280002,2801,205.443,31151
2800704,Brejo Grande,SE,280003,2801,141.464,31135
2801009,Campo do Brito,SE,280004,2802,201.518,31194
2801108,Canhoba,SE,280003,2801,171.581,31216
2801207,Canindé de São Francisco,SE,280006,2802,1080.009,31232
2801306,Capela,SE,280001,2801,442.21,31259
2801405,Carira,SE,280004,2802,638.875,31275
2801504,Carmópolis,SE,280001,2801,46.395,31291
2801603,Cedro de São João,SE,280003,2801,83.71,31313
2801702,Cristinápolis,SE,280002,2801,228.556,31330
2801900,Cumbe,SE,280001,2801,121.959,31372
2802007,Divina Pastora,SE,280001,2801,90.508,31399
2802106,Estância,SE,280002,2801,647.344,31410
2802205,Feira Nova,SE,280006,2802,194.187,31437
2802304,Frei Paulo,SE,280004,2802,399.178,31453
2802403,Gararu,SE,280006,2802,661.622,31496
2802502,General Maynard,SE,280001,2801,19.793,31470
2802601,Graccho Cardoso,SE,280006,2802,240.756,31518
2802700,Ilha das Flores,SE,280003,2801,52.693,31534
2802809,Indiaroba,SE,280002,2801,316.316,31550
2802908,Itabaiana,SE,280004,2802,337.348,31577
2803005,Itabaianinha,SE,280002,2801,501.794,31593
2803104,Itabi,SE,280006,2802,183.422,31615
2803203,Itaporanga d'Ajuda,SE,280001,2801,739.702,31631
2803302,Japaratuba,SE,280001,2801,365.677,31658
2803401,Japoatã,SE,280003,2801,402.353,31674
2803500,Lagarto,SE,280005,2802,968.921,31690
2803609,Laranjeiras,SE,280001,2801,162.274,31712
2803708,Macambira,SE,280004,2802,137.496,31739
2803807,Malhada dos Bois,SE,280003,2801,63.199,31755
2803906,Malhador,SE,280004,2802,101.888,31771
2804003,Maruim,SE,280001,2801,95.554,31798
2804102,Moita Bonita,SE,280004,2802,95.397,31810
2804201,Monte Alegre de Sergipe,SE,280006,2802,387.352,31836
2804300,Muribeca,SE,280003,2801,74.31,31852
2804409,Neópolis,SE,280003,2801,271.323,31879
2804458,Nossa Senhora Aparecida,SE,280004,2802,340.855,31356
2804508,Nossa Senhora da Glória,SE,280006,2802,754.959,31895
2804607,Nossa Senhora das Dores,SE,280001,2801,482.785,31917
2804706,Nossa Senhora de Lourdes,SE,280003,2801,83.767,31933
2804805,Nossa Senhora do Socorro,SE,280001,2801,155.018,31950
2804904,Pacatuba,SE,280003,2801,381.428,31976
2805000,Pedra Mole,SE,280004,2802,82.184,31992
2805109,Pedrinhas,SE,280002,2801,33.344,32018
2805208,Pinhão,SE,280004,2802,156.4,32034
2805307,Pirambu,SE,280001,2801,208.681,32050
2805406,Poço Redondo,SE,280006,2802,1074.584,32077
2805505,Poço Verde,SE,280005,2802,441.326,32093
2805604,Porto da Folha,SE,280006,2802,878.044,32115
2805703,Propriá,SE,280003,2801,96.32,32131
2805802,Riachão do Dantas,SE,280005,2802,530.606,32158
2805901,Riachuelo,SE,280001,2801,78.308,32174
2806008,Ribeirópolis,SE,280004,2802,259.057,32190
2806107,Rosário do Catete,SE,280001,2801,102.683,32212
2806206,Salgado,SE,280005,2802,247.579,32239
2806305,Santa Luzia do Itanhy,SE,280002,2801,325.259,32255
2806404,Santana do São Francisco,SE,280003,2801,44.017,31003
2806503,Santa Rosa de Lima,SE,280001,2801,67.672,32298
2806602,Santo Amaro das Brotas,SE,280001,2801,236.965,32310
2806701,São Cristóvão,SE,280001,2801,438.037,32336
2806800,São Domingos,SE,280004,2802,101.999,32352
2806909,São Francisco,SE,280003,2801,83.985,32379
2807006,São Miguel do Aleixo,SE,280004,2802,140.041,32395
2807105,Simão Dias,SE,280005,2802,560.199,32417
2807204,Siriri,SE,280001,2801,168.343,32433
2807303,Telha,SE,280003,2801,47.86,32450
2807402,Tobias Barreto,SE,280005,2802,1024.645,32476
2807501,Tomar do Geru,SE,280002,2801,304.837,32492
2807600,Umbaúba,SE,280002,2801,117.514,32514
2900108,Abaíra,BA,290013,2904,538.679,33014
2900207,Abaré,BA,290024,2909,1604.923,33030
2900306,Acajutiba,BA,290002,2901,181.475,33057
2900355,Adustina,BA,290027,2909,629.1,33065
2900405,Água Fria,BA,290029,2910,742.775,33073
2900504,Érico Cardoso,BA,290013,2904,735.249,33090
2900603,Aiquara,BA,290012,2904,167.877,33111
2900702,Alagoinhas,BA,290002,2901,707.836,33138
2900801,Alcobaça,BA,290008,2903,1477.929,33154
2900900,Almadina,BA,290007,2903,245.236,33170
2901007,Amargosa,BA,290003,2902,431.654,33197
2901106,Amélia Rodrigues,BA,290029,2910,166.872,33219
2901155,América Dourada,BA,290020,2907,822.373,30716
2901205,Anagé,BA,290011,2904,1899.685,33235
2901304,Andaraí,BA,290031,2910,1589.786,33251
2901353,Andorinha,BA,290023,2908,1362.386,33260
2901403,Angical,BA,290018,2906,1530.643,33278
2901502,Anguera,BA,290029,2910,187.84,33294
2901601,Antas,BA,290027,2909,326.36,33316
2901700,Antônio Cardoso,BA,290029,2910,293.53,33332
2901809,Antônio Gonçalves,BA,290023,2908,345.282,33359
2901908,Aporá,BA,290002,2901,479.262,33375
2901957,Apuarema,BA,290012,2904,150.83,33405
2902005,Aracatu,BA,290013,2904,1489.804,33391
2902054,Araçás,BA,290002,2901,474.577,33383
2902104,Araci,BA,290033,2910,1496.246,33413
2902203,Aramari,BA,290002,2901,368.947,33430
2902252,Arataca,BA,290010,2903,435.962,30732
2902302,Aratuípe,BA,290006,2902,174.012,33456
2902401,Aurelino Leal,BA,290007,2903,445.394,33472
2902500,Baianópolis,BA,290018,2906,3321.752,33499
2902609,Baixa Grande,BA,290029,2910,967.515,33510
2902658,Banzaê,BA,290025,2909,409.508,33529
2902708,Barra,BA,290021,2907,11428.112,33537
2902807,Barra da Estiva,BA,290011,2904,1657.414,33553
2902906,Barra do Choça,BA,290011,2904,765.931,33570
2903003,Barra do Mendes,BA,290020,2907,1436.299,33596
2903102,Barra do Rocha,BA,290014,2904,214.411,33618
2903201,Barreiras,BA,290018,2906,8059.305,33634
2903235,Barro Alto,BA,290020,2907,414.506,30759
2903276,Barrocas,BA,290033,2910,207.297,30775
2903300,Barro Preto,BA,290007,2903,201.585,33650
2903409,Belmonte,BA,290009,2903,1920.631,33677
2903508,Belo Campo,BA,290011,2904,772.757,33693
2903607,Biritinga,BA,290033,2910,553.762,33715
2903706,Boa Nova,BA,290011,2904,848.857,33731
2903805,Boa Vista do Tupim,BA,290031,2910,2972.112,33758
2903904,Bom Jesus da Lapa,BA,290017,2905,4114.493,33774
2903953,Bom Jesus da Serra,BA,290011,2904,467.907,33782
2904001,Boninal,BA,290034,2910,896.857,33790
2904050,Bonito,BA,290020,2907,791.276,33804
2904100,Boquira,BA,290017,2905,1426.233,33812
2904209,Botuporã,BA,290016,2905,627.613,33839
2904308,Brejões,BA,290003,2902,518.566,33855
2904407,Brejolândia,BA,290018,2906,2247.207,33871
2904506,Brotas de Macaúbas,BA,290021,2907,2520.811,33898
2904605,Brumado,BA,290013,2904,2207.613,33910
2904704,Buerarema,BA,290007,2903,219.487,33936
2904753,Buritirama,BA,290021,2907,4046.741,30791
2904803,Caatiba,BA,290011,2904,512.436,33952
2904852,Cabaceiras do Paraguaçu,BA,290004,2902,222.027,33960
2904902,Cachoeira,BA,290004,2902,394.893,33979
2905008,Caculé,BA,290016,2905,610.47,33995
2905107,Caém,BA,290030,2910,540.909,34010
2905156,Caetanos,BA,290011,2904,767.144,34029
2905206,Caetité,BA,290016,2905,2651.537,34037
2905305,Cafarnaum,BA,290020,2907,643.666,34053
2905404,Cairu,BA,290005,2902,448.846,34070
2905503,Caldeirão Grande,BA,290030,2910,458.311,34096
2905602,Camacan,BA,290010,2903,584.848,34118
2905701,Camaçari,BA,290001,2901,785.421,34134
2905800,Camamu,BA,290005,2902,839.702,34150
2905909,Campo Alegre de Lourdes,BA,290022,2908,2914.573,34177
2906006,Campo Formoso,BA,290023,2908,7161.83,34193
2906105,Canápolis,BA,290019,2906,460.388,34215
2906204,Canarana,BA,290020,2907,579.726,34231
2906303,Canavieiras,BA,290010,2903,1334.279,34258
2906402,Candeal,BA,290029,2910,447.577,34274
2906501,Candeias,BA,290001,2901,251.808,34290
2906600,Candiba,BA,290016,2905,433.642,34312
2906709,Cândido Sales,BA,290011,2904,1169.814,34339
2906808,Cansanção,BA,290026,2909,1351.891,34355
2906824,Canudos,BA,290026,2909,3564.627,30856
2906857,Capela do Alto Alegre,BA,290029,2910,629.585,30813
2906873,Capim Grosso,BA,290030,2910,464.776,30830
2906899,Caraíbas,BA,290011,2904,805.629,34363
2906907,Caravelas,BA,290008,2903,2375.525,34371
2907004,Cardeal da Silva,BA,290002,2901,293.456,34398
2907103,Carinhanha,BA,290016,2905,2525.512,34410
2907202,Casa Nova,BA,290022,2908,9648.942,34436
2907301,Castro Alves,BA,290004,2902,713.789,34452
2907400,Catolândia,BA,290018,2906,702.504,34479
2907509,Catu,BA,290001,2901,426.956,34495
2907558,Caturama,BA,290013,2904,716.254,34509
2907608,Central,BA,290020,2907,566.975,34517
2907707,Chorrochó,BA,290024,2909,3005.319,34533
2907806,Cícero Dantas,BA,290027,2909,817.023,34550
2907905,Cipó,BA,290025,2909,168.33,34576
2908002,Coaraci,BA,290007,2903,274.501,34592
2908101,Cocos,BA,290019,2906,10138.25,34614
2908200,Conceição da Feira,BA,290029,2910,164.799,34630
2908309,Conceição do Almeida,BA,290004,2902,284.837,34657
2908408,Conceição do Coité,BA,290032,2910,1015.249,34673
2908507,Conceição do Jacuípe,BA,290029,2910,114.869,34690
2908606,Conde,BA,290002,2901,931.106,34711
2908705,Condeúba,BA,290011,2904,1348.039,34738
2908804,Contendas do Sincorá,BA,290011,2904,977.455,34754
2908903,Coração de Maria,BA,290029,2910,378.421,34770
2909000,Cordeiros,BA,290011,2904,523.64,34797
2909109,Coribe,BA,290019,2906,2665.141,34819
2909208,Coronel João Sá,BA,290028,2909,797.434,34835
2909307,Correntina,BA,290019,2906,11504.316,34851
2909406,Cotegipe,BA,290018,2906,4282.775,34878
2909505,Cravolândia,BA,290012,2904,182.518,34894
2909604,Crisópolis,BA,290002,2901,636.609,34916
2909703,Cristópolis,BA,290018,2906,1052.839,34932
2909802,Cruz das Almas,BA,290004,2902,139.118,34959
2909901,Curaçá,BA,290022,2908,5950.614,34975
2910008,Dário Meira,BA,290014,2904,413.637,34991
2910057,Dias d'Ávila,BA,290001,2901,183.759,30872
2910107,Dom Basílio,BA,290013,2904,689.513,35017
2910206,Dom Macedo Costa,BA,290003,2902,94.778,35033
2910305,Elísio Medrado,BA,290003,2902,179.329,35050
2910404,Encruzilhada,BA,290011,2904,1890.133,35076
2910503,Entre Rios,BA,290002,2901,1187.767,35092
2910602,Esplanada,BA,290002,2901,1299.356,35114
2910701,Euclides da Cunha,BA,290026,2909,2025.368,35130
2910727,Eunápolis,BA,290009,2903,1425.979,30058
2910750,Fátima,BA,290027,2909,368.342,30899
2910776,Feira da Mata,BA,290016,2905,1176.504,35149
2910800,Feira de Santana,BA,290029,2910,1304.427,35157
2910859,Filadélfia,BA,290023,2908,579.687,30910
2910909,Firmino Alves,BA,290007,2903,172.353,35173
2911006,Floresta Azul,BA,290007,2903,321.013,35190
2911105,Formosa do Rio Preto,BA,290018,2906,15634.328,35211
2911204,Gandu,BA,290014,2904,229.66,35238
2911253,Gavião,BA,290029,2910,384.592,30937
2911303,Gentio do Ouro,BA,290021,2907,3817.946,35254
2911402,Glória,BA,290024,2909,1566.609,35270
2911501,Gongogi,BA,290014,2904,202.194,35297
2911600,Governador Mangabeira,BA,290004,2902,106.848,35319
2911659,Guajeru,BA,290016,2905,871.975,30953
2911709,Guanambi,BA,290016,2905,1272.367,35335
2911808,Guaratinga,BA,290009,2903,2189.404,35351
2911857,Heliópolis,BA,290027,2909,314.669,30970
2911907,Iaçu,BA,290031,2910,2342.497,35378
2912004,Ibiassucê,BA,290016,2905,483.27,35394
2912103,Ibicaraí,BA,290007,2903,230.953,35416
2912202,Ibicoara,BA,290011,2904,817.355,35432
2912301,Ibicuí,BA,290007,2903,1139.378,35459
2912400,Ibipeba,BA,290020,2907,1382.009,35475
2912509,Ibipitanga,BA,290017,2905,954.373,35513
2912608,Ibiquera,BA,290031,2910,698.245,35530
2912707,Ibirapitanga,BA,290007,2903,472.664,35556
2912806,Ibirapuã,BA,290008,2903,770.866,35572
2912905,Ibirataia,BA,290014,2904,318.129,35599
2913002,Ibitiara,BA,290034,2910,1834.003,35610
2913101,Ibititá,BA,290020,2907,573.033,35637
2913200,Ibotirama,BA,290021,2907,1740.113,35653
2913309,Ichu,BA,290029,2910,138.016,35670
2913408,Igaporã,BA,290016,2905,836.561,35696
2913457,Igrapiúna,BA,290005,2902,591.312,35700
2913507,Iguaí,BA,290011,2904,860.223,35718
2913606,Ilhéus,BA,290007,2903,1588.556,35734
2913705,Inhambupe,BA,290002,2901,1082.283,35750
2913804,Ipecaetá,BA,290029,2910,372.565,35777
2913903,Ipiaú,BA,290014,2904,280.454,35793
2914000,Ipirá,BA,290029,2910,3105.285,35815
2914109,Ipupiara,BA,290021,2907,1055.76,35831
2914208,Irajuba,BA,290012,2904,459.047,35858
2914307,Iramaia,BA,290011,2904,1708.114,35874
2914406,Iraquara,BA,290034,2910,991.821,35890
2914505,Irará,BA,290029,2910,267.88,35912
2914604,Irecê,BA,290020,2907,319.175,35939
2914653,Itabela,BA,290009,2903,924.914,35947
2914703,Itaberaba,BA,290031,2910,2386.387,35955
2914802,Itabuna,BA,290007,2903,401.028,35971
2914901,Itacaré,BA,290007,2903,726.265,35998
2915007,Itaeté,BA,290031,2910,1331.822,36013
2915106,Itagi,BA,290012,2904,310.621,36030
2915205,Itagibá,BA,290014,2904,810.994,36056
2915304,Itagimirim,BA,290009,2903,876.791,36072
2915353,Itaguaçu da Bahia,BA,290020,2907,4310.255,36080
2915403,Itaju do Colônia,BA,290007,2903,1226.908,36099
2915502,Itajuípe,BA,290007,2903,270.752,36110
2915601,Itamaraju,BA,290008,2903,2360.584,36137
2915700,Itamari,BA,290014,2904,143.479,36153
2915809,Itambé,BA,290011,2904,1534.58,36170
2915908,Itanagra,BA,290001,2901,533.632,36196
2916005,Itanhém,BA,290008,2903,1394.174,36218
2916104,Itaparica,BA,290006,2902,121.373,36234
2916203,Itapé,BA,290007,2903,452.716,36250
2916302,Itapebi,BA,290009,2903,1031.879,36277
2916401,Itapetinga,BA,290015,2904,1651.158,36293
2916500,Itapicuru,BA,290002,2901,1557.688,36315
2916609,Itapitanga,BA,290007,2903,420.664,36331
2916708,Itaquara,BA,290012,2904,344.093,36358
2916807,Itarantim,BA,290015,2904,1674.03,36374
2916856,Itatim,BA,290004,2902,547.509,36382
2916906,Itiruçu,BA,290012,2904,322.243,36390
2917003,Itiúba,BA,290023,2908,1650.592,36412
2917102,Itororó,BA,290015,2904,313.839,36439
2917201,Ituaçu,BA,290011,2904,1199.374,36455
2917300,Ituberá,BA,290005,2902,415.428,36471
2917334,Iuiu,BA,290016,2905,1535.229,30660
2917359,Jaborandi,BA,290019,2906,9955.111,30678
2917409,Jacaraci,BA,290016,2905,1332.42,36498
2917508,Jacobina,BA,290030,2910,2192.906,36510
2917607,Jaguaquara,BA,290012,2904,924.512,36536
2917706,Jaguarari,BA,290023,2908,2466.009,36552
2917805,Jaguaripe,BA,290006,2902,863.424,36579
2917904,Jandaíra,BA,290002,2901,640.772,36595
2918001,Jequié,BA,290012,2904,2969.039,36617
2918100,Jeremoabo,BA,290028,2909,4267.489,36633
2918209,Jiquiriçá,BA,290003,2902,238.66,36650
2918308,Jitaúna,BA,290012,2904,262.05,36676
2918357,João Dourado,BA,290020,2907,913.258,30996
2918407,Juazeiro,BA,290022,2908,6721.592,36692
2918456,Jucuruçu,BA,290008,2903,1457.656,36706
2918506,Jussara,BA,290020,2907,1355.173,36714
2918555,Jussari,BA,290010,2903,327.998,30694
2918605,Jussiape,BA,290013,2904,589.763,36730
2918704,Lafaiete Coutinho,BA,290012,2904,498.11,36757
2918753,Lagoa Real,BA,290016,2905,912.22,36765
2918803,Laje,BA,290003,2902,449.835,36773
2918902,Lajedão,BA,290008,2903,624.77,36790
2919009,Lajedinho,BA,290031,2910,846.728,36811
2919058,Lajedo do Tabocal,BA,290012,2904,382.937,36820
2919108,Lamarão,BA,290029,2910,189.26,36838
2919157,Lapão,BA,290020,2907,642.882,39730
2919207,Lauro de Freitas,BA,290001,2901,57.942,36854
2919306,Lençóis,BA,290034,2910,1282.981,36870
2919405,Licínio de Almeida,BA,290016,2905,856.626,36897
2919504,Livramento de Nossa Senhora,BA,290013,2904,1952.51,36919
2919553,Luís Eduardo Magalhães,BA,290018,2906,4033.04,30007
2919603,Macajuba,BA,290029,2910,701.17,36935
2919702,Macarani,BA,290015,2904,1210.106,36951
2919801,Macaúbas,BA,290017,2905,2459.102,36978
2919900,Macururé,BA,290024,2909,2545.857,36994
2919926,Madre de Deus,BA,290001,2901,33.032,39748
2919959,Maetinga,BA,290011,2904,614.834,39756
2920007,Maiquinique,BA,290015,2904,588.296,37010
2920106,Mairi,BA,290029,2910,906.679,37036
2920205,Malhada,BA,290016,2905,1971.632,37052
2920304,Malhada de Pedras,BA,290013,2904,550.82,37079
2920403,Manoel Vitorino,BA,290012,2904,2201.763,37095
2920452,Mansidão,BA,290018,2906,3129.588,39772
2920502,Maracás,BA,290012,2904,2413.27,37117
2920601,Maragogipe,BA,290006,2902,437.61,37133
2920700,Maraú,BA,290007,2903,848.885,37150
2920809,Marcionílio Souza,BA,290031,2910,1099.284,37176
2920908,Mascote,BA,290010,2903,742.689,37192
2921005,Mata de São João,BA,290001,2901,605.169,37214
2921054,Matina,BA,290016,2905,773.852,37222
2921104,Medeiros Neto,BA,290008,2903,1314.108,37230
2921203,Miguel Calmon,BA,290030,2910,1599.673,37257
2921302,Milagres,BA,290003,2902,420.357,37273
2921401,Mirangaba,BA,290030,2910,1751.777,37290
2921450,Mirante,BA,290011,2904,1172.861,37303
2921500,Monte Santo,BA,290026,2909,3034.196,37311
2921609,Morpará,BA,290021,2907,2093.86,37338
2921708,Morro do Chapéu,BA,290020,2907,5745.765,37354
2921807,Mortugaba,BA,290016,2905,528.214,37370
2921906,Mucugê,BA,290034,2910,2462.689,37397
2922003,Mucuri,BA,290008,2903,1787.422,37419
2922052,Mulungu do Morro,BA,290020,2907,646.621,37427
2922102,Mundo Novo,BA,290029,2910,1491.989,37435
2922201,Muniz Ferreira,BA,290003,2902,104.54,37451
2922250,Muquém do São Francisco,BA,290021,2907,3852.11,37460
2922300,Muritiba,BA,290004,2902,86.311,37478
2922409,Mutuípe,BA,290003,2902,275.854,37494
2922508,Nazaré,BA,290006,2902,278.63,37516
2922607,Nilo Peçanha,BA,290005,2902,388.936,37532
2922656,Nordestina,BA,290032,2910,465.407,39799
2922706,Nova Canaã,BA,290011,2904,804.617,37559
2922730,Nova Fátima,BA,290029,2910,346.785,37567
2922755,Nova Ibiá,BA,290014,2904,203.2,39969
2922805,Nova Itarana,BA,290003,2902,475.381,37575
2922854,Nova Redenção,BA,290031,2910,565.356,37583
2922904,Nova Soure,BA,290025,2909,966.993,37591
2923001,Nova Viçosa,BA,290008,2903,1316.398,37613
2923035,Novo Horizonte,BA,290034,2910,627.5,39942
2923050,Novo Triunfo,BA,290028,2909,299.125,37621
2923100,Olindina,BA,290025,2909,637.316,37630
2923209,Oliveira dos Brejinhos,BA,290021,2907,3313.435,37656
2923308,Ouriçangas,BA,290029,2910,156.982,37672
2923357,Ourolândia,BA,290030,2910,1544.985,37680
2923407,Palmas de Monte Alto,BA,290016,2905,2559.973,37699
2923506,Palmeiras,BA,290034,2910,737.797,37710
2923605,Paramirim,BA,290013,2904,1087.067,37737
2923704,Paratinga,BA,290017,2905,2624.998,37753
2923803,Paripiranga,BA,290027,2909,442.186,37770
2923902,Pau Brasil,BA,290010,2903,626.306,37796
2924009,Paulo Afonso,BA,290024,2909,1544.388,37818
2924058,Pé de Serra,BA,290029,2910,596.772,39810
2924108,Pedrão,BA,290002,2901,158.487,37834
2924207,Pedro Alexandre,BA,290028,2909,889.572,37850
2924306,Piatã,BA,290034,2910,1825.855,37877
2924405,Pilão Arcado,BA,290022,2908,11597.932,37893
2924504,Pindaí,BA,290016,2905,628.469,37915
2924603,Pindobaçu,BA,290023,2908,495.845,37931
2924652,Pintadas,BA,290029,2910,647.144,39837
2924678,Piraí do Norte,BA,290014,2904,193.427,37940
2924702,Piripá,BA,290011,2904,504.396,37958
2924801,Piritiba,BA,290030,2910,980.331,37974
2924900,Planaltino,BA,290012,2904,955.454,37990
2925006,Planalto,BA,290011,2904,769.001,38016
2925105,Poções,BA,290011,2904,937.856,38032
2925204,Pojuca,BA,290001,2901,314.931,38059
2925253,Ponto Novo,BA,290023,2908,530.143,38067
2925303,Porto Seguro,BA,290009,2903,2285.734,38075
2925402,Potiraguá,BA,290015,2904,1111.567,38091
2925501,Prado,BA,290008,2903,1692.1,38113
2925600,Presidente Dutra,BA,290020,2907,232.064,38130
2925709,Presidente Jânio Quadros,BA,290011,2904,1208.566,38156
2925758,Presidente Tancredo Neves,BA,290005,2902,441.82,38164
2925808,Queimadas,BA,290032,2910,2011.06,38172
2925907,Quijingue,BA,290026,2909,1380.798,38199
2925931,Quixabeira,BA,290030,2910,366.387,39845
2925956,Rafael Jambeiro,BA,290029,2910,1090.552,39853
2926004,Remanso,BA,290022,2908,4571.634,38210
2926103,Retirolândia,BA,290032,2910,242.331,38237
2926202,Riachão das Neves,BA,290018,2906,5969.305,38253
2926301,Riachão do Jacuípe,BA,290029,2910,1155.417,38270
2926400,Riacho de Santana,BA,290016,2905,3183.361,38296
2926509,Ribeira do Amparo,BA,290025,2909,666.036,38318
2926608,Ribeira do Pombal,BA,290025,2909,1228.125,38334
2926657,Ribeirão do Largo,BA,290011,2904,1363.7,38342
2926707,Rio de Contas,BA,290013,2904,1115.252,38350
2926806,Rio do Antônio,BA,290016,2905,779.046,38377
2926905,Rio do Pires,BA,290013,2904,656.223,38393
2927002,Rio Real,BA,290002,2901,739.776,38415
2927101,Rodelas,BA,290024,2909,2207.159,38431
2927200,Ruy Barbosa,BA,290031,2910,1991.772,38458
2927309,Salinas da Margarida,BA,290006,2902,150.569,38474
2927408,Salvador,BA,290001,2901,692.589,38490
2927507,Santa Bárbara,BA,290029,2910,347.021,38512
2927606,Santa Brígida,BA,290024,2909,934.46,38539
2927705,Santa Cruz Cabrália,BA,290009,2903,1462.958,38555
2927804,Santa Cruz da Vitória,BA,290007,2903,284.083,38571
2927903,Santa Inês,BA,290012,2904,374.526,38598
2928000,Santaluz,BA,290032,2910,1623.445,38610
2928059,Santa Luzia,BA,290010,2903,824.473,39870
2928109,Santa Maria da Vitória,BA,290019,2906,1984.91,38636
2928208,Santana,BA,290018,2906,1909.353,38652
2928307,Santanópolis,BA,290029,2910,222.686,38679
2928406,Santa Rita de Cássia,BA,290018,2906,6030.491,35491
2928505,Santa Terezinha,BA,290004,2902,719.258,38695
2928604,Santo Amaro,BA,290001,2901,494.502,38717
2928703,Santo Antônio de Jesus,BA,290003,2902,261.74,38733
2928802,Santo Estêvão,BA,290029,2910,360.334,38750
2928901,São Desidério,BA,290018,2906,15158.737,38776
2928950,São Domingos,BA,290032,2910,289.963,38806
2929008,São Félix,BA,290004,2902,103.226,38792
2929057,São Félix do Coribe,BA,290019,2906,1751.671,38822
2929107,São Felipe,BA,290004,2902,222.407,38814
2929206,São Francisco do Conde,BA,290001,2901,269.737,38830
2929255,São Gabriel,BA,290020,2907,1146.054,39896
2929305,São Gonçalo dos Campos,BA,290029,2910,294.768,38857
2929354,São José da Vitória,BA,290007,2903,127.925,39926
2929370,São José do Jacuípe,BA,290030,2910,362.365,38865
2929404,São Miguel das Matas,BA,290003,2902,230.906,38873
2929503,São Sebastião do Passé,BA,290001,2901,536.678,38890
2929602,Sapeaçu,BA,290004,2902,131.218,38911
2929701,Sátiro Dias,BA,290002,2901,949.223,38938
2929750,Saubara,BA,290001,2901,166.428,38946
2929800,Saúde,BA,290030,2910,509.098,38954
2929909,Seabra,BA,290034,2910,2402.17,38970
2930006,Sebastião Laranjeiras,BA,290016,2905,1982.037,38997
2930105,Senhor do Bonfim,BA,290023,2908,789.36,39012
2930154,Serra do Ramalho,BA,290017,2905,2341.701,39047
2930204,Sento Sé,BA,290022,2908,11980.158,39039
2930303,Serra Dourada,BA,290018,2906,1592.249,39055
2930402,Serra Preta,BA,290029,2910,595.294,39071
2930501,Serrinha,BA,290033,2910,583.311,39098
2930600,Serrolândia,BA,290030,2910,322.021,39110
2930709,Simões Filho,BA,290001,2901,201.529,39136
2930758,Sítio do Mato,BA,290017,2905,1627.804,39144
2930766,Sítio do Quinto,BA,290028,2909,656.837,39900
2930774,Sobradinho,BA,290022,2908,1359.08,39985
2930808,Souto Soares,BA,290034,2910,1026.638,39152
2930907,Tabocas do Brejo Velho,BA,290018,2906,1437.188,39179
2931004,Tanhaçu,BA,290011,2904,1277.514,39195
2931053,Tanque Novo,BA,290016,2905,729.516,39918
2931103,Tanquinho,BA,290029,2910,243.838,39217
2931202,Taperoá,BA,290005,2902,454.081,39233
2931301,Tapiramutá,BA,290030,2910,714.691,39250
2931350,Teixeira de Freitas,BA,290008,2903,1165.618,39934
2931400,Teodoro Sampaio,BA,290002,2901,244.613,39276
2931509,Teofilândia,BA,290033,2910,351.892,39292
2931608,Teolândia,BA,290014,2904,289.782,39314
2931707,Terra Nova,BA,290001,2901,193.241,39330
2931806,Tremedal,BA,290011,2904,2017.644,39357
2931905,Tucano,BA,290025,2909,2198.237,39373
2932002,Uauá,BA,290022,2908,3060.865,39390
2932101,Ubaíra,BA,290003,2902,663.892,39411
2932200,Ubaitaba,BA,290007,2903,181.102,39438
2932309,Ubatã,BA,290014,2904,177.643,39454
2932408,Uibaí,BA,290020,2907,545.297,39470
2932457,Umburanas,BA,290030,2910,1775.633,39489
2932507,Una,BA,290010,2903,1126.733,39497
2932606,Urandi,BA,290016,2905,902.402,39519
2932705,Uruçuca,BA,290007,2903,510.097,39535
2932804,Utinga,BA,290031,2910,633.761,39551
2932903,Valença,BA,290005,2902,1123.975,39578
2933000,Valente,BA,290032,2910,394.877,39594
2933059,Várzea da Roça,BA,290029,2910,468.407,39977
2933109,Várzea do Poço,BA,290030,2910,206.478,39616
2933158,Várzea Nova,BA,290030,2910,1225.088,39950
2933174,Varzedo,BA,290003,2902,221.399,39624
2933208,Vera Cruz,BA,290006,2902,297.537,39632
2933257,Vereda,BA,290008,2903,782.159,39640
2933307,Vitória da Conquista,BA,290011,2904,3254.186,39659
2933406,Wagner,BA,290031,2910,522.37,39675
2933455,Wanderley,BA,290018,2906,2920.579,39993
2933505,Wenceslau Guimarães,BA,290014,2904,655.056,39691
2933604,Xique-Xique,BA,290021,2907,5079.659,39713
3100104,Abadia dos Dourados,MG,310061,3111,880.461,40010
3100203,Abaeté,MG,310070,3113,1817.067,40037
3100302,Abre Campo,MG,310028,3106,470.551,40053
3100401,Acaiaca,MG,310030,3106,101.886,40070
3100500,Açucena,MG,310024,3105,815.422,40096
3100609,Água Boa,MG,310014,3103,1320.344,40118
3100708,Água Comprida,MG,310055,3110,492.167,40134
3100807,Aguanil,MG,310048,3108,232.091,40150
3100906,Águas Formosas,MG,310019,3103,820.079,40177
3101003,Águas Vermelhas,MG,310018,3103,1256.607,40193
3101102,Aimorés,MG,310023,3104,1348.913,40215
3101201,Aiuruoca,MG,310054,3109,649.68,40231
3101300,Alagoa,MG,310053,3109,161.356,40258
3101409,Albertina,MG,310050,3109,58.01,40274
3101508,Além Paraíba,MG,310036,3106,510.25,40290
3101607,Alfenas,MG,310042,3108,850.446,40312
3101631,Alfredo Vasconcelos,MG,310037,3107,130.815,40002
3101706,Almenara,MG,310015,3103,2294.426,40339
3101805,Alpercata,MG,310020,3104,166.972,40355
3101904,Alpinópolis,MG,310041,3108,460.685,40371
3102001,Alterosa,MG,310042,3108,362.01,40398
3102050,Alto Caparaó,MG,310028,3106,103.69,41661
3102100,Alto Rio Doce,MG,310037,3107,518.053,40410
3102209,Alvarenga,MG,310025,3105,295.691,40436
3102308,Alvinópolis,MG,310030,3106,599.443,40452
3102407,Alvorada de Minas,MG,310016,3103,374.008,40479
3102506,Amparo do Serra,MG,310030,3106,136.186,40495
3102605,Andradas,MG,310051,3109,469.396,40517
3102704,Cachoeira de Pajeú,MG,310018,3103,695.672,40533
3102803,Andrelândia,MG,310027,3106,1005.285,40550
3102852,Angelândia,MG,310014,3103,185.211,41688
3102902,Antônio Carlos,MG,310037,3107,529.915,40576
3103009,Antônio Dias,MG,310024,3105,787.061,40592
3103108,Antônio Prado de Minas,MG,310031,3106,83.802,40614
3103207,Araçaí,MG,310002,3101,187.53,40630
3103306,Aracitaba,MG,310027,3106,106.608,40657
3103405,Araçuaí,MG,310017,3103,2236.279,40673
3103504,Araguari,MG,310059,3111,2729.777,40690
3103603,Arantina,MG,310027,3106,89.42,40711
3103702,Araponga,MG,310033,3106,303.793,40738
3103751,Araporã,MG,310059,3111,294.354,40029
3103801,Arapuá,MG,310062,3112,173.894,40754
3103900,Araújos,MG,310065,3113,245.522,40770
3104007,Araxá,MG,310056,3110,1164.062,40797
3104106,Arceburgo,MG,310044,3108,162.875,40819
3104205,Arcos,MG,310066,3113,509.873,40835
3104304,Areado,MG,310042,3108,283.124,40851
3104403,Argirita,MG,310032,3106,159.378,40878
3104452,Aricanduva,MG,310014,3103,243.329,41700
3104502,Arinos,MG,310063,3112,5279.419,40894
3104601,Astolfo Dutra,MG,310032,3106,158.891,40916
3104700,Ataléia,MG,310013,3103,1836.933,40932
3104809,Augusto de Lima,MG,310004,3101,1254.832,40959
3104908,Baependi,MG,310054,3109,750.554,40975
3105004,Baldim,MG,310002,3101,556.266,40991
3105103,Bambuí,MG,310066,3113,1455.819,41017
3105202,Bandeira,MG,310015,3103,483.789,41033
3105301,Bandeira do Sul,MG,310051,3109,47.266,41050
3105400,Barão de Cocais,MG,310003,3101,340.14,41076
3105509,Barão do Monte Alto,MG,310031,3106,198.313,41092
3105608,Barbacena,MG,310037,3107,759.186,41114
3105707,Barra Longa,MG,310030,3106,383.628,41130
3105905,Barroso,MG,310037,3107,82.07,41173
3106002,Bela Vista de Minas,MG,310026,3105,109.25,41190
3106101,Belmiro Braga,MG,310027,3106,393.086,41211
3106200,Belo Horizonte,MG,310001,3101,331.337,41238
3106309,Belo Oriente,MG,310024,3105,334.909,41254
3106408,Belo Vale,MG,310038,3107,364.94,41270
3106507,Berilo,MG,310017,3103,587.106,41297
3106606,Bertópolis,MG,310019,3103,427.803,41319
3106655,Berizal,MG,310008,3102,488.756,41726
3106705,Betim,MG,310001,3101,344.076,41335
3106804,Bias Fortes,MG,310027,3106,283.535,41351
3106903,Bicas,MG,310035,3106,140.082,41378
3107000,Biquinhas,MG,310070,3113,458.948,41394
3107109,Boa Esperança,MG,310046,3108,860.669,41416
3107208,Bocaina de Minas,MG,310027,3106,503.77,41432
3107307,Bocaiúva,MG,310006,3102,3206.757,41459
3107406,Bom Despacho,MG,310067,3113,1213.546,41475
3107505,Bom Jardim de Minas,MG,310027,3106,412.021,41491
3107604,Bom Jesus da Penha,MG,310041,3108,208.349,41513
3107703,Bom Jesus do Amparo,MG,310005,3101,195.611,41530
3107802,Bom Jesus do Galho,MG,310025,3105,592.289,41556
3107901,Bom Repouso,MG,310050,3109,229.845,41572
3108008,Bom Sucesso,MG,310043,3108,705.046,41599
3108107,Bonfim,MG,310069,3113,300.471,41610
3108206,Bonfinópolis de Minas,MG,310063,3112,1850.487,41637
3108255,Bonito de Minas,MG,310009,3102,3936.455,41742
3108305,Borda da Mata,MG,310050,3109,301.108,41653
3108404,Botelhos,MG,310051,3109,334.089,41670
3108503,Botumirim,MG,310006,3102,1568.884,41696
3108552,Brasilândia de Minas,MG,310062,3112,2509.694,40045
3108602,Brasília de Minas,MG,310006,3102,1399.484,41718
3108701,Brás Pires,MG,310029,3106,223.351,41734
3108800,Braúnas,MG,310024,3105,378.318,41750
3108909,Brazópolis,MG,310052,3109,367.688,41777
3109006,Brumadinho,MG,310001,3101,640.63,41793
3109105,Bueno Brandão,MG,310050,3109,356.15,41815
3109204,Buenópolis,MG,310004,3101,1599.881,41831
3109253,Bugre,MG,310024,3105,161.491,41769
3109303,Buritis,MG,310063,3112,5225.186,41858
3109402,Buritizeiro,MG,310010,3102,7218.401,41874
3109451,Cabeceira Grande,MG,310063,3112,1033.055,41785
3109501,Cabo Verde,MG,310044,3108,368.206,41890
3109600,Cachoeira da Prata,MG,310002,3101,61.425,41912
3109709,Cachoeira de Minas,MG,310050,3109,304.243,41939
3109808,Cachoeira Dourada,MG,310060,3111,203.07,41955
3109907,Caetanópolis,MG,310002,3101,156.039,41971
3110004,Caeté,MG,310001,3101,542.531,41998
3110103,Caiana,MG,310034,3106,106.465,42013
3110202,Cajuri,MG,310033,3106,83.038,42030
3110301,Caldas,MG,310051,3109,711.414,42056
3110400,Camacho,MG,310065,3113,223.001,42072
3110509,Camanducaia,MG,310050,3109,528.688,42099
3110608,Cambuí,MG,310050,3109,244.567,42110
3110707,Cambuquira,MG,310045,3108,246.38,42137
3110806,Campanário,MG,310013,3103,442.398,42153
3110905,Campanha,MG,310045,3108,335.587,42170
3111002,Campestre,MG,310051,3109,577.843,42196
3111101,Campina Verde,MG,310059,3111,3650.749,42218
3111150,Campo Azul,MG,310006,3102,505.914,41807
3111200,Campo Belo,MG,310048,3108,528.225,42234
3111309,Campo do Meio,MG,310042,3108,275.426,42250
3111408,Campo Florido,MG,310055,3110,1264.245,42277
3111507,Campos Altos,MG,310056,3110,710.645,42293
3111606,Campos Gerais,MG,310042,3108,769.504,42315
3111705,Canaã,MG,310033,3106,174.9,42331
3111804,Canápolis,MG,310059,3111,843.599,42358
3111903,Cana Verde,MG,310043,3108,212.721,42374
3112000,Candeias,MG,310048,3108,720.512,42390
3112059,Cantagalo,MG,310021,3104,141.855,41823
3112109,Caparaó,MG,310028,3106,130.694,42412
3112208,Capela Nova,MG,310038,3107,111.073,42439
3112307,Capelinha,MG,310014,3103,965.292,42455
3112406,Capetinga,MG,310041,3108,297.937,42471
3112505,Capim Branco,MG,310002,3101,95.333,42498
3112604,Capinópolis,MG,310060,3111,620.716,42510
3112653,Capitão Andrade,MG,310020,3104,279.088,40061
3112703,Capitão Enéas,MG,310006,3102,971.576,42536
3112802,Capitólio,MG,310049,3108,521.802,42552
3112901,Caputira,MG,310028,3106,187.704,42579
3113008,Caraí,MG,310013,3103,1242.345,42595
3113107,Caranaíba,MG,310038,3107,159.95,42617
3113206,Carandaí,MG,310038,3107,487.28,42633
3113305,Carangola,MG,310034,3106,353.404,42650
3113404,Caratinga,MG,310025,3105,1258.748,42676
3113503,Carbonita,MG,310016,3103,1456.095,42692
3113602,Careaçu,MG,310050,3109,181.009,42714
3113701,Carlos Chagas,MG,310013,3103,3202.984,42730
3113800,Carmésia,MG,310005,3101,259.103,42757
3113909,Carmo da Cachoeira,MG,310045,3108,506.333,42773
3114006,Carmo da Mata,MG,310065,3113,357.178,42790
3114105,Carmo de Minas,MG,310053,3109,322.285,42811
3114204,Carmo do Cajuru,MG,310065,3113,455.807,42838
3114303,Carmo do Paranaíba,MG,310062,3112,1307.862,42854
3114402,Carmo do Rio Claro,MG,310041,3108,1065.685,42870
3114501,Carmópolis de Minas,MG,310069,3113,400.01,42897
3114550,Carneirinho,MG,310058,3110,2063.462,40088
3114600,Carrancas,MG,310043,3108,727.894,42919
3114709,Carvalhópolis,MG,310042,3108,81.101,42935
3114808,Carvalhos,MG,310054,3109,282.254,42951
3114907,Casa Grande,MG,310038,3107,157.727,42978
3115003,Cascalho Rico,MG,310059,3111,367.308,42994
3115102,Cássia,MG,310041,3108,665.802,43010
3115201,Conceição da Barra de Minas,MG,310039,3107,273.014,43036
3115300,Cataguases,MG,310032,3106,491.767,43052
3115359,Catas Altas,MG,310003,3101,240.042,41840
3115409,Catas Altas da Noruega,MG,310038,3107,141.622,43079
3115458,Catuji,MG,310013,3103,419.38,40100
3115474,Catuti,MG,310012,3102,287.812,41866
3115508,Caxambu,MG,310054,3109,100.483,43095
3115607,Cedro do Abaeté,MG,310070,3113,283.211,43117
3115706,Central de Minas,MG,310022,3104,204.328,43133
3115805,Centralina,MG,310059,3111,322.385,43150
3115904,Chácara,MG,310027,3106,152.807,43176
3116001,Chalé,MG,310028,3106,212.674,43192
3116100,Chapada do Norte,MG,310014,3103,830.833,43214
3116159,Chapada Gaúcha,MG,310011,3102,3255.189,41882
3116209,Chiador,MG,310027,3106,252.852,43230
3116308,Cipotânea,MG,310037,3107,153.479,43257
3116407,Claraval,MG,310041,3108,227.627,43273
3116506,Claro dos Poções,MG,310006,3102,720.424,43290
3116605,Cláudio,MG,310065,3113,630.706,43311
3116704,Coimbra,MG,310033,3106,106.875,43338
3116803,Coluna,MG,310021,3104,347.716,43354
3116902,Comendador Gomes,MG,310057,3110,1041.047,43370
3117009,Comercinho,MG,310018,3103,654.961,43397
3117108,Conceição da Aparecida,MG,310042,3108,352.521,43419
3117207,Conceição das Pedras,MG,310052,3109,102.206,43435
3117306,Conceição das Alagoas,MG,310055,3110,1340.25,43451
3117405,Conceição de Ipanema,MG,310028,3106,253.935,43478
3117504,Conceição do Mato Dentro,MG,310002,3101,1720.04,43494
3117603,Conceição do Pará,MG,310065,3113,250.306,43516
3117702,Conceição do Rio Verde,MG,310053,3109,369.681,43532
3117801,Conceição dos Ouros,MG,310050,3109,180.236,43559
3117836,Cônego Marinho,MG,310009,3102,1610.469,41904
3117876,Confins,MG,310001,3101,42.462,41920
3117900,Congonhal,MG,310050,3109,205.125,43575
3118007,Congonhas,MG,310038,3107,304.067,43591
3118106,Congonhas do Norte,MG,310002,3101,405.671,43613
3118205,Conquista,MG,310055,3110,618.363,43630
3118304,Conselheiro Lafaiete,MG,310038,3107,370.246,43656
3118403,Conselheiro Pena,MG,310020,3104,1466.367,43672
3118502,Consolação,MG,310050,3109,89.122,43699
3118601,Contagem,MG,310001,3101,194.732,43710
3118700,Coqueiral,MG,310046,3108,296.163,43737
3118809,Coração de Jesus,MG,310006,3102,2225.216,43753
3118908,Cordisburgo,MG,310002,3101,823.654,43770
3119005,Cordislândia,MG,310040,3108,179.543,43796
3119104,Corinto,MG,310004,3101,2525.397,43818
3119203,Coroaci,MG,310020,3104,576.274,43834
3119302,Coromandel,MG,310064,3112,3313.313,43850
3119401,Coronel Fabriciano,MG,310024,3105,221.881,43877
3119500,Coronel Murta,MG,310017,3103,815.413,43893
3119609,Coronel Pacheco,MG,310027,3106,131.511,43915
3119708,Coronel Xavier Chaves,MG,310039,3107,140.954,43931
3119807,Córrego Danta,MG,310066,3113,657.425,43958
3119906,Córrego do Bom Jesus,MG,310050,3109,123.651,43974
3119955,Córrego Fundo,MG,310066,3113,101.112,41947
3120003,Córrego Novo,MG,310025,3105,205.385,43990
3120102,Couto de Magalhães de Minas,MG,310016,3103,485.654,44016
3120151,Crisólita,MG,310019,3103,966.202,41963
3120201,Cristais,MG,310048,3108,628.434,44032
3120300,Cristália,MG,310006,3102,840.702,44059
3120409,Cristiano Otoni,MG,310038,3107,132.872,44075
3120508,Cristina,MG,310053,3109,311.33,44091
3120607,Crucilândia,MG,310069,3113,167.164,44113
3120706,Cruzeiro da Fortaleza,MG,310064,3112,187.446,44130
3120805,Cruzília,MG,310054,3109,522.419,44156
3120839,Cuparaque,MG,310023,3104,226.75,41980
3120870,Curral de Dentro,MG,310008,3102,570.95,42005
3120904,Curvelo,MG,310004,3101,3296.2,44172
3121001,Datas,MG,310016,3103,310.099,44199
3121100,Delfim Moreira,MG,310052,3109,408.473,44210
3121209,Delfinópolis,MG,310041,3108,1378.423,44237
3121258,Delta,MG,310055,3110,102.784,42021
3121308,Descoberto,MG,310035,3106,213.168,44253
3121407,Desterro de Entre Rios,MG,310038,3107,377.165,44270
3121506,Desterro do Melo,MG,310037,3107,142.279,44296
3121605,Diamantina,MG,310016,3103,3891.659,44318
3121704,Diogo de Vasconcelos,MG,310030,3106,165.091,44334
3121803,Dionísio,MG,310024,3105,339.375,44350
3121902,Divinésia,MG,310029,3106,116.97,44377
3122009,Divino,MG,310034,3106,337.776,44393
3122108,Divino das Laranjeiras,MG,310020,3104,342.249,44415
3122207,Divinolândia de Minas,MG,310021,3104,133.12,44431
3122306,Divinópolis,MG,310065,3113,708.115,44458
3122355,Divisa Alegre,MG,310018,3103,117.802,40126
3122405,Divisa Nova,MG,310042,3108,216.955,44474
3122454,Divisópolis,MG,310018,3103,572.926,40142
3122470,Dom Bosco,MG,310063,3112,817.383,42048
3122504,Dom Cavati,MG,310024,3105,59.52,44490
3122603,Dom Joaquim,MG,310021,3104,398.793,44512
3122702,Dom Silvério,MG,310030,3106,194.972,44539
3122801,Dom Viçoso,MG,310053,3109,113.921,44555
3122900,Dona Euzébia,MG,310032,3106,70.231,44571
3123007,Dores de Campos,MG,310037,3107,124.842,44598
3123106,Dores de Guanhães,MG,310021,3104,382.124,44610
3123205,Dores do Indaiá,MG,310067,3113,1111.202,44636
3123304,Dores do Turvo,MG,310029,3106,231.169,44652
3123403,Doresópolis,MG,310049,3108,152.912,44679
3123502,Douradoquara,MG,310061,3111,312.878,44695
3123528,Durandé,MG,310028,3106,217.461,40169
3123601,Elói Mendes,MG,310040,3108,499.537,44717
3123700,Engenheiro Caldas,MG,310020,3104,187.058,44733
3123809,Engenheiro Navarro,MG,310006,3102,608.306,44750
3123858,Entre Folhas,MG,310025,3105,85.39,40185
3123908,Entre Rios de Minas,MG,310038,3107,456.796,44776
3124005,Ervália,MG,310033,3106,357.489,44792
3124104,Esmeraldas,MG,310001,3101,909.727,44814
3124203,Espera Feliz,MG,310034,3106,317.638,44830
3124302,Espinosa,MG,310012,3102,1868.97,44857
3124401,Espírito Santo do Dourado,MG,310050,3109,263.879,44873
3124500,Estiva,MG,310050,3109,243.872,44890
3124609,Estrela Dalva,MG,310036,3106,131.365,44911
3124708,Estrela do Indaiá,MG,310067,3113,635.981,44938
3124807,Estrela do Sul,MG,310061,3111,822.454,44954
3124906,Eugenópolis,MG,310031,3106,309.395,44970
3125002,Ewbank da Câmara,MG,310027,3106,103.834,44997
3125101,Extrema,MG,310050,3109,244.575,45012
3125200,Fama,MG,310042,3108,86.024,45039
3125309,Faria Lemos,MG,310034,3106,165.224,45055
3125408,Felício dos Santos,MG,310016,3103,357.622,45071
3125507,São Gonçalo do Rio Preto,MG,310016,3103,314.458,45098
3125606,Felisburgo,MG,310015,3103,596.215,45110
3125705,Felixlândia,MG,310004,3101,1554.627,45136
3125804,Fernandes Tourinho,MG,310020,3104,151.875,45152
3125903,Ferros,MG,310005,3101,1088.791,45179
3125952,Fervedouro,MG,310031,3106,357.683,40207
3126000,Florestal,MG,310001,3101,194.965,45195
3126109,Formiga,MG,310066,3113,1501.915,45217
3126208,Formoso,MG,310063,3112,3686.004,45233
3126307,Fortaleza de Minas,MG,310041,3108,218.792,45250
3126406,Fortuna de Minas,MG,310002,3101,198.665,45276
3126505,Francisco Badaró,MG,310017,3103,461.481,45292
3126604,Francisco Dumont,MG,310006,3102,1576.128,45314
3126703,Francisco Sá,MG,310006,3102,2747.295,45330
3126752,Franciscópolis,MG,310013,3103,717.087,40223
3126802,Frei Gaspar,MG,310013,3103,626.672,45357
3126901,Frei Inocêncio,MG,310020,3104,469.557,45373
3126950,Frei Lagonegro,MG,310021,3104,167.474,42064
3127008,Fronteira,MG,310057,3110,199.987,45390
3127057,Fronteira dos Vales,MG,310019,3103,320.757,49352
3127073,Fruta de Leite,MG,310008,3102,762.837,42080
3127107,Frutal,MG,310057,3110,2426.965,45411
3127206,Funilândia,MG,310002,3101,199.797,45438
3127305,Galiléia,MG,310020,3104,720.303,45454
3127339,Gameleiras,MG,310012,3102,1733.203,42102
3127354,Glaucilândia,MG,310006,3102,145.861,42129
3127370,Goiabeira,MG,310020,3104,112.443,42145
3127388,Goianá,MG,310027,3106,152.039,42161
3127404,Gonçalves,MG,310052,3109,187.353,45470
3127503,Gonzaga,MG,310020,3104,209.348,45497
3127602,Gouveia,MG,310016,3103,866.601,45519
3127701,Governador Valadares,MG,310020,3104,2342.376,45535
3127800,Grão Mogol,MG,310006,3102,3885.294,45551
3127909,Grupiara,MG,310061,3111,193.141,45578
3128006,Guanhães,MG,310021,3104,1075.124,45594
3128105,Guapé,MG,310041,3108,934.345,45616
3128204,Guaraciaba,MG,310030,3106,348.596,45632
3128253,Guaraciama,MG,310006,3102,390.263,42188
3128303,Guaranésia,MG,310044,3108,294.828,45659
3128402,Guarani,MG,310029,3106,264.194,45675
3128501,Guarará,MG,310035,3106,88.655,45691
3128600,Guarda-Mor,MG,310062,3112,2068.808,45713
3128709,Guaxupé,MG,310044,3108,286.398,45730
3128808,Guidoval,MG,310029,3106,158.375,45756
3128907,Guimarânia,MG,310064,3112,366.833,45772
3129004,Guiricema,MG,310029,3106,293.578,45799
3129103,Gurinhatã,MG,310060,3111,1849.137,45810
3129202,Heliodora,MG,310050,3109,153.95,45837
3129301,Iapu,MG,310024,3105,340.994,45853
3129400,Ibertioga,MG,310037,3107,346.24,45870
3129509,Ibiá,MG,310056,3110,2704.132,45896
3129608,Ibiaí,MG,310010,3102,874.76,45918
3129657,Ibiracatu,MG,310006,3102,353.257,42200
3129707,Ibiraci,MG,310041,3108,562.095,45934
3129806,Ibirité,MG,310001,3101,72.389,45950
3129905,Ibitiúra de Minas,MG,310051,3109,68.316,45977
3130002,Ibituruna,MG,310043,3108,153.106,45993
3130051,Icaraí de Minas,MG,310011,3102,625.664,40240
3130101,Igarapé,MG,310001,3101,110.894,46019
3130200,Igaratinga,MG,310068,3113,218.343,46035
3130309,Iguatama,MG,310066,3113,628.2,46051
3130408,Ijaci,MG,310043,3108,105.246,46078
3130507,Ilicínea,MG,310046,3108,376.341,46094
3130556,Imbé de Minas,MG,310025,3105,196.735,42226
3130606,Inconfidentes,MG,310050,3109,149.611,46116
3130655,Indaiabira,MG,310008,3102,1004.149,42242
3130705,Indianópolis,MG,310059,3111,830.03,46132
3130804,Ingaí,MG,310043,3108,305.591,46159
3130903,Inhapim,MG,310025,3105,858.024,46175
3131000,Inhaúma,MG,310002,3101,244.996,46191
3131109,Inimutaba,MG,310004,3101,527.06,46213
3131158,Ipaba,MG,310024,3105,113.246,40266
3131208,Ipanema,MG,310028,3106,456.641,46230
3131307,Ipatinga,MG,310024,3105,164.482,46256
3131406,Ipiaçu,MG,310060,3111,466.02,46272
3131505,Ipuiúna,MG,310050,3109,298.195,46299
3131604,Iraí de Minas,MG,310061,3111,356.264,46310
3131703,Itabira,MG,310005,3101,1254.607,46337
3131802,Itabirinha,MG,310022,3104,209.034,46353
3131901,Itabirito,MG,310003,3101,544.535,46370
3132008,Itacambira,MG,310006,3102,1788.445,46396
3132107,Itacarambi,MG,310009,3102,1225.273,46418
3132206,Itaguara,MG,310069,3113,410.468,46434
3132305,Itaipé,MG,310013,3103,480.829,46450
3132404,Itajubá,MG,310052,3109,294.835,46477
3132503,Itamarandiba,MG,310014,3103,2735.665,46493
3132602,Itamarati de Minas,MG,310032,3106,94.568,46515
3132701,Itambacuri,MG,310013,3103,1419.209,46531
3132800,Itambé do Mato Dentro,MG,310005,3101,380.34,46558
3132909,Itamogi,MG,310047,3108,243.714,46574
3133006,Itamonte,MG,310053,3109,431.792,46590
3133105,Itanhandu,MG,310053,3109,143.363,46612
3133204,Itanhomi,MG,310020,3104,488.843,46639
3133303,Itaobim,MG,310013,3103,679.024,46655
3133402,Itapagipe,MG,310057,3110,1802.438,46671
3133501,Itapecerica,MG,310065,3113,1040.519,46698
3133600,Itapeva,MG,310050,3109,177.312,46710
3133709,Itatiaiuçu,MG,310065,3113,294.181,46736
3133758,Itaú de Minas,MG,310041,3108,153.421,54453
3133808,Itaúna,MG,310065,3113,494.559,46752
3133907,Itaverava,MG,310038,3107,284.22,46779
3134004,Itinga,MG,310017,3103,1649.622,46795
3134103,Itueta,MG,310023,3104,452.676,46817
3134202,Ituiutaba,MG,310060,3111,2598.046,46833
3134301,Itumirim,MG,310043,3108,234.802,46850
3134400,Iturama,MG,310058,3110,1404.663,46876
3134509,Itutinga,MG,310043,3108,372.018,46892
3134608,Jaboticatubas,MG,310001,3101,1114.972,46914
3134707,Jacinto,MG,310015,3103,1393.609,46930
3134806,Jacuí,MG,310047,3108,409.229,46957
3134905,Jacutinga,MG,310050,3109,347.667,46973
3135001,Jaguaraçu,MG,310024,3105,163.76,46990
3135050,Jaíba,MG,310007,3102,2635.467,40282
3135076,Jampruca,MG,310020,3104,517.095,40304
3135100,Janaúba,MG,310007,3102,2181.319,47015
3135209,Januária,MG,310009,3102,6661.588,47031
3135308,Japaraíba,MG,310065,3113,172.141,47058
3135357,Japonvar,MG,310006,3102,375.181,42269
3135407,Jeceaba,MG,310038,3107,236.25,47074
3135456,Jenipapo de Minas,MG,310017,3103,284.453,42285
3135506,Jequeri,MG,310030,3106,547.897,47090
3135605,Jequitaí,MG,310006,3102,1268.443,47112
3135704,Jequitibá,MG,310002,3101,445.03,47139
3135803,Jequitinhonha,MG,310015,3103,3514.216,47155
3135902,Jesuânia,MG,310053,3109,153.852,47171
3136009,Joaíma,MG,310015,3103,1664.19,47198
3136108,Joanésia,MG,310024,3105,233.292,47210
3136207,João Monlevade,MG,310026,3105,98.231,47236
3136306,João Pinheiro,MG,310062,3112,10727.097,47252
3136405,Joaquim Felício,MG,310006,3102,790.935,47279
3136504,Jordânia,MG,310015,3103,546.705,47295
3136520,José Gonçalves de Minas,MG,310017,3103,381.332,42307
3136553,José Raydan,MG,310021,3104,180.822,42323
3136579,Josenópolis,MG,310006,3102,541.393,40924
3136603,Nova União,MG,310001,3101,172.131,47317
3136652,Juatuba,MG,310001,3101,97.66,40320
3136702,Juiz de Fora,MG,310027,3106,1435.749,47333
3136801,Juramento,MG,310006,3102,431.63,47350
3136900,Juruaia,MG,310044,3108,220.353,47376
3136959,Juvenília,MG,310009,3102,1064.692,40940
3137007,Ladainha,MG,310013,3103,866.29,47392
3137106,Lagamar,MG,310062,3112,1474.562,47414
3137205,Lagoa da Prata,MG,310065,3113,439.984,47430
3137304,Lagoa dos Patos,MG,310006,3102,600.547,47457
3137403,Lagoa Dourada,MG,310039,3107,476.693,47473
3137502,Lagoa Formosa,MG,310062,3112,840.92,47490
3137536,Lagoa Grande,MG,310062,3112,1236.301,40347
3137601,Lagoa Santa,MG,310001,3101,229.741,47511
3137700,Lajinha,MG,310028,3106,431.92,47538
3137809,Lambari,MG,310053,3109,213.11,47554
3137908,Lamim,MG,310038,3107,118.602,47570
3138005,Laranjal,MG,310032,3106,204.882,47597
3138104,Lassance,MG,310010,3102,3204.217,47619
3138203,Lavras,MG,310043,3108,564.744,47635
3138302,Leandro Ferreira,MG,310065,3113,352.005,47651
3138351,Leme do Prado,MG,310014,3103,280.036,40967
3138401,Leopoldina,MG,310032,3106,943.077,47678
3138500,Liberdade,MG,310027,3106,401.337,47694
3138609,Lima Duarte,MG,310027,3106,848.564,47716
3138625,Limeira do Oeste,MG,310058,3110,1317.153,40363
3138658,Lontra,MG,310006,3102,258.925,40380
3138674,Luisburgo,MG,310028,3106,145.418,40983
3138682,Luislândia,MG,310006,3102,411.714,41009
3138708,Luminárias,MG,310043,3108,500.143,47732
3138807,Luz,MG,310067,3113,1171.659,47759
3138906,Machacalis,MG,310019,3103,332.378,47775
3139003,Machado,MG,310042,3108,585.958,47791
3139102,Madre de Deus de Minas,MG,310039,3107,492.909,47813
3139201,Malacacheta,MG,310013,3103,727.886,47830
3139250,Mamonas,MG,310012,3102,284.365,40401
3139300,Manga,MG,310007,3102,1950.184,47856
3139409,Manhuaçu,MG,310028,3106,628.318,47872
3139508,Manhumirim,MG,310028,3106,182.9,47899
3139607,Mantena,MG,310022,3104,685.208,47910
3139706,Maravilhas,MG,310068,3113,261.604,47937
3139805,Mar de Espanha,MG,310035,3106,371.6,47953
3139904,Maria da Fé,MG,310052,3109,202.898,47970
3140001,Mariana,MG,310003,3101,1194.208,47996
3140100,Marilac,MG,310020,3104,158.809,48011
3140159,Mário Campos,MG,310001,3101,35.196,41025
3140209,Maripá de Minas,MG,310035,3106,77.338,48038
3140308,Marliéria,MG,310024,3105,545.813,48054
3140407,Marmelópolis,MG,310052,3109,107.902,48070
3140506,Martinho Campos,MG,310067,3113,1058.418,48097
3140530,Martins Soares,MG,310028,3106,113.268,41041
3140555,Mata Verde,MG,310015,3103,227.539,40428
3140605,Materlândia,MG,310021,3104,280.53,48119
3140704,Mateus Leme,MG,310001,3101,302.312,48135
3140803,Matias Barbosa,MG,310027,3106,157.066,48151
3140852,Matias Cardoso,MG,310007,3102,1940.597,40444
3140902,Matipó,MG,310028,3106,266.99,48178
3141009,Mato Verde,MG,310012,3102,472.245,48194
3141108,Matozinhos,MG,310002,3101,252.453,48216
3141207,Matutina,MG,310062,3112,260.957,48232
3141306,Medeiros,MG,310066,3113,946.437,48259
3141405,Medina,MG,310018,3103,1435.903,48275
3141504,Mendes Pimentel,MG,310022,3104,305.507,48291
3141603,Mercês,MG,310029,3106,348.271,48313
3141702,Mesquita,MG,310024,3105,274.938,48330
3141801,Minas Novas,MG,310014,3103,1812.398,48356
3141900,Minduri,MG,310054,3109,219.774,48372
3142007,Mirabela,MG,310006,3102,723.278,48399
3142106,Miradouro,MG,310031,3106,301.672,48410
3142205,Miraí,MG,310031,3106,320.695,48437
3142254,Miravânia,MG,310007,3102,602.128,41068
3142304,Moeda,MG,310001,3101,154.129,48453
3142403,Moema,MG,310067,3113,202.705,48470
3142502,Monjolos,MG,310004,3101,650.911,48496
3142601,Monsenhor Paulo,MG,310040,3108,216.54,48518
3142700,Montalvânia,MG,310009,3102,1503.755,48534
3142809,Monte Alegre de Minas,MG,310059,3111,2595.957,48550
3142908,Monte Azul,MG,310012,3102,1001.296,48577
3143005,Monte Belo,MG,310044,3108,421.283,48593
3143104,Monte Carmelo,MG,310061,3111,1343.035,48615
3143153,Monte Formoso,MG,310013,3103,385.553,41084
3143203,Monte Santo de Minas,MG,310047,3108,594.632,48631
3143302,Montes Claros,MG,310006,3102,3589.811,48658
3143401,Monte Sião,MG,310050,3109,291.594,48674
3143450,Montezuma,MG,310012,3102,1130.419,40460
3143500,Morada Nova de Minas,MG,310070,3113,2084.275,48690
3143609,Morro da Garça,MG,310004,3101,414.772,48712
3143708,Morro do Pilar,MG,310002,3101,477.548,48739
3143807,Munhoz,MG,310050,3109,191.599,48755
3143906,Muriaé,MG,310031,3106,841.693,48771
3144003,Mutum,MG,310028,3106,1250.823,48798
3144102,Muzambinho,MG,310044,3108,409.948,48810
3144201,Nacip Raydan,MG,310020,3104,233.493,48836
3144300,Nanuque,MG,310013,3103,1518.166,48852
3144359,Naque,MG,310024,3105,127.173,40487
3144375,Natalândia,MG,310063,3112,468.66,41106
3144409,Natércia,MG,310050,3109,188.719,48879
3144508,Nazareno,MG,310039,3107,341.453,48895
3144607,Nepomuceno,MG,310043,3108,582.553,48917
3144656,Ninheira,MG,310008,3102,1108.27,41122
3144672,Nova Belém,MG,310022,3104,146.776,41149
3144706,Nova Era,MG,310026,3105,361.852,48933
3144805,Nova Lima,MG,310001,3101,430.115,48950
3144904,Nova Módica,MG,310013,3103,375.973,48976
3145000,Nova Ponte,MG,310055,3110,1111.011,48992
3145059,Nova Porteirinha,MG,310007,3102,120.944,41165
3145109,Nova Resende,MG,310044,3108,390.152,49018
3145208,Nova Serrana,MG,310065,3113,282.472,49034
3145307,Novo Cruzeiro,MG,310013,3103,1702.981,49050
3145356,Novo Oriente de Minas,MG,310013,3103,755.151,40509
3145372,Novorizonte,MG,310008,3102,271.61,41181
3145406,Olaria,MG,310027,3106,178.242,49077
3145455,Olhos-d'Água,MG,310006,3102,2092.078,41203
3145505,Olímpio Noronha,MG,310053,3109,54.633,49093
3145604,Oliveira,MG,310069,3113,897.294,49115
3145703,Oliveira Fortes,MG,310027,3106,111.13,49131
3145802,Onça de Pitangui,MG,310068,3113,246.976,49158
3145851,Oratórios,MG,310030,3106,89.068,41220
3145877,Orizânia,MG,310034,3106,121.8,41246
3145901,Ouro Branco,MG,310038,3107,258.726,49174
3146008,Ouro Fino,MG,310050,3109,533.714,49190
3146107,Ouro Preto,MG,310003,3101,1246.068,49212
3146206,Ouro Verde de Minas,MG,310013,3103,175.482,49239
3146255,Padre Carvalho,MG,310008,3102,446.275,41262
3146305,Padre Paraíso,MG,310013,3103,544.375,49255
3146404,Paineiras,MG,310070,3113,637.309,49271
3146503,Pains,MG,310066,3113,421.862,49298
3146552,Pai Pedro,MG,310007,3102,839.805,41289
3146602,Paiva,MG,310027,3106,58.419,49310
3146701,Palma,MG,310032,3106,316.476,49336
3146750,Palmópolis,MG,310015,3103,433.154,40525
3146909,Papagaios,MG,310068,3113,553.577,49379
3147006,Paracatu,MG,310062,3112,8231.029,49395
3147105,Pará de Minas,MG,310068,3113,551.105,49417
3147204,Paraguaçu,MG,310042,3108,424.296,49433
3147303,Paraisópolis,MG,310052,3109,331.238,49450
3147402,Paraopeba,MG,310002,3101,625.631,49476
3147501,Passabém,MG,310005,3101,94.183,49492
3147600,Passa Quatro,MG,310053,3109,277.221,49514
3147709,Passa Tempo,MG,310069,3113,429.172,49530
3147808,Passa Vinte,MG,310027,3106,246.565,49557
3147907,Passos,MG,310041,3108,1338.07,49573
3147956,Patis,MG,310006,3102,444.196,41300
3148004,Patos de Minas,MG,310062,3112,3190.456,49590
3148103,Patrocínio,MG,310064,3112,2874.344,49611
3148202,Patrocínio do Muriaé,MG,310031,3106,108.246,49638
3148301,Paula Cândido,MG,310033,3106,268.321,49654
3148400,Paulistas,MG,310021,3104,220.564,49670
3148509,Pavão,MG,310013,3103,601.19,49697
3148608,Peçanha,MG,310021,3104,996.646,49719
3148707,Pedra Azul,MG,310018,3103,1594.651,49735
3148756,Pedra Bonita,MG,310034,3106,173.928,41327
3148806,Pedra do Anta,MG,310033,3106,173.168,49751
3148905,Pedra do Indaiá,MG,310065,3113,347.92,49778
3149002,Pedra Dourada,MG,310034,3106,69.99,49794
3149101,Pedralva,MG,310052,3109,217.99,49816
3149150,Pedras de Maria da Cruz,MG,310009,3102,1525.648,40541
3149200,Pedrinópolis,MG,310056,3110,357.891,49832
3149309,Pedro Leopoldo,MG,310001,3101,292.81,49859
3149408,Pedro Teixeira,MG,310027,3106,112.959,49875
3149507,Pequeri,MG,310035,3106,90.833,49891
3149606,Pequi,MG,310068,3113,203.991,49913
3149705,Perdigão,MG,310065,3113,249.322,49930
3149804,Perdizes,MG,310056,3110,2451.112,49956
3149903,Perdões,MG,310043,3108,270.657,49972
3149952,Periquito,MG,310024,3105,228.907,40568
3150000,Pescador,MG,310013,3103,317.463,49999
3150109,Piau,MG,310027,3106,192.196,50016
3150158,Piedade de Caratinga,MG,310025,3105,109.345,41343
3150208,Piedade de Ponte Nova,MG,310030,3106,83.733,50032
3150307,Piedade do Rio Grande,MG,310039,3107,322.814,50059
3150406,Piedade dos Gerais,MG,310069,3113,259.638,50075
3150505,Pimenta,MG,310066,3113,414.969,50091
3150539,Pingo-d'Água,MG,310024,3105,66.57,41360
3150570,Pintópolis,MG,310011,3102,1228.736,41386
3150604,Piracema,MG,310069,3113,280.335,50113
3150703,Pirajuba,MG,310057,3110,337.98,50130
3150802,Piranga,MG,310038,3107,658.812,50156
3150901,Piranguçu,MG,310052,3109,203.619,50172
3151008,Piranguinho,MG,310052,3109,124.803,50199
3151107,Pirapetinga,MG,310036,3106,190.681,50210
3151206,Pirapora,MG,310010,3102,549.514,50237
3151305,Piraúba,MG,310029,3106,144.289,50253
3151404,Pitangui,MG,310065,3113,569.636,50270
3151503,Piumhi,MG,310049,3108,902.468,50296
3151602,Planura,MG,310057,3110,317.52,50318
3151701,Poço Fundo,MG,310042,3108,474.244,50334
3151800,Poços de Caldas,MG,310051,3109,546.958,50350
3151909,Pocrane,MG,310028,3106,691.066,50377
3152006,Pompéu,MG,310067,3113,2551.074,50393
3152105,Ponte Nova,MG,310030,3106,470.643,50415
3152131,Ponto Chique,MG,310010,3102,602.799,41408
3152170,Ponto dos Volantes,MG,310013,3103,1212.413,40584
3152204,Porteirinha,MG,310007,3102,1749.683,50431
3152303,Porto Firme,MG,310033,3106,284.777,50458
3152402,Poté,MG,310013,3103,625.111,50474
3152501,Pouso Alegre,MG,310050,3109,542.797,50490
3152600,Pouso Alto,MG,310053,3109,263.034,50512
3152709,Prados,MG,310039,3107,264.115,50539
3152808,Prata,MG,310059,3111,4847.544,50555
3152907,Pratápolis,MG,310041,3108,215.516,50571
3153004,Pratinha,MG,310056,3110,622.478,50598
3153103,Presidente Bernardes,MG,310033,3106,236.798,50610
3153202,Presidente Juscelino,MG,310004,3101,695.882,50636
3153301,Presidente Kubitschek,MG,310016,3103,189.235,50652
3153400,Presidente Olegário,MG,310062,3112,3503.848,50679
3153509,Alto Jequitibá,MG,310028,3106,152.272,50695
3153608,Prudente de Morais,MG,310002,3101,124.189,50717
3153707,Quartel Geral,MG,310067,3113,556.436,50733
3153806,Queluzito,MG,310038,3107,153.56,50750
3153905,Raposos,MG,310001,3101,72.228,50776
3154002,Raul Soares,MG,310025,3105,763.364,50792
3154101,Recreio,MG,310032,3106,234.296,50814
3154150,Reduto,MG,310028,3106,151.859,41424
3154200,Resende Costa,MG,310039,3107,618.312,50830
3154309,Resplendor,MG,310023,3104,1081.796,50857
3154408,Ressaquinha,MG,310037,3107,183.062,50873
3154457,Riachinho,MG,310063,3112,1719.266,40606
3154507,Riacho dos Machados,MG,310007,3102,1315.54,50890
3154606,Ribeirão das Neves,MG,310001,3101,155.105,50911
3154705,Ribeirão Vermelho,MG,310043,3108,49.251,50938
3154804,Rio Acima,MG,310001,3101,228.899,50954
3154903,Rio Casca,MG,310030,3106,384.381,50970
3155009,Rio Doce,MG,310030,3106,112.094,50997
3155108,Rio do Prado,MG,310015,3103,479.815,51012
3155207,Rio Espera,MG,310038,3107,238.602,51039
3155306,Rio Manso,MG,310069,3113,231.54,51055
3155405,Rio Novo,MG,310027,3106,209.31,51071
3155504,Rio Paranaíba,MG,310062,3112,1352.353,51098
3155603,Rio Pardo de Minas,MG,310008,3102,3117.675,51110
3155702,Rio Piracicaba,MG,310026,3105,373.037,51136
3155801,Rio Pomba,MG,310029,3106,252.418,51152
3155900,Rio Preto,MG,310027,3106,348.046,51179
3156007,Rio Vermelho,MG,310021,3104,987.246,51195
3156106,Ritápolis,MG,310039,3107,404.805,51217
3156205,Rochedo de Minas,MG,310035,3106,79.402,51233
3156304,Rodeiro,MG,310029,3106,72.673,51250
3156403,Romaria,MG,310061,3111,407.557,51276
3156452,Rosário da Limeira,MG,310031,3106,111.156,40622
3156502,Rubelita,MG,310008,3102,1110.295,51292
3156601,Rubim,MG,310015,3103,965.174,51314
3156700,Sabará,MG,310001,3101,302.453,51330
3156809,Sabinópolis,MG,310021,3104,919.811,51357
3156908,Sacramento,MG,310055,3110,3073.268,51373
3157005,Salinas,MG,310008,3102,1862.117,51390
3157104,Salto da Divisa,MG,310015,3103,938.008,51411
3157203,Santa Bárbara,MG,310003,3101,684.505,51438
3157252,Santa Bárbara do Leste,MG,310025,3105,107.402,40649
3157278,Santa Bárbara do Monte Verde,MG,310027,3106,417.925,41440
3157302,Santa Bárbara do Tugúrio,MG,310037,3107,194.564,51454
3157336,Santa Cruz de Minas,MG,310039,3107,3.565,41467
3157377,Santa Cruz de Salinas,MG,310008,3102,589.607,41483
3157401,Santa Cruz do Escalvado,MG,310030,3106,258.726,51470
3157500,Santa Efigênia de Minas,MG,310020,3104,131.965,51497
3157609,Santa Fé de Minas,MG,310010,3102,2917.448,51519
3157658,Santa Helena de Minas,MG,310019,3103,276.433,41505
3157708,Santa Juliana,MG,310055,3110,723.784,51535
3157807,Santa Luzia,MG,310001,3101,235.166,51551
3157906,Santa Margarida,MG,310028,3106,255.73,51578
3158003,Santa Maria de Itabira,MG,310005,3101,597.441,51594
3158102,Santa Maria do Salto,MG,310015,3103,440.605,51616
3158201,Santa Maria do Suaçuí,MG,310021,3104,624.047,51632
3158300,Santana da Vargem,MG,310046,3108,172.444,51659
3158409,Santana de Cataguases,MG,310032,3106,161.486,51675
3158508,Santana de Pirapama,MG,310002,3101,1255.832,51691
3158607,Santana do Deserto,MG,310027,3106,182.655,51713
3158706,Santana do Garambéu,MG,310037,3107,203.074,51730
3158805,Santana do Jacaré,MG,310048,3108,106.169,51756
3158904,Santana do Manhuaçu,MG,310028,3106,347.362,51772
3158953,Santana do Paraíso,MG,310024,3105,275.575,40681
3159001,Santana do Riacho,MG,310002,3101,677.207,51799
3159100,Santana dos Montes,MG,310038,3107,196.565,51810
3159209,Santa Rita de Caldas,MG,310051,3109,503.011,51837
3159308,Santa Rita de Jacutinga,MG,310027,3106,420.94,51853
3159357,Santa Rita de Minas,MG,310025,3105,68.153,40665
3159407,Santa Rita de Ibitipoca,MG,310037,3107,324.234,51870
3159506,Santa Rita do Itueto,MG,310023,3104,485.081,51896
3159605,Santa Rita do Sapucaí,MG,310050,3109,352.969,51918
3159704,Santa Rosa da Serra,MG,310056,3110,284.334,51934
3159803,Santa Vitória,MG,310060,3111,2998.364,51950
3159902,Santo Antônio do Amparo,MG,310043,3108,488.885,51977
3160009,Santo Antônio do Aventureiro,MG,310036,3106,202.032,51993
3160108,Santo Antônio do Grama,MG,310030,3106,130.213,52019
3160207,Santo Antônio do Itambé,MG,310016,3103,305.737,52035
3160306,Santo Antônio do Jacinto,MG,310015,3103,503.706,52051
3160405,Santo Antônio do Monte,MG,310065,3113,1125.78,52078
3160454,Santo Antônio do Retiro,MG,310012,3102,796.29,41521
3160504,Santo Antônio do Rio Abaixo,MG,310005,3101,107.269,52094
3160603,Santo Hipólito,MG,310004,3101,430.656,52116
3160702,Santos Dumont,MG,310027,3106,637.373,52132
3160801,São Bento Abade,MG,310045,3108,80.403,52159
3160900,São Brás do Suaçuí,MG,310038,3107,110.019,52175
3160959,São Domingos das Dores,MG,310025,3105,60.865,41548
3161007,São Domingos do Prata,MG,310026,3105,743.768,52191
3161056,São Félix de Minas,MG,310022,3104,162.56,41564
3161106,São Francisco,MG,310011,3102,3308.1,52213
3161205,São Francisco de Paula,MG,310069,3113,316.822,52230
3161304,São Francisco de Sales,MG,310058,3110,1128.864,52256
3161403,São Francisco do Glória,MG,310031,3106,164.613,52272
3161502,São Geraldo,MG,310029,3106,185.578,52299
3161601,São Geraldo da Piedade,MG,310020,3104,152.336,52310
3161650,São Geraldo do Baixio,MG,310020,3104,280.954,41580
3161700,São Gonçalo do Abaeté,MG,310062,3112,2692.545,52337
3161809,São Gonçalo do Pará,MG,310065,3113,265.73,52353
3161908,São Gonçalo do Rio Abaixo,MG,310026,3105,363.818,52370
3162005,São Gonçalo do Sapucaí,MG,310040,3108,516.683,52396
3162104,São Gotardo,MG,310062,3112,866.087,52418
3162203,São João Batista do Glória,MG,310041,3108,547.908,52434
3162252,São João da Lagoa,MG,310006,3102,998.015,40703
3162302,São João da Mata,MG,310050,3109,120.536,52450
3162401,São João da Ponte,MG,310006,3102,1851.102,52477
3162450,São João das Missões,MG,310009,3102,678.274,41602
3162500,São João del Rei,MG,310039,3107,1452.002,52493
3162559,São João do Manhuaçu,MG,310028,3106,143.096,40720
3162575,São João do Manteninha,MG,310022,3104,137.928,40746
3162609,São João do Oriente,MG,310024,3105,120.122,52515
3162658,São João do Pacuí,MG,310006,3102,415.922,40762
3162708,São João do Paraíso,MG,310008,3102,1925.575,52531
3162807,São João Evangelista,MG,310021,3104,478.183,52558
3162906,São João Nepomuceno,MG,310035,3106,407.427,52574
3162922,São Joaquim de Bicas,MG,310001,3101,71.995,41629
3162948,São José da Barra,MG,310041,3108,308.319,41645
3162955,São José da Lapa,MG,310001,3101,48.135,40789
3163003,São José da Safira,MG,310020,3104,213.881,52590
3163102,São José da Varginha,MG,310068,3113,205.501,52612
3163201,São José do Alegre,MG,310052,3109,88.794,52639
3163300,São José do Divino,MG,310013,3103,328.704,52655
3163409,São José do Goiabal,MG,310024,3105,189.578,52671
3163508,São José do Jacuri,MG,310021,3104,345.146,52698
3163607,São José do Mantimento,MG,310028,3106,54.701,52710
3163706,São Lourenço,MG,310053,3109,58.019,52736
3163805,São Miguel do Anta,MG,310033,3106,152.111,52752
3163904,São Pedro da União,MG,310044,3108,260.827,52779
3164001,São Pedro dos Ferros,MG,310030,3106,402.739,52795
3164100,São Pedro do Suaçuí,MG,310021,3104,308.106,52817
3164209,São Romão,MG,310011,3102,2434.004,52833
3164308,São Roque de Minas,MG,310049,3108,2098.867,52850
3164407,São Sebastião da Bela Vista,MG,310050,3109,167.428,52876
3164431,São Sebastião da Vargem Alegre,MG,310031,3106,73.629,42340
3164472,São Sebastião do Anta,MG,310025,3105,80.618,42366
3164506,São Sebastião do Maranhão,MG,310021,3104,517.83,52892
3164605,São Sebastião do Oeste,MG,310065,3113,408.09,52914
3164704,São Sebastião do Paraíso,MG,310047,3108,814.925,52930
3164803,São Sebastião do Rio Preto,MG,310005,3101,128.002,52957
3164902,São Sebastião do Rio Verde,MG,310053,3109,90.848,52973
3165008,São Tiago,MG,310039,3107,572.4,52990
3165107,São Tomás de Aquino,MG,310047,3108,277.928,53015
3165206,São Tomé das Letras,MG,310045,3108,369.747,53031
3165305,São Vicente de Minas,MG,310039,3107,392.651,53058
3165404,Sapucaí-Mirim,MG,310052,3109,285.073,53074
3165503,Sardoá,MG,310020,3104,141.904,53090
3165537,Sarzedo,MG,310001,3101,62.134,40800
3165552,Setubinha,MG,310013,3103,534.655,42404
3165560,Sem-Peixe,MG,310030,3106,176.634,40827
3165578,Senador Amaral,MG,310050,3109,151.097,40843
3165602,Senador Cortes,MG,310035,3106,98.336,53112
3165701,Senador Firmino,MG,310029,3106,166.495,53139
3165800,Senador José Bento,MG,310050,3109,93.892,53155
3165909,Senador Modestino Gonçalves,MG,310016,3103,952.055,53171
3166006,Senhora de Oliveira,MG,310038,3107,170.749,53198
3166105,Senhora do Porto,MG,310021,3104,381.328,53210
3166204,Senhora dos Remédios,MG,310037,3107,237.815,53236
3166303,Sericita,MG,310030,3106,166.012,53252
3166402,Seritinga,MG,310054,3109,114.769,53279
3166501,Serra Azul de Minas,MG,310016,3103,218.595,53295
3166600,Serra da Saudade,MG,310067,3113,335.659,53317
3166709,Serra dos Aimorés,MG,310013,3103,213.574,53333
3166808,Serra do Salitre,MG,310064,3112,1295.272,53350
3166907,Serrania,MG,310042,3108,209.27,53376
3166956,Serranópolis de Minas,MG,310007,3102,551.954,42382
3167004,Serranos,MG,310054,3109,213.173,53392
3167103,Serro,MG,310016,3103,1217.813,53414
3167202,Sete Lagoas,MG,310002,3101,536.928,53430
3167301,Silveirânia,MG,310029,3106,157.456,53457
3167400,Silvianópolis,MG,310050,3109,312.166,53473
3167509,Simão Pereira,MG,310027,3106,135.689,53490
3167608,Simonésia,MG,310028,3106,486.543,53511
3167707,Sobrália,MG,310020,3104,206.787,53538
3167806,Soledade de Minas,MG,310053,3109,196.866,53554
3167905,Tabuleiro,MG,310029,3106,211.084,53570
3168002,Taiobeiras,MG,310008,3102,1220.045,53597
3168051,Taparuba,MG,310028,3106,193.082,42420
3168101,Tapira,MG,310056,3110,1179.248,53619
3168200,Tapiraí,MG,310066,3113,407.92,53635
3168309,Taquaraçu de Minas,MG,310001,3101,329.287,53651
3168408,Tarumirim,MG,310020,3104,731.753,53678
3168507,Teixeiras,MG,310033,3106,166.735,53694
3168606,Teófilo Otoni,MG,310013,3103,3242.27,53716
3168705,Timóteo,MG,310024,3105,144.377,53732
3168804,Tiradentes,MG,310039,3107,83.047,53759
3168903,Tiros,MG,310062,3112,2091.774,53775
3169000,Tocantins,MG,310029,3106,173.866,53791
3169059,Tocos do Moji,MG,310050,3109,114.705,42587
3169109,Toledo,MG,310050,3109,136.776,53813
3169208,Tombos,MG,310034,3106,285.124,53830
3169307,Três Corações,MG,310045,3108,828.038,53856
3169356,Três Marias,MG,310004,3101,2678.254,41157
3169406,Três Pontas,MG,310046,3108,689.794,53872
3169505,Tumiritinga,MG,310020,3104,500.073,53899
3169604,Tupaciguara,MG,310059,3111,1822.53,53910
3169703,Turmalina,MG,310014,3103,1153.111,53937
3169802,Turvolândia,MG,310050,3109,221.0,53953
3169901,Ubá,MG,310029,3106,407.452,53970
3170008,Ubaí,MG,310011,3102,820.524,53996
3170057,Ubaporanga,MG,310025,3105,189.045,40860
3170107,Uberaba,MG,310055,3110,4523.957,54011
3170206,Uberlândia,MG,310059,3111,4115.206,54038
3170305,Umburatiba,MG,310019,3103,405.834,54054
3170404,Unaí,MG,310063,3112,8445.432,54070
3170438,União de Minas,MG,310058,3110,1147.407,42447
3170479,Uruana de Minas,MG,310063,3112,598.221,42463
3170503,Urucânia,MG,310030,3106,138.792,54097
3170529,Urucuia,MG,310063,3112,2076.942,40886
3170578,Vargem Alegre,MG,310025,3105,116.664,40908
3170602,Vargem Bonita,MG,310049,3108,409.888,54119
3170651,Vargem Grande do Rio Pardo,MG,310008,3102,491.512,42480
3170701,Varginha,MG,310040,3108,395.396,54135
3170750,Varjão de Minas,MG,310062,3112,651.505,42501
3170800,Várzea da Palma,MG,310010,3102,2220.279,54151
3170909,Varzelândia,MG,310006,3102,814.994,54178
3171006,Vazante,MG,310062,3112,1913.396,54194
3171030,Verdelândia,MG,310007,3102,1570.582,42528
3171071,Veredinha,MG,310014,3103,631.691,42544
3171105,Veríssimo,MG,310055,3110,1031.823,54232
3171154,Vermelho Novo,MG,310025,3105,115.242,42560
3171204,Vespasiano,MG,310001,3101,70.456,54259
3171303,Viçosa,MG,310033,3106,299.418,54275
3171402,Vieiras,MG,310031,3106,112.691,54291
3171501,Mathias Lobato,MG,310020,3104,172.297,54313
3171600,Virgem da Lapa,MG,310017,3103,868.914,54330
3171709,Virgínia,MG,310053,3109,326.515,54356
3171808,Virginópolis,MG,310021,3104,439.878,54372
3171907,Virgolândia,MG,310020,3104,281.022,54399
3172004,Visconde do Rio Branco,MG,310029,3106,243.351,54410
3172103,Volta Grande,MG,310036,3106,205.552,54437
3172202,Wenceslau Braz,MG,310052,3109,102.487,54216
3200102,Afonso Cláudio,ES,320002,3201,941.188,56014
3200136,Águia Branca,ES,320005,3203,454.448,57991
3200169,Água Doce do Norte,ES,320006,3203,473.728,56022
3200201,Alegre,ES,320008,3204,756.86,56030
3200300,Alfredo Chaves,ES,320001,3201,615.677,56057
3200359,Alto Rio Novo,ES,320005,3203,227.617,56065
3200409,Anchieta,ES,320001,3201,409.691,56073
3200508,Apiacá,ES,320008,3204,193.984,56090
3200607,Aracruz,ES,320004,3202,1420.286,56111
3200706,Atílio Vivácqua,ES,320007,3204,232.868,56138
3200805,Baixo Guandu,ES,320005,3203,909.039,56154
3200904,Barra de São Francisco,ES,320006,3203,944.521,56170
3201001,Boa Esperança,ES,320003,3202,428.717,56197
3201100,Bom Jesus do Norte,ES,320008,3204,89.084,56219
3201159,Brejetuba,ES,320002,3201,354.404,56146
3201209,Cachoeiro de Itapemirim,ES,320007,3204,864.583,56235
3201308,Cariacica,ES,320001,3201,279.718,56251
3201407,Castelo,ES,320007,3204,663.515,56278
3201506,Colatina,ES,320005,3203,1398.219,56294
3201605,Conceição da Barra,ES,320003,3202,1182.587,56316
3201704,Conceição do Castelo,ES,320002,3201,369.778,56332
3201803,Divino de São Lourenço,ES,320008,3204,174.039,56359
3201902,Domingos Martins,ES,320002,3201,1229.21,56375
3202009,Dores do Rio Preto,ES,320008,3204,159.298,56391
3202108,Ecoporanga,ES,320006,3203,2285.361,56413
3202207,Fundão,ES,320001,3201,286.854,56430
3202256,Governador Lindenberg,ES,320005,3203,360.016,56308
3202306,Guaçuí,ES,320008,3204,468.185,56456
3202405,Guarapari,ES,320001,3201,589.826,56472
3202454,Ibatiba,ES,320008,3204,240.278,57096
3202504,Ibiraçu,ES,320004,3202,201.248,56499
3202553,Ibitirama,ES,320008,3204,330.874,56502
3202603,Iconha,ES,320007,3204,203.528,56510
3202652,Irupi,ES,320008,3204,184.807,56049
3202702,Itaguaçu,ES,320005,3203,535.021,56537
3202801,Itapemirim,ES,320007,3204,551.133,56553
3202900,Itarana,ES,320002,3201,295.189,56570
3203007,Iúna,ES,320008,3204,460.586,56596
3203056,Jaguaré,ES,320003,3202,659.751,57134
3203106,Jerônimo Monteiro,ES,320007,3204,177.342,56618
3203130,João Neiva,ES,320004,3202,284.734,56626
3203163,Laranja da Terra,ES,320002,3201,458.37,57916
3203205,Linhares,ES,320004,3202,3496.263,56634
3203304,Mantenópolis,ES,320005,3203,321.417,56650
3203320,Marataízes,ES,320007,3204,130.268,56120
3203346,Marechal Floriano,ES,320002,3201,285.495,56103
3203353,Marilândia,ES,320005,3203,327.642,57070
3203403,Mimoso do Sul,ES,320007,3204,869.439,56677
3203502,Montanha,ES,320003,3202,1099.06,56693
3203601,Mucurici,ES,320003,3202,540.529,56715
3203700,Muniz Freire,ES,320008,3204,678.804,56731
3203809,Muqui,ES,320007,3204,327.268,56758
3203908,Nova Venécia,ES,320006,3203,1439.57,56774
3204005,Pancas,ES,320005,3203,837.842,56790
3204054,Pedro Canário,ES,320003,3202,433.453,57150
3204104,Pinheiros,ES,320003,3202,973.136,56812
3204203,Piúma,ES,320001,3201,73.623,56839
3204252,Ponto Belo,ES,320003,3202,360.11,56200
3204302,Presidente Kennedy,ES,320007,3204,594.897,56855
3204351,Rio Bananal,ES,320004,3202,641.929,57118
3204401,Rio Novo do Sul,ES,320007,3204,204.464,56871
3204500,Santa Leopoldina,ES,320002,3201,718.326,56898
3204559,Santa Maria de Jetibá,ES,320002,3201,735.198,57932
3204609,Santa Teresa,ES,320002,3201,683.032,56910
3204658,São Domingos do Norte,ES,320005,3203,298.58,56006
3204708,São Gabriel da Palha,ES,320005,3203,434.887,56936
3204807,São José do Calçado,ES,320008,3204,273.489,56952
3204906,São Mateus,ES,320003,3202,2346.048,56979
3204955,São Roque do Canaã,ES,320005,3203,341.944,56162
3205002,Serra,ES,320001,3201,547.631,56995
3205010,Sooretama,ES,320004,3202,587.037,56189
3205036,Vargem Alta,ES,320007,3204,417.76,57959
3205069,Venda Nova do Imigrante,ES,320002,3201,185.909,57975
3205101,Viana,ES,320001,3201,312.278,57010
3205150,Vila Pavão,ES,320006,3203,433.257,56081
3205176,Vila Valério,ES,320005,3203,470.342,56227
3205200,Vila Velha,ES,320001,3201,210.225,57037
3205309,Vitória,ES,320001,3201,97.124,57053
3300100,Angra dos Reis,RJ,330002,3301,813.419,58017
3300159,Aperibé,RJ,330012,3304,94.542,58181
3300209,Araruama,RJ,330013,3305,638.276,58033
3300225,Areal,RJ,330007,3303,110.724,58220
3300233,Armação dos Búzios,RJ,330013,3305,70.977,58408
3300258,Arraial do Cabo,RJ,330013,3305,152.106,59277
3300308,Barra do Piraí,RJ,330004,3302,584.61,58050
3300407,Barra Mansa,RJ,330004,3302,547.133,58076
3300456,Belford Roxo,RJ,330001,3301,78.985,58041
3300506,Bom Jardim,RJ,330008,3303,382.43,58092
3300605,Bom Jesus do Itabapoana,RJ,330011,3304,596.659,58114
3300704,Cabo Frio,RJ,330013,3305,413.449,58130
3300803,Cachoeiras de Macacu,RJ,330003,3301,954.749,58157
3300902,Cambuci,RJ,330012,3304,558.281,58173
3300936,Carapebus,RJ,330014,3305,304.884,58300
3300951,Comendador Levy Gasparian,RJ,330009,3303,108.639,58165
3301009,Campos dos Goytacazes,RJ,330010,3304,4032.487,58190
3301108,Cantagalo,RJ,330008,3303,747.21,58211
3301157,Cardoso Moreira,RJ,330010,3304,522.596,58068
3301207,Carmo,RJ,330008,3303,305.749,58238
3301306,Casimiro de Abreu,RJ,330014,3305,462.918,58254
3301405,Conceição de Macabu,RJ,330014,3305,338.26,58270
3301504,Cordeiro,RJ,330008,3303,113.048,58297
3301603,Duas Barras,RJ,330008,3303,379.619,58319
3301702,Duque de Caxias,RJ,330001,3301,467.319,58335
3301801,Engenheiro Paulo de Frontin,RJ,330004,3302,139.381,58351
3301850,Guapimirim,RJ,330001,3301,358.443,58106
3301876,Iguaba Grande,RJ,330013,3305,50.977,58262
3301900,Itaboraí,RJ,330001,3301,429.961,58378
3302007,Itaguaí,RJ,330001,3301,282.607,58394
3302056,Italva,RJ,330010,3304,291.193,59293
3302106,Itaocara,RJ,330012,3304,433.182,58416
3302205,Itaperuna,RJ,330011,3304,1106.694,58432
3302254,Itatiaia,RJ,330005,3302,241.035,58440
3302270,Japeri,RJ,330001,3301,81.697,58149
3302304,Laje do Muriaé,RJ,330011,3304,253.53,58459
3302403,Macaé,RJ,330014,3305,1216.989,58475
3302452,Macuco,RJ,330008,3303,78.364,58386
3302502,Magé,RJ,330001,3301,390.775,58491
3302601,Mangaratiba,RJ,330001,3301,367.606,58513
3302700,Maricá,RJ,330001,3301,361.572,58530
3302809,Mendes,RJ,330004,3302,95.324,58556
3302858,Mesquita,RJ,330001,3301,41.169,58467
3302908,Miguel Pereira,RJ,330006,3302,287.933,58572
3303005,Miracema,RJ,330012,3304,303.27,58599
3303104,Natividade,RJ,330011,3304,387.073,58610
3303203,Nilópolis,RJ,330001,3301,19.393,58637
3303302,Niterói,RJ,330001,3301,133.757,58653
3303401,Nova Friburgo,RJ,330008,3303,935.429,58670
3303500,Nova Iguaçu,RJ,330001,3301,520.581,58696
3303609,Paracambi,RJ,330001,3301,190.949,58718
3303708,Paraíba do Sul,RJ,330009,3303,571.118,58734
3303807,Paraty,RJ,330002,3301,924.295,58750
3303856,Paty do Alferes,RJ,330006,3302,314.341,59315
3303906,Petrópolis,RJ,330007,3303,791.144,58777
3303955,Pinheiral,RJ,330004,3302,82.254,58246
3304003,Piraí,RJ,330004,3302,490.255,58793
3304102,Porciúncula,RJ,330011,3304,291.847,58815
3304110,Porto Real,RJ,330005,3302,50.892,58327
3304128,Quatis,RJ,330005,3302,284.826,58025
3304144,Queimados,RJ,330001,3301,75.927,58122
3304151,Quissamã,RJ,330014,3305,719.643,58009
3304201,Resende,RJ,330005,3302,1099.336,58831
3304300,Rio Bonito,RJ,330003,3301,459.458,58858
3304409,Rio Claro,RJ,330004,3302,846.797,58874
3304508,Rio das Flores,RJ,330006,3302,478.783,58890
3304524,Rio das Ostras,RJ,330014,3305,228.044,58203
3304557,Rio de Janeiro,RJ,330001,3301,1200.329,60011
3304607,Santa Maria Madalena,RJ,330008,3303,810.962,58912
3304706,Santo Antônio de Pádua,RJ,330012,3304,603.633,58939
3304755,São Francisco de Itabapoana,RJ,330010,3304,1118.037,58289
3304805,São Fidélis,RJ,330010,3304,1034.833,58955
3304904,São Gonçalo,RJ,330001,3301,248.159,58971
3305000,São João da Barra,RJ,330010,3304,452.396,58998
3305109,São João de Meriti,RJ,330001,3301,35.216,59013
3305133,São José de Ubá,RJ,330011,3304,249.688,58343
3305158,São José do Vale do Rio Preto,RJ,330007,3303,220.178,59331
3305208,São Pedro da Aldeia,RJ,330013,3305,332.488,59030
3305307,São Sebastião do Alto,RJ,330008,3303,397.214,59056
3305406,Sapucaia,RJ,330009,3303,540.673,59072
3305505,Saquarema,RJ,330001,3301,352.129,59099
3305554,Seropédica,RJ,330001,3301,265.189,58424
3305604,Silva Jardim,RJ,330003,3301,937.755,59110
3305703,Sumidouro,RJ,330008,3303,413.407,59137
3305752,Tanguá,RJ,330001,3301,143.007,58360
3305802,Teresópolis,RJ,330007,3303,773.338,59153
3305901,Trajano de Moraes,RJ,330008,3303,591.152,59170
3306008,Três Rios,RJ,330009,3303,322.843,59196
3306107,Valença,RJ,330006,3302,1300.767,59218
3306156,Varre-Sai,RJ,330011,3304,201.938,58084
3306206,Vassouras,RJ,330006,3302,536.073,59234
3306305,Volta Redonda,RJ,330004,3302,182.105,59250
3500105,Adamantina,SP,350019,3505,411.987,61018
3500204,Adolfo,SP,350025,3507,211.055,61034
3500303,Aguaí,SP,350044,3510,474.554,61050
3500402,Águas da Prata,SP,350044,3510,142.673,61077
3500501,Águas de Lindóia,SP,350048,3510,59.872,61093
3500550,Águas de Santa Bárbara,SP,350007,3502,404.463,70190
3500600,Águas de São Pedro,SP,350040,3510,3.38,61115
3500709,Agudos,SP,350009,3503,966.708,61131
3500758,Alambari,SP,350006,3502,159.6,61581
3500808,Alfredo Marcondes,SP,350018,3505,118.915,61158
3500907,Altair,SP,350025,3507,313.007,61174
3501004,Altinópolis,SP,350031,3508,928.956,61190
3501103,Alto Alegre,SP,350023,3506,318.574,61212
3501152,Alumínio,SP,350003,3502,83.619,61220
3501202,Álvares Florence,SP,350027,3507,362.411,61239
3501301,Álvares Machado,SP,350018,3505,347.647,61255
3501400,Álvaro de Carvalho,SP,350013,3504,153.662,61271
3501509,Alvinlândia,SP,350013,3504,84.879,61298
3501608,Americana,SP,350038,3510,133.912,61310
3501707,Américo Brasiliense,SP,350036,3509,122.958,61336
3501806,Américo de Campos,SP,350027,3507,252.876,61352
3501905,Amparo,SP,350048,3510,445.323,61379
3502002,Analândia,SP,350046,3510,325.953,61395
3502101,Andradina,SP,350024,3506,964.226,61417
3502200,Angatuba,SP,350006,3502,1028.104,61433
3502309,Anhembi,SP,350011,3503,736.09,61450
3502408,Anhumas,SP,350018,3505,320.84,61476
3502507,Aparecida,SP,350052,3511,120.89,61492
3502606,Aparecida d'Oeste,SP,350028,3507,179.004,61514
3502705,Apiaí,SP,350004,3502,974.322,61530
3502754,Araçariguama,SP,350003,3502,145.247,61263
3502804,Araçatuba,SP,350022,3506,1167.126,61557
3502903,Araçoiaba da Serra,SP,350003,3502,255.305,61573
3503000,Aramina,SP,350035,3508,202.829,61590
3503109,Arandu,SP,350007,3502,285.908,61611
3503158,Arapeí,SP,350053,3511,156.479,61646
3503208,Araraquara,SP,350036,3509,1003.626,61638
3503307,Araras,SP,350045,3510,644.805,61654
3503356,Arco-Íris,SP,350016,3504,264.904,62065
3503406,Arealva,SP,350009,3503,506.226,61670
3503505,Areias,SP,350053,3511,303.98,61697
3503604,Areiópolis,SP,350011,3503,85.907,61719
3503703,Ariranha,SP,350026,3507,132.624,61735
3503802,Artur Nogueira,SP,350038,3510,181.786,61751
3503901,Arujá,SP,350001,3501,96.369,61778
3503950,Aspásia,SP,350028,3507,69.373,61522
3504008,Assis,SP,350014,3504,460.609,61794
3504107,Atibaia,SP,350041,3510,478.52,61816
3504206,Auriflama,SP,350022,3506,434.117,61832
3504305,Avaí,SP,350009,3503,540.689,61859
3504404,Avanhandava,SP,350023,3506,338.37,61875
3504503,Avaré,SP,350007,3502,1213.055,61891
3504602,Bady Bassitt,SP,350025,3507,110.372,61913
3504701,Balbinos,SP,350009,3503,91.635,61930
3504800,Bálsamo,SP,350025,3507,149.881,61956
3504909,Bananal,SP,350053,3511,616.934,61972
3505005,Barão de Antonina,SP,350004,3502,153.142,62014
3505104,Barbosa,SP,350023,3506,205.212,61999
3505203,Bariri,SP,350010,3503,444.405,62030
3505302,Barra Bonita,SP,350010,3503,150.121,62057
3505351,Barra do Chapéu,SP,350004,3502,405.681,61360
3505401,Barra do Turvo,SP,350005,3502,1007.684,62073
3505500,Barretos,SP,350032,3508,1566.161,62090
3505609,Barrinha,SP,350031,3508,148.756,62111
3505708,Barueri,SP,350001,3501,66.364,62138
3505807,Bastos,SP,350016,3504,170.912,62154
3505906,Batatais,SP,350031,3508,849.526,62170
3506003,Bauru,SP,350009,3503,667.684,62197
3506102,Bebedouro,SP,350032,3508,683.192,62219
3506201,Bento de Abreu,SP,350022,3506,301.687,62235
3506300,Bernardino de Campos,SP,350015,3504,244.158,62251
3506359,Bertioga,SP,350002,3501,491.546,61280
3506409,Bilac,SP,350023,3506,158.025,62278
3506508,Birigui,SP,350023,3506,530.031,62294
3506607,Biritiba Mirim,SP,350001,3501,317.406,62316
3506706,Boa Esperança do Sul,SP,350036,3509,690.748,62332
3506805,Bocaina,SP,350010,3503,363.926,62359
3506904,Bofete,SP,350011,3503,654.546,62375
3507001,Boituva,SP,350003,3502,248.954,62391
3507100,Bom Jesus dos Perdões,SP,350041,3510,108.366,62413
3507159,Bom Sucesso de Itararé,SP,350004,3502,133.578,61786
3507209,Borá,SP,350014,3504,118.951,62430
3507308,Boracéia,SP,350010,3503,122.11,62456
3507407,Borborema,SP,350036,3509,552.256,62472
3507456,Borebi,SP,350009,3503,347.989,61026
3507506,Botucatu,SP,350011,3503,1481.772,62499
3507605,Bragança Paulista,SP,350041,3510,512.584,62510
3507704,Braúna,SP,350023,3506,195.176,62553
3507753,Brejo Alegre,SP,350023,3506,105.689,62081
3507803,Brodowski,SP,350031,3508,278.458,62570
3507902,Brotas,SP,350010,3503,1101.373,62596
3508009,Buri,SP,350004,3502,1196.463,62618
3508108,Buritama,SP,350023,3506,327.344,62634
3508207,Buritizal,SP,350035,3508,266.42,62650
3508306,Cabrália Paulista,SP,350009,3503,239.974,62677
3508405,Cabreúva,SP,350039,3510,260.234,62693
3508504,Caçapava,SP,350049,3511,369.558,62715
3508603,Cachoeira Paulista,SP,350053,3511,288.747,62731
3508702,Caconde,SP,350047,3510,468.998,62758
3508801,Cafelândia,SP,350012,3503,920.28,62774
3508900,Caiabu,SP,350018,3505,252.704,62790
3509007,Caieiras,SP,350001,3501,97.745,62812
3509106,Caiuá,SP,350021,3505,551.159,62839
3509205,Cajamar,SP,350001,3501,131.521,62855
3509254,Cajati,SP,350005,3502,454.489,61484
3509304,Cajobi,SP,350032,3508,176.929,62871
3509403,Cajuru,SP,350031,3508,660.088,62898
3509452,Campina do Monte Alegre,SP,350006,3502,184.479,61506
3509502,Campinas,SP,350038,3510,794.57,62910
3509601,Campo Limpo Paulista,SP,350039,3510,79.504,62936
3509700,Campos do Jordão,SP,350050,3511,289.981,62952
3509809,Campos Novos Paulista,SP,350013,3504,484.199,62979
3509908,Cananéia,SP,350005,3502,1237.354,62995
3509957,Canas,SP,350052,3511,53.261,62103
3510005,Cândido Mota,SP,350014,3504,595.811,63010
3510104,Cândido Rodrigues,SP,350036,3509,70.892,63037
3510153,Canitar,SP,350015,3504,57.459,61344
3510203,Capão Bonito,SP,350004,3502,1640.229,63053
3510302,Capela do Alto,SP,350003,3502,169.89,63070
3510401,Capivari,SP,350040,3510,322.878,63096
3510500,Caraguatatuba,SP,350051,3511,484.947,63118
3510609,Carapicuíba,SP,350001,3501,34.234,63134
3510708,Cardoso,SP,350027,3507,639.248,63150
3510807,Casa Branca,SP,350044,3510,864.225,63177
3510906,Cássia dos Coqueiros,SP,350031,3508,191.683,63193
3511003,Castilho,SP,350024,3506,1065.318,63215
3511102,Catanduva,SP,350026,3507,291.926,63231
3511201,Catiguá,SP,350026,3507,146.568,63258
3511300,Cedral,SP,350025,3507,197.099,63274
3511409,Cerqueira César,SP,350007,3502,511.621,63290
3511508,Cerquilho,SP,350003,3502,127.803,63312
3511607,Cesário Lange,SP,350008,3502,190.392,63339
3511706,Charqueada,SP,350040,3510,175.846,63355
3511904,Clementina,SP,350023,3506,168.59,63398
3512001,Colina,SP,350032,3508,422.303,63410
3512100,Colômbia,SP,350032,3508,728.648,63436
3512209,Conchal,SP,350045,3510,182.793,63452
3512308,Conchas,SP,350011,3503,467.327,63479
3512407,Cordeirópolis,SP,350042,3510,137.678,63495
3512506,Coroados,SP,350023,3506,246.826,63517
3512605,Coronel Macedo,SP,350007,3502,303.83,63533
3512704,Corumbataí,SP,350046,3510,278.622,63550
3512803,Cosmópolis,SP,350038,3510,151.645,63576
3512902,Cosmorama,SP,350027,3507,441.68,63592
3513009,Cotia,SP,350001,3501,324.0,63614
3513108,Cravinhos,SP,350031,3508,311.423,63630
3513207,Cristais Paulista,SP,350033,3508,385.23,63657
3513306,Cruzália,SP,350014,3504,149.33,63673
3513405,Cruzeiro,SP,350053,3511,305.669,63690
3513504,Cubatão,SP,350002,3501,143.649,63711
3513603,Cunha,SP,350052,3511,1407.098,63738
3513702,Descalvado,SP,350037,3509,753.926,63754
3513801,Diadema,SP,350001,3501,30.806,63770
3513850,Dirce Reis,SP,350028,3507,88.152,61123
3513900,Divinolândia,SP,350047,3510,223.749,63797
3514007,Dobrada,SP,350036,3509,149.729,63819
3514106,Dois Córregos,SP,350010,3503,632.972,63835
3514205,Dolcinópolis,SP,350028,3507,77.939,63851
3514304,Dourado,SP,350037,3509,205.874,63878
3514403,Dracena,SP,350020,3505,487.271,63894
3514502,Duartina,SP,350009,3503,264.557,63916
3514601,Dumont,SP,350031,3508,111.361,63932
3514700,Echaporã,SP,350013,3504,515.258,63959
3514809,Eldorado,SP,350005,3502,1654.256,63975
3514908,Elias Fausto,SP,350038,3510,202.36,63991
3514924,Elisiário,SP,350026,3507,93.314,61760
3514957,Embaúba,SP,350026,3507,83.129,61182
3515004,Embu das Artes,SP,350001,3501,70.264,64017
3515103,Embu-Guaçu,SP,350001,3501,155.285,64033
3515129,Emilianópolis,SP,350018,3505,225.177,61387
3515152,Engenheiro Coelho,SP,350042,3510,109.574,61689
3515186,Espírito Santo do Pinhal,SP,350044,3510,389.235,68659
3515194,Espírito Santo do Turvo,SP,350015,3504,193.666,61140
3515202,Estrela d'Oeste,SP,350029,3507,296.281,64050
3515301,Estrela do Norte,SP,350018,3505,264.987,64076
3515350,Euclides da Cunha Paulista,SP,350018,3505,571.169,61000
3515400,Fartura,SP,350017,3504,429.171,64092
3515509,Fernandópolis,SP,350029,3507,549.797,64114
3515608,Fernando Prestes,SP,350026,3507,169.99,64130
3515657,Fernão,SP,350013,3504,100.504,62286
3515707,Ferraz de Vasconcelos,SP,350001,3501,29.58,64157
3515806,Flora Rica,SP,350020,3505,224.619,64173
3515905,Floreal,SP,350027,3507,204.236,64190
3516002,Flórida Paulista,SP,350019,3505,524.138,64211
3516101,Florínea,SP,350014,3504,225.886,64238
3516200,Franca,SP,350033,3508,605.679,64254
3516309,Francisco Morato,SP,350001,3501,49.001,64270
3516408,Franco da Rocha,SP,350001,3501,132.775,64297
3516507,Gabriel Monteiro,SP,350023,3506,138.681,64319
3516606,Gália,SP,350013,3504,355.914,64335
3516705,Garça,SP,350013,3504,555.807,64351
3516804,Gastão Vidigal,SP,350022,3506,180.569,64378
3516853,Gavião Peixoto,SP,350036,3509,243.766,62308
3516903,General Salgado,SP,350022,3506,493.88,64394
3517000,Getulina,SP,350013,3504,676.755,64416
3517109,Glicério,SP,350023,3506,272.8,64432
3517208,Guaiçara,SP,350012,3503,277.154,64459
3517307,Guaimbê,SP,350013,3504,217.811,64475
3517406,Guaíra,SP,350032,3508,1258.465,64491
3517505,Guapiaçu,SP,350025,3507,324.752,64513
3517604,Guapiara,SP,350004,3502,408.292,64530
3517703,Guará,SP,350035,3508,362.183,64556
3517802,Guaraçaí,SP,350024,3506,569.222,64572
3517901,Guaraci,SP,350032,3508,641.501,64599
3518008,Guarani d'Oeste,SP,350029,3507,85.7,64610
3518107,Guarantã,SP,350012,3503,461.746,64637
3518206,Guararapes,SP,350022,3506,955.637,64653
3518305,Guararema,SP,350001,3501,270.816,64670
3518404,Guaratinguetá,SP,350052,3511,752.636,64696
3518503,Guareí,SP,350006,3502,567.719,64718
3518602,Guariba,SP,350031,3508,270.408,64734
3518701,Guarujá,SP,350002,3501,144.794,64750
3518800,Guarulhos,SP,350001,3501,318.838,64777
3518859,Guatapará,SP,350031,3508,413.653,61107
3518909,Guzolândia,SP,350022,3506,252.722,64793
3519006,Herculândia,SP,350016,3504,364.252,64815
3519055,Holambra,SP,350038,3510,65.337,61743
3519071,Hortolândia,SP,350038,3510,62.416,61727
3519105,Iacanga,SP,350009,3503,547.393,64831
3519204,Iacri,SP,350016,3504,321.948,64858
3519253,Iaras,SP,350007,3502,401.381,61085
3519303,Ibaté,SP,350037,3509,290.977,64874
3519402,Ibirá,SP,350025,3507,268.9,64890
3519501,Ibirarema,SP,350015,3504,228.23,64912
3519600,Ibitinga,SP,350036,3509,689.391,64939
3519709,Ibiúna,SP,350003,3502,1058.01,64955
3519808,Icém,SP,350025,3507,362.355,64971
3519907,Iepê,SP,350018,3505,594.985,64998
3520004,Igaraçu do Tietê,SP,350010,3503,97.747,65013
3520103,Igarapava,SP,350035,3508,468.355,65030
3520202,Igaratá,SP,350049,3511,293.002,65056
3520301,Iguape,SP,350005,3502,1978.329,65072
3520400,Ilhabela,SP,350051,3511,346.389,65099
3520426,Ilha Comprida,SP,350005,3502,196.567,62006
3520442,Ilha Solteira,SP,350024,3506,652.641,61204
3520509,Indaiatuba,SP,350038,3510,311.545,65110
3520608,Indiana,SP,350018,3505,129.019,65137
3520707,Indiaporã,SP,350029,3507,279.606,65153
3520806,Inúbia Paulista,SP,350019,3505,87.119,65170
3520905,Ipaussu,SP,350015,3504,209.554,65196
3521002,Iperó,SP,350003,3502,170.289,65218
3521101,Ipeúna,SP,350046,3510,190.01,65234
3521150,Ipiguá,SP,350025,3507,136.028,62243
3521200,Iporanga,SP,350005,3502,1152.059,65250
3521309,Ipuã,SP,350034,3508,466.461,65277
3521408,Iracemápolis,SP,350042,3510,115.31,65293
3521507,Irapuã,SP,350025,3507,257.611,65315
3521606,Irapuru,SP,350020,3505,214.078,65331
3521705,Itaberá,SP,350004,3502,1100.247,65358
3521804,Itaí,SP,350007,3502,1092.884,65374
3521903,Itajobi,SP,350026,3507,502.066,65390
3522000,Itaju,SP,350010,3503,230.355,65412
3522109,Itanhaém,SP,350002,3501,601.018,65439
3522158,Itaoca,SP,350004,3502,183.015,61603
3522208,Itapecerica da Serra,SP,350001,3501,151.012,65455
3522307,Itapetininga,SP,350006,3502,1789.35,65471
3522406,Itapeva,SP,350004,3502,1826.258,65498
3522505,Itapevi,SP,350001,3501,82.583,65510
3522604,Itapira,SP,350043,3510,518.431,65536
3522653,Itapirapuã Paulista,SP,350004,3502,406.478,61948
3522703,Itápolis,SP,350036,3509,996.747,65552
3522802,Itaporanga,SP,350004,3502,507.997,65579
3522901,Itapuí,SP,350010,3503,140.023,65595
3523008,Itapura,SP,350024,3506,301.653,65617
3523107,Itaquaquecetuba,SP,350001,3501,82.575,65633
3523206,Itararé,SP,350004,3502,1003.86,65650
3523305,Itariri,SP,350002,3501,273.956,65676
3523404,Itatiba,SP,350039,3510,322.253,65692
3523503,Itatinga,SP,350011,3503,979.526,65714
3523602,Itirapina,SP,350037,3509,564.603,65730
3523701,Itirapuã,SP,350033,3508,161.118,65757
3523800,Itobi,SP,350047,3510,138.986,65773
3523909,Itu,SP,350003,3502,640.719,65790
3524006,Itupeva,SP,350039,3510,201.214,65811
3524105,Ituverava,SP,350035,3508,704.659,65838
3524204,Jaborandi,SP,350032,3508,273.438,65854
3524303,Jaboticabal,SP,350031,3508,706.722,65870
3524402,Jacareí,SP,350049,3511,464.252,65897
3524501,Jaci,SP,350025,3507,145.133,65919
3524600,Jacupiranga,SP,350005,3502,704.136,65935
3524709,Jaguariúna,SP,350038,3510,141.391,65951
3524808,Jales,SP,350028,3507,368.574,65978
3524907,Jambeiro,SP,350049,3511,184.413,65994
3525003,Jandira,SP,350001,3501,17.122,66010
3525102,Jardinópolis,SP,350031,3508,501.87,66036
3525201,Jarinu,SP,350039,3510,207.549,66052
3525300,Jaú,SP,350010,3503,687.103,66079
3525409,Jeriquara,SP,350033,3508,141.971,66095
3525508,Joanópolis,SP,350041,3510,374.346,66117
3525607,João Ramalho,SP,350018,3505,415.452,66133
3525706,José Bonifácio,SP,350025,3507,860.2,66150
3525805,Júlio Mesquita,SP,350013,3504,128.183,66176
3525854,Jumirim,SP,350003,3502,56.685,62324
3525904,Jundiaí,SP,350039,3510,431.162,66192
3526001,Junqueirópolis,SP,350020,3505,583.273,66214
3526100,Juquiá,SP,350005,3502,812.799,66230
3526209,Juquitiba,SP,350001,3501,523.074,66257
3526308,Lagoinha,SP,350050,3511,254.454,66273
3526407,Laranjal Paulista,SP,350040,3510,384.274,66290
3526506,Lavínia,SP,350024,3506,537.675,66311
3526605,Lavrinhas,SP,350053,3511,166.948,66338
3526704,Leme,SP,350045,3510,402.871,66354
3526803,Lençóis Paulista,SP,350009,3503,809.541,66370
3526902,Limeira,SP,350042,3510,580.577,66397
3527009,Lindóia,SP,350048,3510,48.321,66419
3527108,Lins,SP,350012,3503,570.058,66435
3527207,Lorena,SP,350052,3511,414.16,66451
3527256,Lourdes,SP,350023,3506,113.808,62022
3527306,Louveira,SP,350039,3510,55.989,66478
3527405,Lucélia,SP,350019,3505,314.81,66494
3527504,Lucianópolis,SP,350009,3503,189.536,66516
3527603,Luís Antônio,SP,350031,3508,598.257,66532
3527702,Luiziânia,SP,350023,3506,166.576,66559
3527801,Lupércio,SP,350013,3504,155.171,66575
3527900,Lutécia,SP,350014,3504,475.226,66591
3528007,Macatuba,SP,350009,3503,224.514,66613
3528106,Macaubal,SP,350025,3507,248.087,66630
3528205,Macedônia,SP,350029,3507,327.567,66656
3528304,Magda,SP,350022,3506,312.282,66672
3528403,Mairinque,SP,350003,3502,210.149,66699
3528502,Mairiporã,SP,350001,3501,320.492,66710
3528601,Manduri,SP,350007,3502,229.046,66737
3528700,Marabá Paulista,SP,350021,3505,919.519,66753
3528809,Maracaí,SP,350014,3504,533.498,66770
3528858,Marapoama,SP,350026,3507,111.267,61867
3528908,Mariápolis,SP,350019,3505,186.432,66796
3529005,Marília,SP,350013,3504,1170.515,66818
3529104,Marinópolis,SP,350028,3507,77.827,66834
3529203,Martinópolis,SP,350018,3505,1251.492,66850
3529302,Matão,SP,350036,3509,524.899,66877
3529401,Mauá,SP,350001,3501,62.034,66893
3529500,Mendonça,SP,350025,3507,195.151,66915
3529609,Meridiano,SP,350029,3507,228.199,66931
3529658,Mesópolis,SP,350028,3507,148.636,61964
3529708,Miguelópolis,SP,350035,3508,820.849,66958
3529807,Mineiros do Tietê,SP,350010,3503,213.242,66974
3529906,Miracatu,SP,350005,3502,1002.2,66990
3530003,Mira Estrela,SP,350029,3507,216.825,67016
3530102,Mirandópolis,SP,350024,3506,917.692,67032
3530201,Mirante do Paranapanema,SP,350018,3505,1238.931,67059
3530300,Mirassol,SP,350025,3507,243.228,67075
3530409,Mirassolândia,SP,350025,3507,166.125,67091
3530508,Mococa,SP,350047,3510,855.701,67113
3530607,Mogi das Cruzes,SP,350001,3501,712.532,67130
3530706,Mogi Guaçu,SP,350043,3510,812.753,67156
3530805,Mogi Mirim,SP,350043,3510,497.709,67172
3530904,Mombuca,SP,350040,3510,133.698,67199
3531001,Monções,SP,350022,3506,104.352,67210
3531100,Mongaguá,SP,350002,3501,142.521,67237
3531209,Monte Alegre do Sul,SP,350048,3510,110.308,67253
3531308,Monte Alto,SP,350031,3508,346.95,67270
3531407,Monte Aprazível,SP,350025,3507,495.559,67296
3531506,Monte Azul Paulista,SP,350032,3508,263.463,67318
3531605,Monte Castelo,SP,350020,3505,233.289,67334
3531704,Monteiro Lobato,SP,350049,3511,332.408,67350
3531803,Monte Mor,SP,350038,3510,240.566,67377
3531902,Morro Agudo,SP,350034,3508,1388.127,67393
3532009,Morungaba,SP,350039,3510,146.752,67415
3532058,Motuca,SP,350036,3509,228.651,61069
3532108,Murutinga do Sul,SP,350024,3506,250.873,67431
3532157,Nantes,SP,350018,3505,286.444,62340
3532207,Narandiba,SP,350018,3505,357.325,67458
3532306,Natividade da Serra,SP,350050,3511,834.281,67474
3532405,Nazaré Paulista,SP,350041,3510,326.392,67490
3532504,Neves Paulista,SP,350025,3507,219.05,67512
3532603,Nhandeara,SP,350027,3507,436.159,67539
3532702,Nipoã,SP,350025,3507,137.609,67555
3532801,Nova Aliança,SP,350025,3507,217.515,67571
3532827,Nova Campina,SP,350004,3502,385.375,61980
3532843,Nova Canaã Paulista,SP,350030,3507,124.473,61425
3532868,Nova Castilho,SP,350022,3506,183.396,62367
3532900,Nova Europa,SP,350036,3509,160.25,67598
3533007,Nova Granada,SP,350025,3507,531.796,67610
3533106,Nova Guataporanga,SP,350020,3505,34.675,67636
3533205,Nova Independência,SP,350024,3506,265.028,67652
3533254,Novais,SP,350026,3507,117.772,61409
3533304,Nova Luzitânia,SP,350022,3506,73.69,67679
3533403,Nova Odessa,SP,350038,3510,73.788,67695
3533502,Novo Horizonte,SP,350025,3507,931.743,67717
3533601,Nuporanga,SP,350034,3508,348.265,67733
3533700,Ocauçu,SP,350013,3504,301.036,67750
3533809,Óleo,SP,350007,3502,198.938,67776
3533908,Olímpia,SP,350032,3508,802.393,67792
3534005,Onda Verde,SP,350025,3507,242.946,67814
3534104,Oriente,SP,350013,3504,218.668,67830
3534203,Orindiúva,SP,350025,3507,247.378,67857
3534302,Orlândia,SP,350034,3508,291.765,67873
3534401,Osasco,SP,350001,3501,64.999,67890
3534500,Oscar Bressane,SP,350013,3504,222.13,67911
3534609,Osvaldo Cruz,SP,350019,3505,248.038,67938
3534708,Ourinhos,SP,350015,3504,295.818,67954
3534757,Ouroeste,SP,350029,3507,288.648,62383
3534807,Ouro Verde,SP,350020,3505,266.778,67970
3534906,Pacaembu,SP,350019,3505,339.375,67997
3535002,Palestina,SP,350025,3507,697.701,68012
3535101,Palmares Paulista,SP,350026,3507,82.125,68039
3535200,Palmeira d'Oeste,SP,350028,3507,318.696,68055
3535309,Palmital,SP,350014,3504,548.407,68071
3535408,Panorama,SP,350020,3505,356.05,68098
3535507,Paraguaçu Paulista,SP,350014,3504,1001.492,68110
3535606,Paraibuna,SP,350049,3511,809.576,68136
3535705,Paraíso,SP,350026,3507,155.186,68152
3535804,Paranapanema,SP,350007,3502,1018.724,68179
3535903,Paranapuã,SP,350028,3507,140.354,68195
3536000,Parapuã,SP,350016,3504,366.676,68217
3536109,Pardinho,SP,350011,3503,208.223,68233
3536208,Pariquera-Açu,SP,350005,3502,359.414,68250
3536257,Parisi,SP,350027,3507,84.737,61824
3536307,Patrocínio Paulista,SP,350033,3508,602.848,68276
3536406,Paulicéia,SP,350020,3505,374.091,68292
3536505,Paulínia,SP,350038,3510,138.777,68314
3536570,Paulistânia,SP,350009,3503,256.178,62405
3536604,Paulo de Faria,SP,350025,3507,737.986,68330
3536703,Pederneiras,SP,350009,3503,727.482,68357
3536802,Pedra Bela,SP,350041,3510,158.588,68373
3536901,Pedranópolis,SP,350029,3507,260.101,68390
3537008,Pedregulho,SP,350033,3508,712.604,68411
3537107,Pedreira,SP,350038,3510,108.817,68438
3537156,Pedrinhas Paulista,SP,350014,3504,152.309,61247
3537206,Pedro de Toledo,SP,350002,3501,672.83,68454
3537305,Penápolis,SP,350023,3506,711.315,68470
3537404,Pereira Barreto,SP,350024,3506,974.248,68497
3537503,Pereiras,SP,350008,3502,223.136,68519
3537602,Peruíbe,SP,350002,3501,323.331,68535
3537701,Piacatu,SP,350023,3506,232.488,68551
3537800,Piedade,SP,350003,3502,746.903,68578
3537909,Pilar do Sul,SP,350003,3502,681.248,68594
3538006,Pindamonhangaba,SP,350050,3511,731.356,68616
3538105,Pindorama,SP,350026,3507,184.825,68632
3538204,Pinhalzinho,SP,350041,3510,154.529,68675
3538303,Piquerobi,SP,350021,3505,482.769,68691
3538501,Piquete,SP,350052,3511,175.996,68713
3538600,Piracaia,SP,350041,3510,385.64,68730
3538709,Piracicaba,SP,350040,3510,1377.173,68756
3538808,Piraju,SP,350017,3504,504.591,68772
3538907,Pirajuí,SP,350009,3503,823.758,68799
3539004,Pirangi,SP,350026,3507,215.809,68810
3539103,Pirapora do Bom Jesus,SP,350001,3501,108.304,68837
3539202,Pirapozinho,SP,350018,3505,477.673,68853
3539301,Pirassununga,SP,350037,3509,727.714,68870
3539400,Piratininga,SP,350009,3503,402.409,68896
3539509,Pitangueiras,SP,350031,3508,430.638,68918
3539608,Planalto,SP,350025,3507,289.825,68934
3539707,Platina,SP,350014,3504,327.48,68950
3539806,Poá,SP,350001,3501,17.264,68977
3539905,Poloni,SP,350025,3507,135.119,68993
3540002,Pompéia,SP,350013,3504,784.674,69019
3540101,Pongaí,SP,350012,3503,183.399,69035
3540200,Pontal,SP,350031,3508,356.371,69051
3540259,Pontalinda,SP,350028,3507,209.504,61808
3540309,Pontes Gestal,SP,350027,3507,217.505,69078
3540408,Populina,SP,350028,3507,315.938,69094
3540507,Porangaba,SP,350008,3502,265.968,69116
3540606,Porto Feliz,SP,350003,3502,556.706,69132
3540705,Porto Ferreira,SP,350037,3509,245.327,69159
3540754,Potim,SP,350052,3511,44.644,61565
3540804,Potirendaba,SP,350025,3507,342.492,69175
3540853,Pracinha,SP,350019,3505,63.141,62120
3540903,Pradópolis,SP,350031,3508,164.386,69191
3541000,Praia Grande,SP,350002,3501,149.652,69213
3541059,Pratânia,SP,350011,3503,175.1,62146
3541109,Presidente Alves,SP,350009,3503,286.642,69230
3541208,Presidente Bernardes,SP,350018,3505,749.234,69256
3541307,Presidente Epitácio,SP,350021,3505,1260.281,69272
3541406,Presidente Prudente,SP,350018,3505,560.637,69299
3541505,Presidente Venceslau,SP,350021,3505,755.203,69310
3541604,Promissão,SP,350012,3503,779.2,69337
3541653,Quadra,SP,350008,3502,205.672,62162
3541703,Quatá,SP,350018,3505,651.341,69353
3541802,Queiroz,SP,350016,3504,234.914,69370
3541901,Queluz,SP,350053,3511,249.356,69396
3542008,Quintana,SP,350013,3504,318.937,69418
3542107,Rafard,SP,350040,3510,121.645,69434
3542206,Rancharia,SP,350018,3505,1591.148,69450
3542305,Redenção da Serra,SP,350050,3511,309.322,69477
3542404,Regente Feijó,SP,350018,3505,263.426,69493
3542503,Reginópolis,SP,350009,3503,410.406,69515
3542602,Registro,SP,350005,3502,722.201,69531
3542701,Restinga,SP,350033,3508,245.746,69558
3542800,Ribeira,SP,350004,3502,335.759,69574
3542909,Ribeirão Bonito,SP,350037,3509,471.553,69590
3543006,Ribeirão Branco,SP,350004,3502,697.5,69612
3543105,Ribeirão Corrente,SP,350033,3508,148.332,69639
3543204,Ribeirão do Sul,SP,350015,3504,203.208,69655
3543238,Ribeirão dos Índios,SP,350018,3505,196.467,62421
3543253,Ribeirão Grande,SP,350004,3502,333.363,61700
3543303,Ribeirão Pires,SP,350001,3501,98.972,69671
3543402,Ribeirão Preto,SP,350031,3508,650.916,69698
3543501,Riversul,SP,350004,3502,385.878,69710
3543600,Rifaina,SP,350033,3508,162.508,69736
3543709,Rincão,SP,350036,3509,316.639,69752
3543808,Rinópolis,SP,350016,3504,358.481,69779
3543907,Rio Claro,SP,350046,3510,498.403,69795
3544004,Rio das Pedras,SP,350040,3510,226.729,69817
3544103,Rio Grande da Serra,SP,350001,3501,36.341,69833
3544202,Riolândia,SP,350027,3507,631.897,69850
3544251,Rosana,SP,350018,3505,742.762,61166
3544301,Roseira,SP,350052,3511,129.847,69876
3544400,Rubiácea,SP,350022,3506,236.484,69892
3544509,Rubinéia,SP,350030,3507,242.877,69914
3544608,Sabino,SP,350012,3503,305.285,69930
3544707,Sagres,SP,350019,3505,147.923,69957
3544806,Sales,SP,350025,3507,308.555,69973
3544905,Sales Oliveira,SP,350034,3508,305.776,69990
3545001,Salesópolis,SP,350001,3501,424.997,70017
3545100,Salmourão,SP,350019,3505,172.934,70033
3545159,Saltinho,SP,350040,3510,99.924,61441
3545209,Salto,SP,350003,3502,133.057,70050
3545308,Salto de Pirapora,SP,350003,3502,280.412,70076
3545407,Salto Grande,SP,350015,3504,188.441,70092
3545506,Sandovalina,SP,350018,3505,455.856,70114
3545605,Santa Adélia,SP,350026,3507,330.269,70130
3545704,Santa Albertina,SP,350028,3507,272.692,70157
3545803,Santa Bárbara d'Oeste,SP,350038,3510,271.03,70173
3546009,Santa Branca,SP,350049,3511,272.238,70211
3546108,Santa Clara d'Oeste,SP,350030,3507,183.458,70238
3546207,Santa Cruz da Conceição,SP,350045,3510,150.13,70254
3546256,Santa Cruz da Esperança,SP,350031,3508,148.062,62189
3546306,Santa Cruz das Palmeiras,SP,350044,3510,295.33,70270
3546405,Santa Cruz do Rio Pardo,SP,350015,3504,1114.747,70297
3546504,Santa Ernestina,SP,350031,3508,134.421,70319
3546603,Santa Fé do Sul,SP,350030,3507,206.537,70335
3546702,Santa Gertrudes,SP,350046,3510,98.045,70351
3546801,Santa Isabel,SP,350001,3501,362.875,70378
3546900,Santa Lúcia,SP,350036,3509,153.86,70394
3547007,Santa Maria da Serra,SP,350040,3510,252.621,70416
3547106,Santa Mercedes,SP,350020,3505,166.884,70432
3547205,Santana da Ponte Pensa,SP,350030,3507,129.888,70459
3547304,Santana de Parnaíba,SP,350001,3501,179.89,70475
3547403,Santa Rita d'Oeste,SP,350030,3507,209.8,70491
3547502,Santa Rita do Passa Quatro,SP,350037,3509,752.911,70513
3547601,Santa Rosa de Viterbo,SP,350031,3508,288.576,70530
3547650,Santa Salete,SP,350028,3507,79.192,62200
3547700,Santo Anastácio,SP,350018,3505,552.876,70556
3547809,Santo André,SP,350001,3501,175.801,70572
3547908,Santo Antônio da Alegria,SP,350031,3508,310.311,70599
3548005,Santo Antônio de Posse,SP,350038,3510,154.133,70610
3548054,Santo Antônio do Aracanguá,SP,350022,3506,1308.889,61328
3548104,Santo Antônio do Jardim,SP,350044,3510,109.956,70637
3548203,Santo Antônio do Pinhal,SP,350050,3511,132.966,70653
3548302,Santo Expedito,SP,350018,3505,94.465,70670
3548401,Santópolis do Aguapeí,SP,350023,3506,128.026,70696
3548500,Santos,SP,350002,3501,281.033,70718
3548609,São Bento do Sapucaí,SP,350050,3511,252.579,70734
3548708,São Bernardo do Campo,SP,350001,3501,408.234,70750
3548807,São Caetano do Sul,SP,350001,3501,15.421,70777
3548906,São Carlos,SP,350037,3509,1136.907,70793
3549003,São Francisco,SP,350028,3507,75.579,70815
3549102,São João da Boa Vista,SP,350044,3510,516.399,70831
3549201,São João das Duas Pontes,SP,350029,3507,129.462,70858
3549250,São João de Iracema,SP,350029,3507,178.396,61883
3549300,São João do Pau d'Alho,SP,350020,3505,117.514,70874
3549409,São Joaquim da Barra,SP,350034,3508,410.863,70890
3549508,São José da Bela Vista,SP,350033,3508,276.952,70912
3549607,São José do Barreiro,SP,350053,3511,570.604,70939
3549706,São José do Rio Pardo,SP,350047,3510,419.729,70955
3549805,São José do Rio Preto,SP,350025,3507,431.944,70971
3549904,São José dos Campos,SP,350049,3511,1099.494,70998
3549953,São Lourenço da Serra,SP,350001,3501,186.353,61905
3550001,São Luiz do Paraitinga,SP,350050,3511,618.126,71013
3550100,São Manuel,SP,350011,3503,650.734,71030
3550209,São Miguel Arcanjo,SP,350006,3502,930.339,71056
3550308,São Paulo,SP,350001,3501,1522.683,71072
3550407,São Pedro,SP,350040,3510,611.51,71099
3550506,São Pedro do Turvo,SP,350015,3504,731.221,71110
3550605,São Roque,SP,350003,3502,306.899,71137
3550704,São Sebastião,SP,350051,3511,402.395,71153
3550803,São Sebastião da Grama,SP,350047,3510,252.41,71170
3550902,São Simão,SP,350031,3508,617.252,71196
3551009,São Vicente,SP,350002,3501,147.774,71218
3551108,Sarapuí,SP,350003,3502,352.592,71234
3551207,Sarutaiá,SP,350017,3504,141.608,71250
3551306,Sebastianópolis do Sul,SP,350027,3507,167.848,71277
3551405,Serra Azul,SP,350031,3508,283.144,71293
3551504,Serrana,SP,350031,3508,126.046,71315
3551603,Serra Negra,SP,350048,3510,204.542,71331
3551702,Sertãozinho,SP,350031,3508,403.089,71358
3551801,Sete Barras,SP,350005,3502,1062.699,71374
3551900,Severínia,SP,350032,3508,140.46,71390
3552007,Silveiras,SP,350053,3511,415.038,71412
3552106,Socorro,SP,350041,3510,448.894,71439
3552205,Sorocaba,SP,350003,3502,449.872,71455
3552304,Sud Mennucci,SP,350024,3506,594.543,71471
3552403,Sumaré,SP,350038,3510,153.465,71498
3552502,Suzano,SP,350001,3501,206.236,71510
3552551,Suzanápolis,SP,350028,3507,330.587,61301
3552601,Tabapuã,SP,350026,3507,346.692,71536
3552700,Tabatinga,SP,350036,3509,368.604,71552
3552809,Taboão da Serra,SP,350001,3501,20.371,71579
3552908,Taciba,SP,350018,3505,606.755,71595
3553005,Taguaí,SP,350007,3502,145.332,71617
3553104,Taiaçu,SP,350032,3508,107.059,71633
3553203,Taiúva,SP,350032,3508,132.459,71650
3553302,Tambaú,SP,350044,3510,561.788,71676
3553401,Tanabi,SP,350025,3507,747.218,71692
3553500,Tapiraí,SP,350003,3502,754.421,71714
3553609,Tapiratiba,SP,350047,3510,220.518,71730
3553658,Taquaral,SP,350032,3508,53.892,62260
3553708,Taquaritinga,SP,350036,3509,594.335,71757
3553807,Taquarituba,SP,350007,3502,448.515,71773
3553856,Taquarivaí,SP,350004,3502,231.792,61840
3553906,Tarabai,SP,350018,3505,201.385,71790
3553955,Tarumã,SP,350014,3504,302.913,61042
3554003,Tatuí,SP,350008,3502,523.749,71811
3554102,Taubaté,SP,350050,3511,624.924,71838
3554201,Tejupá,SP,350017,3504,296.189,71854
3554300,Teodoro Sampaio,SP,350018,3505,1559.776,71870
3554409,Terra Roxa,SP,350032,3508,221.54,71897
3554508,Tietê,SP,350003,3502,405.034,71919
3554607,Timburi,SP,350017,3504,196.79,71935
3554656,Torre de Pedra,SP,350008,3502,71.506,62049
3554706,Torrinha,SP,350010,3503,315.267,71951
3554755,Trabiju,SP,350036,3509,63.421,62448
3554805,Tremembé,SP,350050,3511,190.93,71978
3554904,Três Fronteiras,SP,350030,3507,151.594,71994
3554953,Tuiuti,SP,350041,3510,126.731,61620
3555000,Tupã,SP,350016,3504,627.986,72010
3555109,Tupi Paulista,SP,350020,3505,244.663,72036
3555208,Turiúba,SP,350023,3506,153.492,72052
3555307,Turmalina,SP,350028,3507,147.797,72079
3555356,Ubarana,SP,350025,3507,209.861,61468
3555406,Ubatuba,SP,350051,3511,708.246,72095
3555505,Ubirajara,SP,350009,3503,282.179,72117
3555604,Uchoa,SP,350025,3507,256.982,72133
3555703,União Paulista,SP,350025,3507,79.056,72150
3555802,Urânia,SP,350028,3507,209.262,72176
3555901,Uru,SP,350012,3503,146.901,72192
3556008,Urupês,SP,350025,3507,323.916,72214
3556107,Valentim Gentil,SP,350027,3507,149.741,72230
3556206,Valinhos,SP,350038,3510,148.72,72257
3556305,Valparaíso,SP,350022,3506,857.661,72273
3556354,Vargem,SP,350041,3510,142.595,61549
3556404,Vargem Grande do Sul,SP,350044,3510,267.178,72311
3556453,Vargem Grande Paulista,SP,350001,3501,42.489,72737
3556503,Várzea Paulista,SP,350039,3510,35.048,72338
3556602,Vera Cruz,SP,350013,3504,247.716,72354
3556701,Vinhedo,SP,350038,3510,80.208,72370
3556800,Viradouro,SP,350032,3508,217.726,72397
3556909,Vista Alegre do Alto,SP,350026,3507,95.429,72419
3556958,Vitória Brasil,SP,350028,3507,49.832,62227
3557006,Votorantim,SP,350003,3502,184.186,72435
3557105,Votuporanga,SP,350027,3507,420.703,72451
3557154,Zacarias,SP,350023,3506,319.056,61921
3557204,Chavantes,SP,350015,3504,188.727,63371
3557303,Estiva Gerbi,SP,350043,3510,74.144,61662
4100103,Abatiá,PR,410022,4105,227.923,74012
4100202,Adrianópolis,PR,410001,4101,1343.898,74039
4100301,Agudos do Sul,PR,410001,4101,191.336,74055
4100400,Almirante Tamandaré,PR,410001,4101,193.736,74071
4100459,Altamira do Paraná,PR,410015,4104,386.952,84557
4100509,Altônia,PR,410016,4104,663.955,79510
4100608,Alto Paraná,PR,410017,4104,409.014,74098
4100707,Alto Piquiri,PR,410016,4104,448.373,74110
4100806,Alvorada do Sul,PR,410021,4105,424.25,74136
4100905,Amaporã,PR,410017,4104,384.91,74152
4101002,Ampére,PR,410009,4103,297.174,74179
4101051,Anahy,PR,410006,4103,104.09,74101
4101101,Andirá,PR,410022,4105,234.635,74195
4101150,Ângulo,PR,410014,4104,106.021,74128
4101200,Antonina,PR,410002,4101,890.065,74217
4101309,Antônio Olinto,PR,410003,4101,463.694,74233
4101408,Apucarana,PR,410023,4105,556.771,74250
4101507,Arapongas,PR,410021,4105,383.37,74276
4101606,Arapoti,PR,410027,4106,1363.843,74292
4101655,Arapuã,PR,410025,4105,217.599,75108
4101705,Araruna,PR,410015,4104,492.521,74314
4101804,Araucária,PR,410001,4101,469.549,74357
4101853,Ariranha do Ivaí,PR,410025,4105,236.039,75086
4101903,Assaí,PR,410021,4105,440.347,74373
4102000,Assis Chateaubriand,PR,410008,4103,980.816,79537
4102109,Astorga,PR,410014,4104,435.21,74390
4102208,Atalaia,PR,410014,4104,137.075,74411
4102307,Balsa Nova,PR,410001,4101,347.588,74438
4102406,Bandeirantes,PR,410024,4105,445.192,74454
4102505,Barbosa Ferraz,PR,410015,4104,536.101,74470
4102604,Barracão,PR,410009,4103,161.806,74497
4102703,Barra do Jacaré,PR,410022,4105,115.855,74519
4102752,Bela Vista da Caroba,PR,410009,4103,148.859,75124
4102802,Bela Vista do Paraíso,PR,410021,4105,246.225,74535
4102901,Bituruna,PR,410003,4101,1280.76,74551
4103008,Boa Esperança,PR,410015,4104,301.131,74578
4103024,Boa Esperança do Iguaçu,PR,410012,4103,152.252,74144
4103040,Boa Ventura de São Roque,PR,410005,4102,606.94,75140
4103057,Boa Vista da Aparecida,PR,410006,4103,265.636,79812
4103107,Bocaiúva do Sul,PR,410001,4101,809.682,74594
4103156,Bom Jesus do Sul,PR,410009,4103,175.536,75167
4103206,Bom Sucesso,PR,410023,4105,321.56,74616
4103222,Bom Sucesso do Sul,PR,410010,4103,198.58,74160
4103305,Borrazópolis,PR,410023,4105,338.354,74632
4103354,Braganey,PR,410006,4103,343.26,79839
4103370,Brasilândia do Sul,PR,410016,4104,291.036,74187
4103404,Cafeara,PR,410021,4105,184.255,74659
4103453,Cafelândia,PR,410006,4103,275.17,79855
4103479,Cafezal do Sul,PR,410016,4104,335.728,74209
4103503,Califórnia,PR,410023,4105,141.817,74675
4103602,Cambará,PR,410022,4105,367.462,74691
4103701,Cambé,PR,410021,4105,499.583,74713
4103800,Cambira,PR,410023,4105,166.274,74730
4103909,Campina da Lagoa,PR,410015,4104,798.991,74756
4103958,Campina do Simão,PR,410004,4102,448.033,75183
4104006,Campina Grande do Sul,PR,410001,4101,542.239,74772
4104055,Campo Bonito,PR,410006,4103,434.124,74780
4104105,Campo do Tenente,PR,410001,4101,303.956,74799
4104204,Campo Largo,PR,410001,4101,1239.801,74810
4104253,Campo Magro,PR,410001,4101,275.423,75205
4104303,Campo Mourão,PR,410015,4104,748.054,74837
4104402,Cândido de Abreu,PR,410025,4105,1506.15,74853
4104428,Candói,PR,410004,4102,1509.719,74225
4104451,Cantagalo,PR,410004,4102,568.929,84514
4104501,Capanema,PR,410009,4103,415.961,74870
4104600,Capitão Leônidas Marques,PR,410006,4103,280.109,74896
4104659,Carambeí,PR,410027,4106,647.021,75221
4104709,Carlópolis,PR,410022,4105,454.169,74918
4104808,Cascavel,PR,410006,4103,2094.263,74934
4104907,Castro,PR,410027,4106,2526.498,74950
4105003,Catanduvas,PR,410006,4103,578.494,74977
4105102,Centenário do Sul,PR,410021,4105,370.629,74993
4105201,Cerro Azul,PR,410001,4101,1353.255,75019
4105300,Céu Azul,PR,410006,4103,1176.523,79570
4105409,Chopinzinho,PR,410010,4103,961.682,75035
4105508,Cianorte,PR,410018,4104,807.796,75051
4105607,Cidade Gaúcha,PR,410016,4104,402.241,75078
4105706,Clevelândia,PR,410010,4103,703.973,75094
4105805,Colombo,PR,410001,4101,197.369,75132
4105904,Colorado,PR,410019,4104,408.533,75159
4106001,Congonhinhas,PR,410024,4105,535.963,75175
4106100,Conselheiro Mairinck,PR,410026,4105,204.443,75191
4106209,Contenda,PR,410001,4101,296.488,75213
4106308,Corbélia,PR,410006,4103,527.607,75230
4106407,Cornélio Procópio,PR,410024,4105,636.59,75256
4106456,Coronel Domingos Soares,PR,410010,4103,1511.972,75248
4106506,Coronel Vivida,PR,410010,4103,683.799,75272
4106555,Corumbataí do Sul,PR,410015,4104,167.921,75280
4106571,Cruzeiro do Iguaçu,PR,410012,4103,161.293,74241
4106605,Cruzeiro do Oeste,PR,410016,4104,776.101,75299
4106704,Cruzeiro do Sul,PR,410019,4104,259.115,75310
4106803,Cruz Machado,PR,410003,4101,1474.202,75337
4106852,Cruzmaltina,PR,410025,4105,306.237,75264
4106902,Curitiba,PR,410001,4101,435.406,75353
4107009,Curiúva,PR,410028,4106,576.263,75370
4107108,Diamante do Norte,PR,410017,4104,242.887,75396
4107124,Diamante do Sul,PR,410006,4103,347.233,74268
4107157,Diamante D'Oeste,PR,410006,4103,310.624,75400
4107207,Dois Vizinhos,PR,410012,4103,418.162,75418
4107256,Douradina,PR,410016,4104,420.525,84654
4107306,Doutor Camargo,PR,410014,4104,118.286,75434
4107405,Enéas Marques,PR,410009,4103,196.238,75450
4107504,Engenheiro Beltrão,PR,410015,4104,470.825,75477
4107520,Esperança Nova,PR,410016,4104,141.317,75302
4107538,Entre Rios do Oeste,PR,410013,4103,120.294,74284
4107546,Espigão Alto do Iguaçu,PR,410011,4103,325.584,75329
4107553,Farol,PR,410015,4104,289.232,74306
4107603,Faxinal,PR,410025,4105,716.804,75493
4107652,Fazenda Rio Grande,PR,410001,4101,116.41,74322
4107702,Fênix,PR,410015,4104,232.209,75515
4107736,Fernandes Pinheiro,PR,410029,4106,405.489,75345
4107751,Figueira,PR,410026,4105,129.769,84573
4107801,Floraí,PR,410014,4104,190.812,75531
4107850,Flor da Serra do Sul,PR,410009,4103,256.157,74349
4107900,Floresta,PR,410014,4104,158.334,75558
4108007,Florestópolis,PR,410021,4105,246.853,75574
4108106,Flórida,PR,410014,4104,83.046,75590
4108205,Formosa do Oeste,PR,410008,4103,275.651,75612
4108304,Foz do Iguaçu,PR,410007,4103,606.501,75639
4108320,Francisco Alves,PR,410016,4104,320.119,79774
4108403,Francisco Beltrão,PR,410009,4103,731.379,75655
4108452,Foz do Jordão,PR,410004,4102,230.716,75361
4108502,General Carneiro,PR,410003,4101,1068.369,75671
4108551,Godoy Moreira,PR,410025,4105,126.956,74004
4108601,Goioerê,PR,410015,4104,563.954,75698
4108650,Goioxim,PR,410004,4102,702.284,75388
4108700,Grandes Rios,PR,410025,4105,311.512,79596
4108809,Guaíra,PR,410008,4103,563.414,75710
4108908,Guairaçá,PR,410017,4104,496.289,75736
4108957,Guamiranga,PR,410004,4102,244.592,75426
4109005,Guapirama,PR,410022,4105,189.372,75752
4109104,Guaporema,PR,410018,4104,200.407,75779
4109203,Guaraci,PR,410021,4105,213.067,75795
4109302,Guaraniaçu,PR,410006,4103,1237.77,75817
4109401,Guarapuava,PR,410004,4102,3163.893,75833
4109500,Guaraqueçaba,PR,410002,4101,2011.256,75850
4109609,Guaratuba,PR,410002,4101,1320.951,75876
4109658,Honório Serpa,PR,410010,4103,503.896,74365
4109708,Ibaiti,PR,410026,4105,902.797,75892
4109757,Ibema,PR,410006,4103,146.547,74020
4109807,Ibiporã,PR,410021,4105,298.998,75914
4109906,Icaraíma,PR,410016,4104,675.24,75930
4110003,Iguaraçu,PR,410014,4104,164.54,75957
4110052,Iguatu,PR,410006,4103,106.937,74381
4110078,Imbaú,PR,410028,4106,331.94,75442
4110102,Imbituva,PR,410029,4106,758.099,75973
4110201,Inácio Martins,PR,410004,4102,938.126,75990
4110300,Inajá,PR,410019,4104,194.704,76015
4110409,Indianópolis,PR,410018,4104,122.392,79618
4110508,Ipiranga,PR,410027,4106,902.385,76031
4110607,Iporã,PR,410016,4104,648.624,76058
4110656,Iracema do Oeste,PR,410008,4103,81.538,74403
4110706,Irati,PR,410029,4106,1000.188,76074
4110805,Iretama,PR,410015,4104,570.716,76090
4110904,Itaguajé,PR,410019,4104,195.493,76112
4110953,Itaipulândia,PR,410007,4103,328.207,75000
4111001,Itambaracá,PR,410024,4105,207.342,76139
4111100,Itambé,PR,410014,4104,244.495,76155
4111209,Itapejara d'Oeste,PR,410010,4103,251.364,76171
4111258,Itaperuçu,PR,410001,4101,322.553,74446
4111308,Itaúna do Sul,PR,410017,4104,127.002,76198
4111407,Ivaí,PR,410027,4106,600.209,76210
4111506,Ivaiporã,PR,410025,4105,436.378,76236
4111555,Ivaté,PR,410016,4104,410.221,74462
4111605,Ivatuba,PR,410014,4104,96.427,76252
4111704,Jaboti,PR,410026,4105,139.217,76279
4111803,Jacarezinho,PR,410022,4105,603.383,76295
4111902,Jaguapitã,PR,410021,4105,475.004,76317
4112009,Jaguariaíva,PR,410027,4106,1443.264,76333
4112108,Jandaia do Sul,PR,410023,4105,188.103,76350
4112207,Janiópolis,PR,410015,4104,337.91,76376
4112306,Japira,PR,410026,4105,189.291,76392
4112405,Japurá,PR,410018,4104,165.185,76414
4112504,Jardim Alegre,PR,410025,4105,425.371,76430
4112603,Jardim Olinda,PR,410019,4104,128.515,76457
4112702,Jataizinho,PR,410021,4105,161.132,76473
4112751,Jesuítas,PR,410008,4103,246.606,79979
4112801,Joaquim Távora,PR,410022,4105,288.922,76490
4112900,Jundiaí do Sul,PR,410022,4105,316.748,76511
4112959,Juranda,PR,410015,4104,354.522,84638
4113007,Jussara,PR,410018,4104,207.013,76538
4113106,Kaloré,PR,410023,4105,194.081,76554
4113205,Lapa,PR,410001,4101,2100.392,76570
4113254,Laranjal,PR,410005,4102,559.439,74985
4113304,Laranjeiras do Sul,PR,410011,4103,677.933,76597
4113403,Leópolis,PR,410024,4105,344.918,76619
4113429,Lidianópolis,PR,410025,4105,151.779,74489
4113452,Lindoeste,PR,410006,4103,344.691,74047
4113502,Loanda,PR,410020,4104,722.091,76635
4113601,Lobato,PR,410019,4104,240.904,76651
4113700,Londrina,PR,410021,4105,1647.796,76678
4113734,Luiziana,PR,410015,4104,915.604,75809
4113759,Lunardelli,PR,410025,4105,191.062,84590
4113809,Lupionópolis,PR,410021,4105,121.661,76694
4113908,Mallet,PR,410029,4106,758.509,76716
4114005,Mamborê,PR,410015,4104,787.33,76732
4114104,Mandaguaçu,PR,410014,4104,293.792,76759
4114203,Mandaguari,PR,410014,4104,335.912,76775
4114302,Mandirituba,PR,410001,4101,378.818,76791
4114351,Manfrinópolis,PR,410009,4103,214.758,75469
4114401,Mangueirinha,PR,410010,4103,1058.357,75116
4114500,Manoel Ribas,PR,410025,4105,571.451,76813
4114609,Marechal Cândido Rondon,PR,410013,4103,743.593,76830
4114708,Maria Helena,PR,410016,4104,486.539,76856
4114807,Marialva,PR,410014,4104,474.954,76872
4114906,Marilândia do Sul,PR,410023,4105,384.42,74330
4115002,Marilena,PR,410017,4104,231.349,79758
4115101,Mariluz,PR,410016,4104,430.432,76899
4115200,Maringá,PR,410014,4104,487.912,76910
4115309,Mariópolis,PR,410010,4103,229.894,76937
4115358,Maripá,PR,410008,4103,283.794,74500
4115408,Marmeleiro,PR,410009,4103,388.538,76953
4115457,Marquinho,PR,410011,4103,518.147,75485
4115507,Marumbi,PR,410023,4105,207.687,76970
4115606,Matelândia,PR,410006,4103,642.123,76996
4115705,Matinhos,PR,410002,4101,117.479,79634
4115739,Mato Rico,PR,410005,4102,402.533,74527
4115754,Mauá da Serra,PR,410023,4105,107.535,74543
4115804,Medianeira,PR,410007,4103,326.67,77011
4115853,Mercedes,PR,410013,4103,197.136,74560
4115903,Mirador,PR,410017,4104,222.016,77038
4116000,Miraselva,PR,410021,4105,90.572,77054
4116059,Missal,PR,410007,4103,326.214,84697
4116109,Moreira Sales,PR,410015,4104,356.711,77070
4116208,Morretes,PR,410002,4101,686.489,77097
4116307,Munhoz de Melo,PR,410014,4104,137.03,77119
4116406,Nossa Senhora das Graças,PR,410019,4104,186.259,77135
4116505,Nova Aliança do Ivaí,PR,410017,4104,130.614,77151
4116604,Nova América da Colina,PR,410024,4105,129.476,77178
4116703,Nova Aurora,PR,410006,4103,471.176,79650
4116802,Nova Cantu,PR,410015,4104,552.873,77194
4116901,Nova Esperança,PR,410014,4104,402.051,77216
4116950,Nova Esperança do Sudoeste,PR,410009,4103,207.849,75027
4117008,Nova Fátima,PR,410024,4105,283.423,77232
4117057,Nova Laranjeiras,PR,410011,4103,1201.246,74586
4117107,Nova Londrina,PR,410017,4104,272.27,77259
4117206,Nova Olímpia,PR,410016,4104,136.347,79677
4117214,Nova Santa Bárbara,PR,410024,4105,80.783,74608
4117222,Nova Santa Rosa,PR,410013,4103,204.665,79790
4117255,Nova Prata do Iguaçu,PR,410012,4103,352.055,79952
4117271,Nova Tebas,PR,410005,4102,545.662,75760
4117297,Novo Itacolomi,PR,410023,4105,159.639,74420
4117305,Ortigueira,PR,410028,4106,2431.67,77275
4117404,Ourizona,PR,410014,4104,176.457,77291
4117453,Ouro Verde do Oeste,PR,410008,4103,293.042,74063
4117503,Paiçandu,PR,410014,4104,170.824,77313
4117602,Palmas,PR,410010,4103,1561.474,77330
4117701,Palmeira,PR,410027,4106,1473.233,77356
4117800,Palmital,PR,410005,4102,821.733,77372
4117909,Palotina,PR,410008,4103,651.237,77399
4118006,Paraíso do Norte,PR,410017,4104,205.222,77410
4118105,Paranacity,PR,410019,4104,348.152,77437
4118204,Paranaguá,PR,410002,4101,821.427,77453
4118303,Paranapoema,PR,410019,4104,175.875,77470
4118402,Paranavaí,PR,410017,4104,1197.394,77496
4118451,Pato Bragado,PR,410013,4103,136.483,74624
4118501,Pato Branco,PR,410010,4103,539.154,77518
4118600,Paula Freitas,PR,410003,4101,417.829,77534
4118709,Paulo Frontin,PR,410003,4101,363.169,77550
4118808,Peabiru,PR,410015,4104,467.542,77577
4118857,Perobal,PR,410016,4104,409.062,75507
4118907,Pérola,PR,410016,4104,236.07,79693
4119004,Pérola d'Oeste,PR,410009,4103,204.331,77593
4119103,Piên,PR,410001,4101,256.501,77615
4119152,Pinhais,PR,410001,4101,61.008,75043
4119202,Pinhalão,PR,410026,4105,220.049,77631
4119251,Pinhal de São Bento,PR,410009,4103,98.062,74640
4119301,Pinhão,PR,410004,4102,2003.799,77658
4119400,Piraí do Sul,PR,410027,4106,1349.154,77674
4119509,Piraquara,PR,410001,4101,225.065,77690
4119608,Pitanga,PR,410005,4102,1687.454,77712
4119657,Pitangueiras,PR,410021,4105,123.081,74667
4119707,Planaltina do Paraná,PR,410017,4104,356.276,77739
4119806,Planalto,PR,410009,4103,347.974,77755
4119905,Ponta Grossa,PR,410027,4106,2044.902,77771
4119954,Pontal do Paraná,PR,410002,4101,202.242,75523
4120002,Porecatu,PR,410021,4105,291.663,77798
4120101,Porto Amazonas,PR,410027,4106,186.581,77810
4120150,Porto Barreiro,PR,410011,4103,363.547,75540
4120200,Porto Rico,PR,410020,4104,219.242,77836
4120309,Porto Vitória,PR,410003,4101,210.236,77852
4120333,Prado Ferreira,PR,410021,4105,152.876,75566
4120358,Pranchita,PR,410009,4103,226.089,79910
4120408,Presidente Castelo Branco,PR,410014,4104,155.631,77879
4120507,Primeiro de Maio,PR,410021,4105,410.378,77895
4120606,Prudentópolis,PR,410004,4102,2257.861,77917
4120655,Quarto Centenário,PR,410015,4104,320.779,75582
4120705,Quatiguá,PR,410022,4105,112.567,77933
4120804,Quatro Barras,PR,410001,4101,181.565,77950
4120853,Quatro Pontes,PR,410013,4103,115.665,74683
4120903,Quedas do Iguaçu,PR,410011,4103,822.345,79553
4121000,Querência do Norte,PR,410020,4104,911.72,77976
4121109,Quinta do Sol,PR,410015,4104,326.137,77992
4121208,Quitandinha,PR,410001,4101,446.597,78018
4121257,Ramilândia,PR,410006,4103,235.418,74705
4121307,Rancho Alegre,PR,410024,4105,167.646,78034
4121356,Rancho Alegre D'Oeste,PR,410015,4104,241.185,74721
4121406,Realeza,PR,410009,4103,353.922,78050
4121505,Rebouças,PR,410029,4106,485.184,78077
4121604,Renascença,PR,410009,4103,425.947,78093
4121703,Reserva,PR,410028,4106,1646.103,78115
4121752,Reserva do Iguaçu,PR,410004,4102,833.085,75604
4121802,Ribeirão Claro,PR,410022,4105,625.874,78131
4121901,Ribeirão do Pinhal,PR,410022,4105,374.754,78158
4122008,Rio Azul,PR,410029,4106,596.17,78174
4122107,Rio Bom,PR,410023,4105,177.836,78190
4122156,Rio Bonito do Iguaçu,PR,410011,4103,684.695,74748
4122172,Rio Branco do Ivaí,PR,410025,4105,378.04,75620
4122206,Rio Branco do Sul,PR,410001,4101,820.071,78212
4122305,Rio Negro,PR,410001,4101,604.477,78239
4122404,Rolândia,PR,410021,4105,456.228,78255
4122503,Roncador,PR,410015,4104,741.709,78271
4122602,Rondon,PR,410018,4104,557.257,78298
4122651,Rosário do Ivaí,PR,410025,4105,377.625,75744
4122701,Sabáudia,PR,410021,4105,191.252,78310
4122800,Salgado Filho,PR,410009,4103,182.616,78336
4122909,Salto do Itararé,PR,410022,4105,200.897,78352
4123006,Salto do Lontra,PR,410012,4103,311.974,78379
4123105,Santa Amélia,PR,410024,4105,77.849,78395
4123204,Santa Cecília do Pavão,PR,410024,4105,105.076,78417
4123303,Santa Cruz de Monte Castelo,PR,410020,4104,444.966,78433
4123402,Santa Fé,PR,410014,4104,276.262,78450
4123501,Santa Helena,PR,410008,4103,753.997,79715
4123600,Santa Inês,PR,410019,4104,156.422,78476
4123709,Santa Isabel do Ivaí,PR,410020,4104,349.425,78492
4123808,Santa Izabel do Oeste,PR,410009,4103,321.003,78514
4123824,Santa Lúcia,PR,410006,4103,126.813,74764
4123857,Santa Maria do Oeste,PR,410005,4102,815.151,74802
4123907,Santa Mariana,PR,410024,4105,425.703,78530
4123956,Santa Mônica,PR,410020,4104,260.488,74829
4124004,Santana do Itararé,PR,410022,4105,251.831,78557
4124020,Santa Tereza do Oeste,PR,410006,4103,327.737,74080
4124053,Santa Terezinha de Itaipu,PR,410007,4103,270.949,84670
4124103,Santo Antônio da Platina,PR,410022,4105,720.385,78590
4124202,Santo Antônio do Caiuá,PR,410017,4104,221.391,78611
4124301,Santo Antônio do Paraíso,PR,410024,4105,162.647,78638
4124400,Santo Antônio do Sudoeste,PR,410009,4103,327.008,78573
4124509,Santo Inácio,PR,410019,4104,278.541,78654
4124608,São Carlos do Ivaí,PR,410017,4104,225.079,78670
4124707,São Jerônimo da Serra,PR,410024,4105,824.268,78697
4124806,São João,PR,410010,4103,387.15,78719
4124905,São João do Caiuá,PR,410017,4104,305.388,78735
4125001,São João do Ivaí,PR,410025,4105,351.885,78751
4125100,São João do Triunfo,PR,410027,4106,718.68,78778
4125209,São Jorge d'Oeste,PR,410012,4103,379.442,78816
4125308,São Jorge do Ivaí,PR,410014,4104,315.088,78794
4125357,São Jorge do Patrocínio,PR,410016,4104,404.018,79995
4125407,São José da Boa Vista,PR,410022,4105,399.886,78832
4125456,São José das Palmeiras,PR,410008,4103,182.627,84719
4125506,São José dos Pinhais,PR,410001,4101,945.509,78859
4125555,São Manoel do Paraná,PR,410018,4104,95.381,74845
4125605,São Mateus do Sul,PR,410003,4101,1344.742,78875
4125704,São Miguel do Iguaçu,PR,410007,4103,852.133,78891
4125753,São Pedro do Iguaçu,PR,410008,4103,309.1,74861
4125803,São Pedro do Ivaí,PR,410023,4105,323.213,78913
4125902,São Pedro do Paraná,PR,410020,4104,248.865,78930
4126009,São Sebastião da Amoreira,PR,410024,4105,226.872,78956
4126108,São Tomé,PR,410018,4104,218.623,78972
4126207,Sapopema,PR,410024,4105,677.588,78999
4126256,Sarandi,PR,410014,4104,103.942,84611
4126272,Saudade do Iguaçu,PR,410010,4103,152.084,75060
4126306,Sengés,PR,410027,4106,1438.17,79014
4126355,Serranópolis do Iguaçu,PR,410007,4103,482.987,75647
4126405,Sertaneja,PR,410024,4105,444.492,79030
4126504,Sertanópolis,PR,410021,4105,505.489,79057
4126603,Siqueira Campos,PR,410022,4105,277.112,79073
4126652,Sulina,PR,410010,4103,170.759,75787
4126678,Tamarana,PR,410021,4105,473.283,75663
4126702,Tamboara,PR,410017,4104,193.316,79090
4126801,Tapejara,PR,410018,4104,590.927,79111
4126900,Tapira,PR,410016,4104,434.371,79731
4127007,Teixeira Soares,PR,410029,4106,902.334,79138
4127106,Telêmaco Borba,PR,410028,4106,1379.02,79154
4127205,Terra Boa,PR,410018,4104,323.63,79170
4127304,Terra Rica,PR,410017,4104,698.25,79197
4127403,Terra Roxa,PR,410008,4103,801.135,79219
4127502,Tibagi,PR,410028,4106,2996.47,79235
4127601,Tijucas do Sul,PR,410001,4101,672.599,79251
4127700,Toledo,PR,410008,4103,1197.223,79278
4127809,Tomazina,PR,410022,4105,591.939,79294
4127858,Três Barras do Paraná,PR,410006,4103,506.963,79871
4127882,Tunas do Paraná,PR,410001,4101,670.899,74888
4127908,Tuneiras do Oeste,PR,410018,4104,705.229,79316
4127957,Tupãssi,PR,410008,4103,299.093,79936
4127965,Turvo,PR,410004,4102,936.038,84530
4128005,Ubiratã,PR,410015,4104,653.097,79332
4128104,Umuarama,PR,410016,4104,1233.997,79359
4128203,União da Vitória,PR,410003,4101,727.443,79375
4128302,Uniflor,PR,410014,4104,95.731,79391
4128401,Uraí,PR,410024,4105,235.855,79413
4128500,Wenceslau Braz,PR,410022,4105,397.685,79430
4128534,Ventania,PR,410028,4106,819.334,74900
4128559,Vera Cruz do Oeste,PR,410006,4103,330.602,79898
4128609,Verê,PR,410009,4103,312.744,79456
4128625,Alto Paraíso,PR,410016,4104,967.763,74926
4128633,Doutor Ulysses,PR,410001,4101,779.628,74942
4128658,Virmond,PR,410011,4103,248.583,74969
4128708,Vitorino,PR,410010,4103,308.08,79472
4128807,Xambrê,PR,410016,4104,360.044,79499
4200051,Abdon Batista,SC,420008,4204,237.517,80225
4200101,Abelardo Luz,SC,420011,4204,953.991,80012
4200200,Agrolândia,SC,420022,4207,206.815,80039
4200309,Agronômica,SC,420022,4207,129.774,80055
4200408,Água Doce,SC,420008,4204,1327.921,80071
4200507,Águas de Chapecó,SC,420007,4204,139.511,80098
4200556,Águas Frias,SC,420007,4204,76.631,80500
4200606,Águas Mornas,SC,420001,4201,326.66,80110
4200705,Alfredo Wagner,SC,420001,4201,733.489,80136
4200754,Alto Bela Vista,SC,420010,4204,103.433,81302
4200804,Anchieta,SC,420009,4204,232.348,80152
4200903,Angelina,SC,420001,4201,499.998,80179
4201000,Anita Garibaldi,SC,420005,4203,589.812,80195
4201109,Anitápolis,SC,420001,4201,540.636,80217
4201208,Antônio Carlos,SC,420001,4201,234.422,80233
4201257,Apiúna,SC,420019,4207,493.49,80063
4201273,Arabutã,SC,420010,4204,132.585,80489
4201307,Araquari,SC,420016,4206,386.693,80250
4201406,Araranguá,SC,420004,4202,302.003,80276
4201505,Armazém,SC,420003,4202,173.958,80292
4201604,Arroio Trinta,SC,420015,4205,93.53,80314
4201653,Arvoredo,SC,420007,4204,90.503,80802
4201703,Ascurra,SC,420019,4207,112.884,80330
4201802,Atalanta,SC,420022,4207,94.383,80357
4201901,Aurora,SC,420022,4207,207.045,80373
4201950,Balneário Arroio do Silva,SC,420004,4202,94.662,81728
4202008,Balneário Camboriú,SC,420020,4207,45.214,80390
4202057,Balneário Barra do Sul,SC,420016,4206,108.914,80683
4202073,Balneário Gaivota,SC,420004,4202,146.486,81744
4202081,Bandeirante,SC,420009,4204,148.074,81582
4202099,Barra Bonita,SC,420009,4204,92.934,81760
4202107,Barra Velha,SC,420020,4207,138.947,80411
4202131,Bela Vista do Toldo,SC,420017,4206,535.682,81221
4202156,Belmonte,SC,420009,4204,93.852,80748
4202206,Benedito Novo,SC,420019,4207,388.291,80438
4202305,Biguaçu,SC,420001,4201,365.755,80454
4202404,Blumenau,SC,420019,4207,518.635,80470
4202438,Bocaina do Sul,SC,420005,4203,510.673,81280
4202453,Bombinhas,SC,420020,4207,35.143,80985
4202503,Bom Jardim da Serra,SC,420005,4203,938.524,83895
4202537,Bom Jesus,SC,420011,4204,63.883,81388
4202578,Bom Jesus do Oeste,SC,420012,4204,67.777,81469
4202602,Bom Retiro,SC,420005,4203,1057.034,80497
4202701,Botuverá,SC,420021,4207,296.256,80519
4202800,Braço do Norte,SC,420003,4202,212.045,80535
4202859,Braço do Trombudo,SC,420022,4207,89.411,80420
4202875,Brunópolis,SC,420006,4203,336.439,81787
4202909,Brusque,SC,420021,4207,284.675,80551
4203006,Caçador,SC,420014,4205,983.424,80578
4203105,Caibi,SC,420007,4204,173.079,80594
4203154,Calmon,SC,420014,4205,636.208,80667
4203204,Camboriú,SC,420020,4207,210.568,80616
4203253,Capão Alto,SC,420005,4203,1331.962,81248
4203303,Campo Alegre,SC,420018,4206,500.174,80632
4203402,Campo Belo do Sul,SC,420005,4203,1025.638,80659
4203501,Campo Erê,SC,420013,4204,479.161,80675
4203600,Campos Novos,SC,420008,4204,1717.579,80691
4203709,Canelinha,SC,420021,4207,150.904,80713
4203808,Canoinhas,SC,420017,4206,1148.036,80730
4203907,Capinzal,SC,420008,4204,244.326,80756
4203956,Capivari de Baixo,SC,420003,4202,53.222,81027
4204004,Catanduvas,SC,420008,4204,199.166,80772
4204103,Caxambu do Sul,SC,420007,4204,140.873,80799
4204152,Celso Ramos,SC,420008,4204,208.391,80268
4204178,Cerro Negro,SC,420005,4203,418.544,80381
4204194,Chapadão do Lageado,SC,420024,4207,124.866,81701
4204202,Chapecó,SC,420007,4204,624.673,80810
4204251,Cocal do Sul,SC,420002,4202,70.965,80306
4204301,Concórdia,SC,420010,4204,799.195,80837
4204350,Cordilheira Alta,SC,420007,4204,85.276,81043
4204400,Coronel Freitas,SC,420007,4204,232.47,80853
4204459,Coronel Martins,SC,420011,4204,107.502,81108
4204509,Corupá,SC,420016,4206,405.761,80870
4204558,Correia Pinto,SC,420005,4203,647.388,83950
4204608,Criciúma,SC,420002,4202,234.794,80896
4204707,Cunha Porã,SC,420012,4204,220.099,80918
4204756,Cunhataí,SC,420007,4204,54.811,81620
4204806,Curitibanos,SC,420006,4203,949.994,80934
4204905,Descanso,SC,420009,4204,287.057,80950
4205001,Dionísio Cerqueira,SC,420009,4204,378.843,80977
4205100,Dona Emma,SC,420023,4207,178.157,80993
4205159,Doutor Pedrinho,SC,420019,4207,374.205,80080
4205175,Entre Rios,SC,420011,4204,103.838,81426
4205191,Ermo,SC,420004,4202,65.144,81167
4205209,Erval Velho,SC,420008,4204,208.841,81019
4205308,Faxinal dos Guedes,SC,420011,4204,340.07,81035
4205357,Flor do Sertão,SC,420009,4204,58.457,81604
4205407,Florianópolis,SC,420001,4201,674.844,81051
4205431,Formosa do Sul,SC,420007,4204,100.408,80888
4205456,Forquilhinha,SC,420002,4202,183.351,81060
4205506,Fraiburgo,SC,420015,4205,549.188,81078
4205555,Frei Rogério,SC,420006,4203,158.775,81329
4205605,Galvão,SC,420013,4204,139.836,81094
4205704,Garopaba,SC,420001,4201,114.773,81132
4205803,Garuva,SC,420016,4206,508.635,81159
4205902,Gaspar,SC,420019,4207,386.599,81175
4206009,Governador Celso Ramos,SC,420001,4201,127.556,81116
4206108,Grão-Pará,SC,420003,4202,334.362,81191
4206207,Gravatal,SC,420003,4202,165.718,81213
4206306,Guabiruba,SC,420021,4207,172.173,81230
4206405,Guaraciaba,SC,420009,4204,331.766,81256
4206504,Guaramirim,SC,420016,4206,267.514,81272
4206603,Guarujá do Sul,SC,420009,4204,100.63,81299
4206652,Guatambú,SC,420007,4204,206.196,80527
4206702,Herval d'Oeste,SC,420008,4204,216.581,81310
4206751,Ibiam,SC,420015,4205,146.009,81400
4206801,Ibicaré,SC,420008,4204,156.226,81337
4206900,Ibirama,SC,420023,4207,247.102,81353
4207007,Içara,SC,420002,4202,230.487,81370
4207106,Ilhota,SC,420019,4207,253.024,81396
4207205,Imaruí,SC,420003,4202,542.238,81418
4207304,Imbituba,SC,420001,4201,181.577,81434
4207403,Imbuia,SC,420024,4207,119.113,81450
4207502,Indaial,SC,420019,4207,430.799,81477
4207577,Iomerê,SC,420015,4205,113.986,81361
4207601,Ipira,SC,420010,4204,156.187,81493
4207650,Iporã do Oeste,SC,420009,4204,201.118,80020
4207684,Ipuaçu,SC,420011,4204,261.13,80829
4207700,Ipumirim,SC,420010,4204,246.115,81515
4207759,Iraceminha,SC,420012,4204,165.147,80187
4207809,Irani,SC,420010,4204,325.862,81531
4207858,Irati,SC,420007,4204,77.912,80861
4207908,Irineópolis,SC,420017,4206,589.698,81558
4208005,Itá,SC,420010,4204,166.265,81574
4208104,Itaiópolis,SC,420017,4206,1297.543,81590
4208203,Itajaí,SC,420020,4207,289.215,81612
4208302,Itapema,SC,420020,4207,58.21,81639
4208401,Itapiranga,SC,420009,4204,281.782,81655
4208450,Itapoá,SC,420016,4206,245.529,81663
4208500,Ituporanga,SC,420024,4207,336.588,81671
4208609,Jaborá,SC,420008,4204,182.483,81698
4208708,Jacinto Machado,SC,420004,4202,430.704,81710
4208807,Jaguaruna,SC,420003,4202,326.362,81736
4208906,Jaraguá do Sul,SC,420016,4206,530.825,81752
4208955,Jardinópolis,SC,420007,4204,68.499,81140
4209003,Joaçaba,SC,420008,4204,241.637,81779
4209102,Joinville,SC,420016,4206,1127.837,81795
4209151,José Boiteux,SC,420023,4207,405.552,80101
4209177,Jupiá,SC,420013,4204,91.448,81540
4209201,Lacerdópolis,SC,420008,4204,69.036,81817
4209300,Lages,SC,420005,4203,2637.66,81833
4209409,Laguna,SC,420003,4202,333.259,81850
4209458,Lajeado Grande,SC,420007,4204,65.348,80586
4209508,Laurentino,SC,420022,4207,79.333,81876
4209607,Lauro Müller,SC,420002,4202,271.852,81892
4209706,Lebon Régis,SC,420014,4205,941.641,81914
4209805,Leoberto Leal,SC,420024,4207,293.6,81930
4209854,Lindóia do Sul,SC,420010,4204,190.171,80047
4209904,Lontras,SC,420022,4207,197.586,81957
4210001,Luiz Alves,SC,420020,4207,260.106,81973
4210035,Luzerna,SC,420008,4204,117.099,81809
4210050,Macieira,SC,420014,4205,261.208,80900
4210100,Mafra,SC,420017,4206,1404.084,81990
4210209,Major Gercino,SC,420021,4207,306.058,82015
4210308,Major Vieira,SC,420017,4206,520.816,82031
4210407,Maracajá,SC,420004,4202,62.901,83917
4210506,Maravilha,SC,420012,4204,170.339,82058
4210555,Marema,SC,420007,4204,104.184,82066
4210605,Massaranduba,SC,420016,4206,374.452,82074
4210704,Matos Costa,SC,420014,4205,435.391,82090
4210803,Meleiro,SC,420004,4202,186.439,82112
4210852,Mirim Doce,SC,420022,4207,337.991,80365
4210902,Modelo,SC,420007,4204,92.346,82139
4211009,Mondaí,SC,420007,4204,200.275,82155
4211058,Monte Carlo,SC,420015,4205,191.278,80004
4211108,Monte Castelo,SC,420017,4206,560.743,82171
4211207,Morro da Fumaça,SC,420002,4202,82.878,82198
4211256,Morro Grande,SC,420002,4202,260.143,81086
4211306,Navegantes,SC,420020,4207,111.377,82210
4211405,Nova Erechim,SC,420007,4204,65.087,82236
4211454,Nova Itaberaba,SC,420007,4204,137.069,80322
4211504,Nova Trento,SC,420021,4207,402.852,82252
4211603,Nova Veneza,SC,420002,4202,295.063,82279
4211652,Novo Horizonte,SC,420013,4204,151.722,80764
4211702,Orleans,SC,420002,4202,549.859,82295
4211751,Otacílio Costa,SC,420005,4203,847.253,83976
4211801,Ouro,SC,420008,4204,213.543,82317
4211850,Ouro Verde,SC,420011,4204,188.568,80845
4211876,Paial,SC,420007,4204,86.049,81442
4211892,Painel,SC,420005,4203,738.331,81264
4211900,Palhoça,SC,420001,4201,394.85,82333
4212007,Palma Sola,SC,420009,4204,330.878,82350
4212056,Palmeira,SC,420005,4203,289.097,81566
4212106,Palmitos,SC,420007,4204,351.051,82376
4212205,Papanduva,SC,420017,4206,764.737,82392
4212239,Paraíso,SC,420009,4204,180.338,80705
4212254,Passo de Torres,SC,420004,4202,92.638,80403
4212270,Passos Maia,SC,420011,4204,617.092,80624
4212304,Paulo Lopes,SC,420001,4201,446.165,82414
4212403,Pedras Grandes,SC,420003,4202,159.892,82430
4212502,Penha,SC,420020,4207,57.997,82457
4212601,Peritiba,SC,420010,4204,95.632,82473
4212650,Pescaria Brava,SC,420003,4202,106.853,83925
4212700,Petrolândia,SC,420024,4207,306.76,82490
4212809,Balneário Piçarras,SC,420020,4207,99.11,82511
4212908,Pinhalzinho,SC,420007,4204,128.726,82538
4213005,Pinheiro Preto,SC,420015,4205,61.012,82554
4213104,Piratuba,SC,420010,4204,146.088,82570
4213153,Planalto Alegre,SC,420007,4204,63.1,80543
4213203,Pomerode,SC,420019,4207,214.299,82597
4213302,Ponte Alta,SC,420005,4203,575.17,82619
4213351,Ponte Alta do Norte,SC,420006,4203,396.882,80926
4213401,Ponte Serrada,SC,420011,4204,560.731,82635
4213500,Porto Belo,SC,420020,4207,93.674,82651
4213609,Porto União,SC,420017,4206,849.014,82678
4213708,Pouso Redondo,SC,420022,4207,356.539,82694
4213807,Praia Grande,SC,420004,4202,284.36,82716
4213906,Presidente Castello Branco,SC,420010,4204,65.433,82732
4214003,Presidente Getúlio,SC,420023,4207,297.16,82759
4214102,Presidente Nereu,SC,420022,4207,224.748,82775
4214151,Princesa,SC,420009,4204,85.598,81647
4214201,Quilombo,SC,420007,4204,278.983,82791
4214300,Rancho Queimado,SC,420001,4201,286.461,82813
4214409,Rio das Antas,SC,420015,4205,314.913,82830
4214508,Rio do Campo,SC,420022,4207,502.095,82856
4214607,Rio do Oeste,SC,420022,4207,245.057,82872
4214706,Rio dos Cedros,SC,420019,4207,555.473,82899
4214805,Rio do Sul,SC,420022,4207,260.817,82910
4214904,Rio Fortuna,SC,420003,4202,302.39,82937
4215000,Rio Negrinho,SC,420018,4206,907.42,82953
4215059,Rio Rufino,SC,420005,4203,282.571,80608
4215075,Riqueza,SC,420007,4204,191.061,80560
4215109,Rodeio,SC,420019,4207,129.001,82970
4215208,Romelândia,SC,420009,4204,223.333,82996
4215307,Salete,SC,420022,4207,177.887,83011
4215356,Saltinho,SC,420012,4204,156.568,81523
4215406,Salto Veloso,SC,420015,4205,104.974,83038
4215455,Sangão,SC,420003,4202,82.984,81000
4215505,Santa Cecília,SC,420006,4203,1145.716,83054
4215554,Santa Helena,SC,420009,4204,81.004,80721
4215604,Santa Rosa de Lima,SC,420003,4202,203.218,83070
4215653,Santa Rosa do Sul,SC,420004,4202,150.299,80241
4215679,Santa Terezinha,SC,420022,4207,715.551,80349
4215687,Santa Terezinha do Progresso,SC,420012,4204,119.653,81507
4215695,Santiago do Sul,SC,420007,4204,73.335,81205
4215703,Santo Amaro da Imperatriz,SC,420001,4201,344.236,83097
4215752,São Bernardino,SC,420013,4204,149.891,81485
4215802,São Bento do Sul,SC,420018,4206,495.001,83119
4215901,São Bonifácio,SC,420001,4201,461.438,83135
4216008,São Carlos,SC,420007,4204,162.12,83151
4216057,São Cristóvão do Sul,SC,420006,4203,345.902,80942
4216107,São Domingos,SC,420011,4204,367.525,83178
4216206,São Francisco do Sul,SC,420016,4206,493.266,83194
4216255,São João do Oeste,SC,420009,4204,163.589,80640
4216305,São João Batista,SC,420021,4207,200.765,83216
4216354,São João do Itaperiú,SC,420016,4206,151.885,81124
4216404,São João do Sul,SC,420004,4202,184.375,83232
4216503,São Joaquim,SC,420005,4203,1888.627,83259
4216602,São José,SC,420001,4201,150.499,83275
4216701,São José do Cedro,SC,420009,4204,280.76,83291
4216800,São José do Cerrito,SC,420005,4203,948.714,83313
4216909,São Lourenço do Oeste,SC,420013,4204,356.193,83330
4217006,São Ludgero,SC,420003,4202,106.765,83356
4217105,São Martinho,SC,420003,4202,224.566,83372
4217154,São Miguel da Boa Vista,SC,420012,4204,72.755,80780
4217204,São Miguel do Oeste,SC,420009,4204,233.83,83399
4217253,São Pedro de Alcântara,SC,420001,4201,139.196,81183
4217303,Saudades,SC,420007,4204,205.78,83410
4217402,Schroeder,SC,420016,4206,165.237,83437
4217501,Seara,SC,420010,4204,309.627,83453
4217550,Serra Alta,SC,420007,4204,90.564,80284
4217600,Siderópolis,SC,420002,4202,262.002,83470
4217709,Sombrio,SC,420004,4202,143.428,83496
4217758,Sul Brasil,SC,420007,4204,113.125,80446
4217808,Taió,SC,420022,4207,693.847,83518
4217907,Tangará,SC,420015,4205,390.044,83534
4217956,Tigrinhos,SC,420012,4204,56.962,81680
4218004,Tijucas,SC,420020,4207,279.262,83550
4218103,Timbé do Sul,SC,420004,4202,328.507,83933
4218202,Timbó,SC,420019,4207,128.313,83577
4218251,Timbó Grande,SC,420014,4205,596.343,80209
4218301,Três Barras,SC,420017,4206,436.496,83593
4218350,Treviso,SC,420002,4202,156.61,81345
4218400,Treze de Maio,SC,420003,4202,159.833,83615
4218509,Treze Tílias,SC,420008,4204,176.922,83631
4218608,Trombudo Central,SC,420022,4207,109.648,83658
4218707,Tubarão,SC,420003,4202,301.485,83674
4218756,Tunápolis,SC,420009,4204,132.939,83682
4218806,Turvo,SC,420004,4202,235.104,83690
4218855,União do Oeste,SC,420007,4204,92.857,80144
4218905,Urubici,SC,420005,4203,1021.371,83712
4218954,Urupema,SC,420005,4203,350.472,80160
4219002,Urussanga,SC,420002,4202,254.954,83739
4219101,Vargeão,SC,420011,4204,166.685,83755
4219150,Vargem,SC,420008,4204,350.606,80462
4219176,Vargem Bonita,SC,420008,4204,299.807,80969
4219200,Vidal Ramos,SC,420024,4207,346.932,83771
4219309,Videira,SC,420015,4205,384.127,83798
4219358,Vitor Meireles,SC,420023,4207,370.414,80128
4219408,Witmarsum,SC,420023,4207,153.776,83810
4219507,Xanxerê,SC,420011,4204,377.426,83836
4219606,Xavantina,SC,420011,4204,218.032,83852
4219705,Xaxim,SC,420007,4204,293.628,83879
4219853,Zortéa,SC,420008,4204,190.028,81825
4220000,Balneário Rincão,SC,420002,4202,63.512,83909
4300001,"Área Operacional ""Lagoa Mirim""",RS,,,2884.34,
4300002,"Área Operacional ""Lagoa dos Patos""",RS,,,10199.391,
4300034,Aceguá,RS,430010,4302,1551.339,88986
4300059,Água Santa,RS,430032,4306,291.526,84948
4300109,Agudo,RS,430011,4303,534.624,85014
4300208,Ajuricaba,RS,430018,4305,322.674,85030
4300307,Alecrim,RS,430019,4305,316.394,85057
4300406,Alegrete,RS,430015,4304,7800.552,85073
4300455,Alegria,RS,430023,4305,172.686,85545
4300471,Almirante Tamandaré do Sul,RS,430028,4306,265.042,89001
4300505,Alpestre,RS,430035,4306,325.979,85090
4300554,Alto Alegre,RS,430025,4306,115.335,84808
4300570,Alto Feliz,RS,430036,4307,78.17,86282
4300604,Alvorada,RS,430001,4301,71.702,85111
4300638,Amaral Ferrador,RS,430005,4301,506.071,86045
4300646,Ametista do Sul,RS,430029,4306,93.605,86304
4300661,André da Rocha,RS,430038,4307,331.208,86100
4300703,Anta Gorda,RS,430043,4308,242.1,85138
4300802,Antônio Prado,RS,430036,4307,347.507,85154
4300851,Arambaré,RS,430005,4301,518.193,86320
4300877,Araricá,RS,430002,4301,35.195,88862
4300901,Aratiba,RS,430026,4306,342.279,85170
4301008,Arroio do Meio,RS,430041,4308,157.087,85197
4301057,Arroio do Sal,RS,430008,4301,119.161,85308
4301073,Arroio do Padre,RS,430009,4302,124.693,89028
4301107,Arroio dos Ratos,RS,430001,4301,425.791,85219
4301206,Arroio do Tigre,RS,430042,4308,315.132,85235
4301305,Arroio Grande,RS,430009,4302,2508.557,85251
4301404,Arvorezinha,RS,430031,4306,269.31,85278
4301503,Augusto Pestana,RS,430018,4305,348.219,85294
4301552,Áurea,RS,430026,4306,156.727,84735
4301602,Bagé,RS,430010,4302,4091.554,85316
4301636,Balneário Pinhal,RS,430003,4301,102.387,88927
4301651,Barão,RS,430037,4307,122.567,86223
4301701,Barão de Cotegipe,RS,430026,4306,260.505,85332
4301750,Barão do Triunfo,RS,430001,4301,436.101,86347
4301800,Barracão,RS,430033,4306,515.469,85359
4301859,Barra do Guarita,RS,430021,4305,62.801,86363
4301875,Barra do Quaraí,RS,430015,4304,1055.937,88625
4301909,Barra do Ribeiro,RS,430001,4301,729.316,85375
4301925,Barra do Rio Azul,RS,430026,4306,146.995,86380
4301958,Barra Funda,RS,430028,4306,60.437,86401
4302006,Barros Cassal,RS,430031,4306,647.994,85391
4302055,Benjamin Constant do Sul,RS,430026,4306,132.351,88420
4302105,Bento Gonçalves,RS,430037,4307,272.217,85413
4302154,Boa Vista das Missões,RS,430029,4306,196.064,86428
4302204,Boa Vista do Buricá,RS,430023,4305,109.498,85430
4302220,Boa Vista do Cadeado,RS,430027,4306,701.221,89044
4302238,Boa Vista do Incra,RS,430027,4306,504.114,89060
4302253,Boa Vista do Sul,RS,430037,4307,93.108,88161
4302303,Bom Jesus,RS,430039,4307,2622.847,85456
4302352,Bom Princípio,RS,430002,4301,90.023,98230
4302378,Bom Progresso,RS,430021,4305,89.206,86444
4302402,Bom Retiro do Sul,RS,430041,4308,102.54,85472
4302451,Boqueirão do Leão,RS,430041,4308,257.789,84921
4302501,Bossoroca,RS,430022,4305,1610.056,85499
4302584,Bozano,RS,430018,4305,200.497,89087
4302600,Braga,RS,430021,4305,132.044,85510
4302659,Brochier,RS,430007,4301,105.353,85065
4302709,Butiá,RS,430006,4301,752.187,85537
4302808,Caçapava do Sul,RS,430012,4303,3046.787,85553
4302907,Cacequi,RS,430011,4303,2373.513,85570
4303004,Cachoeira do Sul,RS,430013,4303,3736.064,85596
4303103,Cachoeirinha,RS,430001,4301,43.76,85618
4303202,Cacique Doble,RS,430033,4306,203.582,85634
4303301,Caibaté,RS,430022,4305,261.28,85650
4303400,Caiçara,RS,430029,4306,189.071,85677
4303509,Camaquã,RS,430005,4301,1678.991,85693
4303558,Camargo,RS,430030,4306,138.069,85960
4303608,Cambará do Sul,RS,430036,4307,1182.679,85715
4303673,Campestre da Serra,RS,430036,4307,538.436,86460
4303707,Campina das Missões,RS,430019,4305,224.792,85731
4303806,Campinas do Sul,RS,430026,4306,276.162,85758
4303905,Campo Bom,RS,430002,4301,60.562,85774
4304002,Campo Novo,RS,430021,4305,220.719,85790
4304101,Campos Borges,RS,430025,4306,226.202,85200
4304200,Candelária,RS,430040,4308,944.735,85812
4304309,Cândido Godói,RS,430019,4305,247.196,85839
4304358,Candiota,RS,430010,4302,933.628,86487
4304408,Canela,RS,430036,4307,253.05,85855
4304507,Canguçu,RS,430009,4302,3527.541,85871
4304606,Canoas,RS,430001,4301,130.774,85898
4304614,Canudos do Vale,RS,430041,4308,82.943,89109
4304622,Capão Bonito do Sul,RS,430033,4306,526.85,89125
4304630,Capão da Canoa,RS,430003,4301,98.383,89150
4304655,Capão do Cipó,RS,430014,4303,1007.796,89141
4304663,Capão do Leão,RS,430009,4302,783.197,89737
4304671,Capivari do Sul,RS,430001,4301,412.889,88200
4304689,Capela de Santana,RS,430002,4301,182.672,84891
4304697,Capitão,RS,430041,4308,73.967,86509
4304705,Carazinho,RS,430028,4306,666.694,85910
4304713,Caraá,RS,430001,4301,294.606,88340
4304804,Carlos Barbosa,RS,430037,4307,230.061,85936
4304853,Carlos Gomes,RS,430026,4306,83.196,86525
4304903,Casca,RS,430030,4306,272.041,85952
4304952,Caseiros,RS,430033,4306,235.649,85880
4305009,Catuípe,RS,430018,4305,583.18,85979
4305108,Caxias do Sul,RS,430036,4307,1651.336,85995
4305116,Centenário,RS,430026,4306,134.78,86541
4305124,Cerrito,RS,430009,4302,451.699,88641
4305132,Cerro Branco,RS,430013,4303,158.025,86088
4305157,Cerro Grande,RS,430034,4306,73.438,85227
4305173,Cerro Grande do Sul,RS,430005,4301,324.908,85944
4305207,Cerro Largo,RS,430024,4305,176.742,86010
4305306,Chapada,RS,430028,4306,684.247,86037
4305355,Charqueadas,RS,430006,4301,217.362,86932
4305371,Charrua,RS,430032,4306,198.748,86568
4305405,Chiapetta,RS,430018,4305,397.179,86053
4305439,Chuí,RS,430009,4302,202.387,88846
4305447,Chuvisca,RS,430005,4301,220.471,88269
4305454,Cidreira,RS,430003,4301,243.419,85804
4305504,Ciríaco,RS,430030,4306,274.35,86070
4305587,Colinas,RS,430041,4308,60.732,86584
4305603,Colorado,RS,430028,4306,286.295,86096
4305702,Condor,RS,430018,4305,463.568,86118
4305801,Constantina,RS,430028,4306,203.614,86134
4305835,Coqueiro Baixo,RS,430041,4308,112.638,89168
4305850,Coqueiros do Sul,RS,430028,4306,277.147,86606
4305871,Coronel Barros,RS,430018,4305,163.716,86622
4305900,Coronel Bicaco,RS,430018,4305,492.303,86150
4305934,Coronel Pilar,RS,430037,4307,105.668,89184
4305959,Cotiporã,RS,430037,4307,173.262,89770
4305975,Coxilha,RS,430025,4306,422.101,86649
4306007,Crissiumal,RS,430021,4305,362.032,86177
4306056,Cristal,RS,430005,4301,679.743,85464
4306072,Cristal do Sul,RS,430029,4306,97.073,88528
4306106,Cruz Alta,RS,430027,4306,1360.548,86193
4306130,Cruzaltense,RS,430026,4306,166.883,89206
4306205,Cruzeiro do Sul,RS,430041,4308,155.482,86215
4306304,David Canabarro,RS,430030,4306,174.172,86231
4306320,Derrubadas,RS,430021,4305,360.851,86665
4306353,Dezesseis de Novembro,RS,430022,4305,216.341,85049
4306379,Dilermando de Aguiar,RS,430011,4303,600.518,88188
4306403,Dois Irmãos,RS,430002,4301,67.509,86258
4306429,Dois Irmãos das Missões,RS,430034,4306,226.072,86681
4306452,Dois Lajeados,RS,430038,4307,133.535,84824
4306502,Dom Feliciano,RS,430005,4301,1355.195,86274
4306551,Dom Pedro de Alcântara,RS,430008,4301,78.216,88463
4306601,Dom Pedrito,RS,430010,4302,5194.051,86290
4306700,Dona Francisca,RS,430011,4303,114.149,86312
4306734,Doutor Maurício Cardoso,RS,430023,4305,255.799,84883
4306759,Doutor Ricardo,RS,430043,4308,107.96,88307
4306767,Eldorado do Sul,RS,430001,4301,509.632,86240
4306809,Encantado,RS,430043,4308,140.006,86339
4306908,Encruzilhada do Sul,RS,430040,4308,3345.675,86355
4306924,Engenho Velho,RS,430028,4306,71.191,86703
4306932,Entre-Ijuís,RS,430020,4305,553.915,85103
4306957,Entre Rios do Sul,RS,430026,4306,119.912,85928
4306973,Erebango,RS,430026,4306,152.793,85081
4307005,Erechim,RS,430026,4306,429.164,86371
4307054,Ernestina,RS,430025,4306,238.558,85022
4307104,Herval,RS,430009,4302,1759.717,86398
4307203,Erval Grande,RS,430026,4306,285.677,86410
4307302,Erval Seco,RS,430029,4306,357.181,86436
4307401,Esmeralda,RS,430039,4307,829.587,86452
4307450,Esperança do Sul,RS,430021,4305,148.909,88285
4307500,Espumoso,RS,430025,4306,783.642,86479
4307559,Estação,RS,430026,4306,99.757,85286
4307609,Estância Velha,RS,430002,4301,51.779,86495
4307708,Esteio,RS,430001,4301,27.676,86517
4307807,Estrela,RS,430041,4308,185.032,86533
4307815,Estrela Velha,RS,430042,4308,281.613,88404
4307831,Eugênio de Castro,RS,430020,4305,417.821,85448
4307864,Fagundes Varela,RS,430037,4307,134.476,84930
4307906,Farroupilha,RS,430036,4307,361.338,86550
4308003,Faxinal do Soturno,RS,430011,4303,169.514,86576
4308052,Faxinalzinho,RS,430026,4306,143.321,86029
4308078,Fazenda Vilanova,RS,430041,4308,84.794,88366
4308102,Feliz,RS,430036,4307,94.96,86592
4308201,Flores da Cunha,RS,430036,4307,276.255,86614
4308250,Floriano Peixoto,RS,430026,4306,168.521,88242
4308300,Fontoura Xavier,RS,430031,4306,583.239,86630
4308409,Formigueiro,RS,430011,4303,578.875,86657
4308433,Forquetinha,RS,430041,4308,93.278,89222
4308458,Fortaleza dos Valos,RS,430027,4306,650.512,98272
4308508,Frederico Westphalen,RS,430029,4306,264.876,86673
4308607,Garibaldi,RS,430037,4307,168.492,86690
4308656,Garruchos,RS,430022,4305,803.97,86720
4308706,Gaurama,RS,430026,4306,204.428,86711
4308805,General Câmara,RS,430006,4301,510.01,86738
4308854,Gentil,RS,430030,4306,184.715,86746
4308904,Getúlio Vargas,RS,430026,4306,287.466,86770
4309001,Giruá,RS,430020,4305,855.56,86797
4309050,Glorinha,RS,430001,4301,323.955,85502
4309100,Gramado,RS,430036,4307,239.433,86819
4309126,Gramado dos Loureiros,RS,430035,4306,131.396,86762
4309159,Gramado Xavier,RS,430040,4308,216.79,86789
4309209,Gravataí,RS,430001,4301,468.288,86835
4309258,Guabiju,RS,430038,4307,146.925,84867
4309308,Guaíba,RS,430001,4301,377.664,86851
4309407,Guaporé,RS,430038,4307,297.743,86878
4309506,Guarani das Missões,RS,430020,4305,289.515,86894
4309555,Harmonia,RS,430002,4301,48.547,85189
4309571,Herveiras,RS,430040,4308,117.981,88323
4309605,Horizontina,RS,430023,4305,229.798,86916
4309654,Hulha Negra,RS,430010,4302,822.608,86800
4309704,Humaitá,RS,430021,4305,135.01,86959
4309753,Ibarama,RS,430042,4308,195.426,84972
4309803,Ibiaçá,RS,430032,4306,348.778,86975
4309902,Ibiraiaras,RS,430033,4306,280.816,86991
4309951,Ibirapuitã,RS,430031,4306,307.164,84964
4310009,Ibirubá,RS,430027,4306,607.185,87017
4310108,Igrejinha,RS,430004,4301,138.116,87033
4310207,Ijuí,RS,430018,4305,688.982,87050
4310306,Ilópolis,RS,430043,4308,123.602,87076
4310330,Imbé,RS,430003,4301,39.766,85685
4310363,Imigrante,RS,430041,4308,71.718,85782
4310405,Independência,RS,430023,4305,358.397,87092
4310413,Inhacorá,RS,430018,4305,113.703,86827
4310439,Ipê,RS,430036,4307,599.032,84999
4310462,Ipiranga do Sul,RS,430026,4306,158.71,85243
4310504,Iraí,RS,430029,4306,181.85,87114
4310538,Itaara,RS,430011,4303,172.801,88382
4310553,Itacurubi,RS,430014,4303,1120.249,85901
4310579,Itapuca,RS,430031,4306,184.673,86843
4310603,Itaqui,RS,430017,4304,3405.999,87130
4310652,Itati,RS,430003,4301,205.06,89249
4310702,Itatiba do Sul,RS,430026,4306,212.669,87157
4310751,Ivorá,RS,430011,4303,122.93,85626
4310801,Ivoti,RS,430002,4301,63.092,87173
4310850,Jaboticaba,RS,430029,4306,127.589,84786
4310876,Jacuizinho,RS,430027,4306,339.399,89265
4310900,Jacutinga,RS,430026,4306,178.009,87190
4311007,Jaguarão,RS,430009,4302,2051.845,87211
4311106,Jaguari,RS,430011,4303,675.108,87238
4311122,Jaquirana,RS,430039,4307,908.842,84905
4311130,Jari,RS,430011,4303,853.08,88587
4311155,Jóia,RS,430018,4305,1238.709,98299
4311205,Júlio de Castilhos,RS,430011,4303,1929.544,87254
4311239,Lagoa Bonita do Sul,RS,430042,4308,109.758,89281
4311254,Lagoão,RS,430042,4308,387.453,85260
4311270,Lagoa dos Três Cantos,RS,430025,4306,138.602,86886
4311304,Lagoa Vermelha,RS,430033,4306,1272.725,87270
4311403,Lajeado,RS,430041,4308,90.801,87297
4311429,Lajeado do Bugre,RS,430034,4306,67.947,86860
4311502,Lavras do Sul,RS,430012,4303,2600.991,87319
4311601,Liberato Salzano,RS,430029,4306,245.627,87335
4311627,Lindolfo Collor,RS,430002,4301,33.348,86908
4311643,Linha Nova,RS,430002,4301,63.46,86924
4311700,Machadinho,RS,430033,4306,335.344,87351
4311718,Maçambará,RS,430017,4304,1682.676,88447
4311734,Mampituba,RS,430008,4301,156.653,88943
4311759,Manoel Viana,RS,430015,4304,1365.086,86940
4311775,Maquiné,RS,430003,4301,613.58,86967
4311791,Maratá,RS,430007,4301,82.063,86983
4311809,Marau,RS,430030,4306,649.77,87378
4311908,Marcelino Ramos,RS,430026,4306,229.551,87394
4311981,Mariana Pimentel,RS,430001,4301,338.45,87009
4312005,Mariano Moro,RS,430026,4306,98.727,87416
4312054,Marques de Souza,RS,430041,4308,125.714,88820
4312104,Mata,RS,430011,4303,316.121,87432
4312138,Mato Castelhano,RS,430025,4306,238.268,87025
4312153,Mato Leitão,RS,430040,4308,46.799,87041
4312179,Mato Queimado,RS,430024,4305,114.653,89303
4312203,Maximiliano de Almeida,RS,430032,4306,208.955,87459
4312252,Minas do Leão,RS,430006,4301,424.339,87068
4312302,Miraguaí,RS,430021,4305,131.236,87475
4312351,Montauri,RS,430038,4307,82.23,85820
4312377,Monte Alegre dos Campos,RS,430039,4307,549.031,88803
4312385,Monte Belo do Sul,RS,430037,4307,69.763,87084
4312401,Montenegro,RS,430007,4301,425.159,87491
4312427,Mormaço,RS,430031,4306,146.191,87106
4312443,Morrinhos do Sul,RS,430008,4301,166.224,87122
4312450,Morro Redondo,RS,430009,4302,244.644,86185
4312476,Morro Reuter,RS,430002,4301,87.032,87149
4312500,Mostardas,RS,430001,4301,1977.442,87513
4312609,Muçum,RS,430043,4308,111.247,87530
4312617,Muitos Capões,RS,430039,4307,1193.23,88544
4312625,Muliterno,RS,430030,4306,110.969,87165
4312658,Não-Me-Toque,RS,430028,4306,361.689,87556
4312674,Nicolau Vergueiro,RS,430025,4306,154.995,87181
4312708,Nonoai,RS,430035,4306,468.962,87572
4312757,Nova Alvorada,RS,430030,4306,148.861,86169
4312807,Nova Araçá,RS,430038,4307,74.623,87599
4312906,Nova Bassano,RS,430038,4307,211.727,87610
4312955,Nova Boa Vista,RS,430028,4306,93.733,87203
4313003,Nova Bréscia,RS,430043,4308,102.994,87637
4313011,Nova Candelária,RS,430023,4305,97.5,88226
4313037,Nova Esperança do Sul,RS,430014,4303,191.772,85120
4313060,Nova Hartz,RS,430002,4301,62.088,84816
4313086,Nova Pádua,RS,430036,4307,102.648,87220
4313102,Nova Palma,RS,430011,4303,314.613,87653
4313201,Nova Petrópolis,RS,430036,4307,291.538,87670
4313300,Nova Prata,RS,430038,4307,259.237,87696
4313334,Nova Ramada,RS,430018,4305,255.264,88560
4313359,Nova Roma do Sul,RS,430036,4307,149.753,84751
4313375,Nova Santa Rita,RS,430001,4301,217.636,87246
4313391,Novo Cabrais,RS,430013,4303,192.998,88684
4313409,Novo Hamburgo,RS,430002,4301,222.548,87718
4313425,Novo Machado,RS,430019,4305,218.836,87289
4313441,Novo Tiradentes,RS,430029,4306,75.428,87300
4313466,Novo Xingu,RS,430028,4306,79.851,89320
4313490,Novo Barreiro,RS,430034,4306,123.344,87262
4313508,Osório,RS,430003,4301,663.878,87734
4313607,Paim Filho,RS,430032,4306,181.998,87750
4313656,Palmares do Sul,RS,430001,4301,949.201,89672
4313706,Palmeira das Missões,RS,430034,4306,1421.101,87777
4313805,Palmitinho,RS,430029,4306,144.181,87793
4313904,Panambi,RS,430018,4305,491.57,87815
4313953,Pantano Grande,RS,430040,4308,841.225,84980
4314001,Paraí,RS,430038,4307,121.745,87831
4314027,Paraíso do Sul,RS,430013,4303,337.534,85987
4314035,Pareci Novo,RS,430007,4301,57.5,87327
4314050,Parobé,RS,430004,4301,108.56,98256
4314068,Passa Sete,RS,430042,4308,304.299,88889
4314076,Passo do Sobrado,RS,430040,4308,265.133,87343
4314100,Passo Fundo,RS,430025,4306,784.406,87858
4314134,Paulo Bento,RS,430026,4306,149.669,89346
4314159,Paverama,RS,430041,4308,171.863,85146
4314175,Pedras Altas,RS,430010,4302,1373.985,89567
4314209,Pedro Osório,RS,430009,4302,603.757,87874
4314308,Pejuçara,RS,430018,4305,414.106,87890
4314407,Pelotas,RS,430009,4302,1608.78,87912
4314423,Picada Café,RS,430036,4307,84.322,87360
4314456,Pinhal,RS,430029,4306,68.222,85340
4314464,Pinhal da Serra,RS,430039,4307,438.11,89362
4314472,Pinhal Grande,RS,430011,4303,478.11,87386
4314498,Pinheirinho do Vale,RS,430029,4306,105.385,87408
4314506,Pinheiro Machado,RS,430010,4302,2249.324,87939
4314548,Pinto Bandeira,RS,430037,4307,104.802,89540
4314555,Pirapó,RS,430022,4305,281.794,84778
4314605,Piratini,RS,430009,4302,3539.343,87955
4314704,Planalto,RS,430035,4306,228.552,87971
4314753,Poço das Antas,RS,430041,4308,67.618,86126
4314779,Pontão,RS,430025,4306,502.709,87424
4314787,Ponte Preta,RS,430026,4306,99.504,87440
4314803,Portão,RS,430002,4301,159.307,87998
4314902,Porto Alegre,RS,430001,4301,495.977,88013
4315008,Porto Lucena,RS,430019,4305,250.809,88030
4315057,Porto Mauá,RS,430019,4305,105.811,87467
4315073,Porto Vera Cruz,RS,430019,4305,114.349,87483
4315107,Porto Xavier,RS,430024,4305,281.497,88056
4315131,Pouso Novo,RS,430041,4308,105.338,85421
4315149,Presidente Lucena,RS,430002,4301,49.625,87505
4315156,Progresso,RS,430041,4308,256.039,84760
4315172,Protásio Alves,RS,430038,4307,171.994,85405
4315206,Putinga,RS,430043,4308,216.159,88072
4315305,Quaraí,RS,430016,4304,3139.995,88099
4315313,Quatro Irmãos,RS,430026,4306,268.971,89389
4315321,Quevedos,RS,430011,4303,543.359,87521
4315354,Quinze de Novembro,RS,430027,4306,223.072,84875
4315404,Redentora,RS,430021,4305,303.705,88110
4315453,Relvado,RS,430043,4308,108.188,85766
4315503,Restinga Sêca,RS,430011,4303,968.62,88137
4315552,Rio dos Índios,RS,430035,4306,235.854,87548
4315602,Rio Grande,RS,430009,4302,2682.85,88153
4315701,Rio Pardo,RS,430040,4308,2051.112,88170
4315750,Riozinho,RS,430004,4301,239.09,85740
4315800,Roca Sales,RS,430043,4308,208.108,88196
4315909,Rodeio Bonito,RS,430029,4306,83.278,88218
4315958,Rolador,RS,430022,4305,295.201,89400
4316006,Rolante,RS,430004,4301,296.09,88234
4316105,Ronda Alta,RS,430025,4306,418.675,88250
4316204,Rondinha,RS,430028,4306,252.454,88277
4316303,Roque Gonzales,RS,430024,4305,349.084,88293
4316402,Rosário do Sul,RS,430016,4304,4343.651,88315
4316428,Sagrada Família,RS,430034,4306,77.889,87564
4316436,Saldanha Marinho,RS,430028,4306,221.554,85561
4316451,Salto do Jacuí,RS,430027,4306,507.698,89753
4316477,Salvador das Missões,RS,430024,4305,95.952,87580
4316501,Salvador do Sul,RS,430007,4301,99.026,88331
4316600,Sananduva,RS,430032,4306,504.499,88358
4316709,Santa Bárbara do Sul,RS,430027,4306,975.799,88374
4316733,Santa Cecília do Sul,RS,430032,4306,200.056,89247
4316758,Santa Clara do Sul,RS,430041,4308,86.491,87602
4316808,Santa Cruz do Sul,RS,430040,4308,734.516,88390
4316907,Santa Maria,RS,430011,4303,1780.194,88412
4316956,Santa Maria do Herval,RS,430002,4301,140.442,86207
4316972,Santa Margarida do Sul,RS,430012,4303,955.299,89443
4317004,Santana da Boa Vista,RS,430012,4303,1418.758,88439
4317103,Sant'Ana do Livramento,RS,430016,4304,6946.407,88455
4317202,Santa Rosa,RS,430019,4305,489.303,88471
4317251,Santa Tereza,RS,430037,4307,73.677,87629
4317301,Santa Vitória do Palmar,RS,430009,4302,5206.977,88498
4317400,Santiago,RS,430014,4303,2413.419,88510
4317509,Santo Ângelo,RS,430020,4305,678.501,88536
4317558,Santo Antônio do Palma,RS,430030,4306,126.094,87645
4317608,Santo Antônio da Patrulha,RS,430001,4301,1049.583,88552
4317707,Santo Antônio das Missões,RS,430022,4305,1710.466,88579
4317756,Santo Antônio do Planalto,RS,430028,4306,203.44,87661
4317806,Santo Augusto,RS,430018,4305,467.775,88595
4317905,Santo Cristo,RS,430019,4305,367.069,88617
4317954,Santo Expedito do Sul,RS,430032,4306,125.334,87688
4318002,São Borja,RS,430017,4304,3616.674,88633
4318051,São Domingos do Sul,RS,430030,4306,78.67,84832
4318101,São Francisco de Assis,RS,430011,4303,2534.789,88650
4318200,São Francisco de Paula,RS,430036,4307,3317.825,88676
4318309,São Gabriel,RS,430012,4303,5053.459,88692
4318408,São Jerônimo,RS,430006,4301,935.595,88714
4318424,São João da Urtiga,RS,430032,4306,171.504,84859
4318432,São João do Polêsine,RS,430011,4303,78.32,87700
4318440,São Jorge,RS,430038,4307,125.731,84794
4318457,São José das Missões,RS,430034,4306,98.125,87769
4318465,São José do Herval,RS,430031,4306,102.912,85588
4318481,São José do Hortêncio,RS,430002,4301,63.705,85324
4318499,São José do Inhacorá,RS,430023,4305,77.743,87742
4318507,São José do Norte,RS,430009,4302,1072.338,88730
4318606,São José do Ouro,RS,430033,4306,335.215,88757
4318614,São José do Sul,RS,430007,4301,54.764,89460
4318622,São José dos Ausentes,RS,430039,4307,1173.047,87726
4318705,São Leopoldo,RS,430002,4301,103.009,88773
4318804,São Lourenço do Sul,RS,430009,4302,2039.434,88790
4318903,São Luiz Gonzaga,RS,430022,4305,1296.773,88811
4319000,São Marcos,RS,430036,4307,256.225,88838
4319109,São Martinho,RS,430021,4305,171.245,88854
4319125,São Martinho da Serra,RS,430011,4303,669.547,87785
4319158,São Miguel das Missões,RS,430020,4305,1228.91,85480
4319208,São Nicolau,RS,430022,4305,497.446,88870
4319307,São Paulo das Missões,RS,430024,4305,222.504,88897
4319356,São Pedro da Serra,RS,430007,4301,37.631,87807
4319364,São Pedro das Missões,RS,430034,4306,79.894,89486
4319372,São Pedro do Butiá,RS,430024,4305,107.394,87823
4319406,São Pedro do Sul,RS,430011,4303,873.394,88919
4319505,São Sebastião do Caí,RS,430002,4301,113.067,88935
4319604,São Sepé,RS,430011,4303,2204.779,88951
4319703,São Valentim,RS,430026,4306,154.45,88978
4319711,São Valentim do Sul,RS,430037,4307,91.899,87840
4319737,São Valério do Sul,RS,430018,4305,107.402,87866
4319752,São Vendelino,RS,430002,4301,31.899,85383
4319802,São Vicente do Sul,RS,430011,4303,1174.225,86754
4319901,Sapiranga,RS,430002,4301,137.759,88994
4320008,Sapucaia do Sul,RS,430001,4301,58.247,89010
4320107,Sarandi,RS,430028,4306,351.718,89036
4320206,Seberi,RS,430029,4306,301.032,89052
4320230,Sede Nova,RS,430021,4305,119.312,85707
4320263,Segredo,RS,430042,4308,245.17,85529
4320305,Selbach,RS,430027,4306,176.47,89079
4320321,Senador Salgado Filho,RS,430019,4305,147.086,88765
4320354,Sentinela do Sul,RS,430005,4301,282.13,87882
4320404,Serafina Corrêa,RS,430038,4307,163.503,89095
4320453,Sério,RS,430041,4308,105.428,87904
4320503,Sertão,RS,430025,4306,440.631,89117
4320552,Sertão Santana,RS,430001,4301,252.013,87920
4320578,Sete de Setembro,RS,430020,4305,131.66,88706
4320602,Severiano de Almeida,RS,430026,4306,167.598,89133
4320651,Silveira Martins,RS,430011,4303,119.285,84956
4320677,Sinimbu,RS,430040,4308,509.778,87947
4320701,Sobradinho,RS,430042,4308,128.823,89176
4320800,Soledade,RS,430031,4306,1215.056,89192
4320859,Tabaí,RS,430041,4308,94.754,88722
4320909,Tapejara,RS,430032,4306,238.082,89214
4321006,Tapera,RS,430025,4306,179.935,89230
4321105,Tapes,RS,430005,4301,805.452,89257
4321204,Taquara,RS,430004,4301,450.195,89273
4321303,Taquari,RS,430041,4308,349.967,89290
4321329,Taquaruçu do Sul,RS,430029,4306,76.917,85669
4321352,Tavares,RS,430001,4301,610.107,89710
4321402,Tenente Portela,RS,430021,4305,337.495,89311
4321436,Terra de Areia,RS,430003,4301,142.304,85162
4321451,Teutônia,RS,430041,4308,175.875,98213
4321469,Tio Hugo,RS,430025,4306,113.944,89508
4321477,Tiradentes do Sul,RS,430021,4305,236.653,87963
4321493,Toropi,RS,430011,4303,198.316,88900
4321501,Torres,RS,430008,4301,161.63,89338
4321600,Tramandaí,RS,430003,4301,142.878,89354
4321626,Travesseiro,RS,430041,4308,80.681,87980
4321634,Três Arroios,RS,430026,4306,148.601,84743
4321667,Três Cachoeiras,RS,430008,4301,251.483,85367
4321709,Três Coroas,RS,430004,4301,168.124,89370
4321808,Três de Maio,RS,430023,4305,421.604,89397
4321832,Três Forquilhas,RS,430008,4301,217.386,88005
4321857,Três Palmeiras,RS,430025,4306,180.599,86142
4321907,Três Passos,RS,430021,4305,268.902,89419
4321956,Trindade do Sul,RS,430035,4306,268.417,85006
4322004,Triunfo,RS,430006,4301,818.221,89435
4322103,Tucunduva,RS,430019,4305,181.198,89451
4322152,Tunas,RS,430042,4308,217.302,84840
4322186,Tupanci do Sul,RS,430033,4306,135.664,88021
4322202,Tupanciretã,RS,430027,4306,2253.234,89478
4322251,Tupandi,RS,430002,4301,59.406,85723
4322301,Tuparendi,RS,430019,4305,307.71,89494
4322327,Turuçu,RS,430009,4302,253.635,88501
4322343,Ubiretama,RS,430024,4305,125.95,88609
4322350,União da Serra,RS,430038,4307,131.154,88048
4322376,Unistalda,RS,430014,4303,602.26,88480
4322400,Uruguaiana,RS,430015,4304,5702.098,89516
4322509,Vacaria,RS,430039,4307,2124.492,89532
4322525,Vale Verde,RS,430040,4308,329.727,88668
4322533,Vale do Sol,RS,430040,4308,329.389,88064
4322541,Vale Real,RS,430036,4307,44.688,88080
4322558,Vanini,RS,430030,4306,64.905,84913
4322608,Venâncio Aires,RS,430040,4308,772.701,89559
4322707,Vera Cruz,RS,430040,4308,309.994,89575
4322806,Veranópolis,RS,430037,4307,289.361,89591
4322855,Vespasiano Corrêa,RS,430043,4308,113.622,88781
4322905,Viadutos,RS,430026,4306,266.67,89613
4323002,Viamão,RS,430001,4301,1496.019,89630
4323101,Vicente Dutra,RS,430029,4306,193.023,89656
4323200,Victor Graeff,RS,430025,4306,238.133,89699
4323309,Vila Flores,RS,430037,4307,107.704,86061
4323358,Vila Lângaro,RS,430032,4306,151.673,88749
4323408,Vila Maria,RS,430030,4306,181.061,85642
4323457,Vila Nova do Sul,RS,430012,4303,508.278,88102
4323507,Vista Alegre,RS,430029,4306,77.656,85600
4323606,Vista Alegre do Prata,RS,430038,4307,120.234,85863
4323705,Vista Gaúcha,RS,430021,4305,90.022,85847
4323754,Vitória das Missões,RS,430020,4305,258.454,88129
4323770,Westfália,RS,430041,4308,66.875,89524
4323804,Xangri-lá,RS,430003,4301,60.756,88145
5000203,Água Clara,MS,500002,5001,7781.558,90034
5000252,Alcinópolis,MS,500004,5001,4397.518,55018
5000609,Amambai,MS,500009,5002,4193.742,90115
5000708,Anastácio,MS,500012,5003,2913.108,90131
5000807,Anaurilândia,MS,500007,5002,3415.657,90158
5000856,Angélica,MS,500007,5002,1283.629,91693
5000906,Antônio João,MS,500008,5002,1095.9,90174
5001003,Aparecida do Taboado,MS,500003,5001,2751.485,90190
5001102,Aquidauana,MS,500012,5003,17087.976,90212
5001243,Aral Moreira,MS,500008,5002,1653.86,91715
5001508,Bandeirantes,MS,500001,5001,3363.487,90298
5001904,Bataguassu,MS,500002,5001,2392.476,90379
5002001,Batayporã,MS,500007,5002,1826.578,90395
5002100,Bela Vista,MS,500011,5003,4956.473,90417
5002159,Bodoquena,MS,500012,5003,2589.14,98019
5002209,Bonito,MS,500011,5003,5378.723,90433
5002308,Brasilândia,MS,500002,5001,5803.542,90450
5002407,Caarapó,MS,500005,5002,2115.73,90557
5002605,Camapuã,MS,500001,5001,6238.127,90492
5002704,Campo Grande,MS,500001,5001,8082.327,90514
5002803,Caracol,MS,500011,5003,2928.706,90530
5002902,Cassilândia,MS,500003,5001,3711.715,90573
5002951,Chapadão do Sul,MS,500003,5001,3252.327,91782
5003108,Corguinho,MS,500001,5001,2638.923,90611
5003157,Coronel Sapucaia,MS,500009,5002,1023.727,98590
5003207,Corumbá,MS,500010,5003,64431.145,90638
5003256,Costa Rica,MS,500004,5001,4159.384,98035
5003306,Coxim,MS,500004,5001,6390.663,90654
5003454,Deodápolis,MS,500005,5002,828.45,91758
5003488,Dois Irmãos do Buriti,MS,500001,5001,2430.3,91804
5003504,Douradina,MS,500005,5002,280.235,98051
5003702,Dourados,MS,500005,5002,4062.889,90735
5003751,Eldorado,MS,500006,5002,1012.796,91731
5003801,Fátima do Sul,MS,500005,5002,325.631,90751
5003900,Figueirão,MS,500004,5001,4880.736,55069
5004007,Glória de Dourados,MS,500005,5002,493.105,90794
5004106,Guia Lopes da Laguna,MS,500011,5003,1225.426,90816
5004304,Iguatemi,MS,500006,5002,2957.41,90859
5004403,Inocência,MS,500003,5001,5761.186,90875
5004502,Itaporã,MS,500005,5002,1342.389,90891
5004601,Itaquiraí,MS,500006,5002,2063.717,98078
5004700,Ivinhema,MS,500007,5002,2003.43,90930
5004809,Japorã,MS,500006,5002,416.605,55034
5004908,Jaraguari,MS,500001,5001,2913.558,90972
5005004,Jardim,MS,500011,5003,2130.068,90999
5005103,Jateí,MS,500005,5002,1933.316,91014
5005152,Juti,MS,500005,5002,1569.176,91820
5005202,Ladário,MS,500010,5003,354.255,91030
5005251,Laguna Carapã,MS,500005,5002,1725.78,55026
5005400,Maracaju,MS,500005,5002,5396.905,91073
5005608,Miranda,MS,500012,5003,5470.975,91111
5005681,Mundo Novo,MS,500006,5002,478.38,91790
5005707,Naviraí,MS,500006,5002,3189.667,91138
5005806,Nioaque,MS,500011,5003,3909.738,91154
5006002,Nova Alvorada do Sul,MS,500001,5001,4027.647,55000
5006200,Nova Andradina,MS,500007,5002,4768.118,91235
5006259,Novo Horizonte do Sul,MS,500007,5002,849.19,55042
5006275,Paraíso das Águas,MS,500003,5001,5061.433,55050
5006309,Paranaíba,MS,500003,5001,5352.02,91251
5006358,Paranhos,MS,500009,5002,1307.092,91847
5006408,Pedro Gomes,MS,500004,5001,3553.782,91278
5006606,Ponta Porã,MS,500008,5002,5359.274,91316
5006903,Porto Murtinho,MS,500011,5003,17502.994,91375
5007109,Ribas do Rio Pardo,MS,500001,5001,17315.212,91413
5007208,Rio Brilhante,MS,500005,5002,3983.507,91430
5007307,Rio Negro,MS,500001,5001,1828.8,91456
5007406,Rio Verde de Mato Grosso,MS,500004,5001,8174.784,91472
5007505,Rochedo,MS,500001,5001,1304.755,91499
5007554,Santa Rita do Pardo,MS,500002,5001,6142.001,91863
5007695,São Gabriel do Oeste,MS,500001,5001,3850.674,98094
5007703,Sete Quedas,MS,500009,5002,839.117,98132
5007802,Selvíria,MS,500002,5001,3254.917,98116
5007901,Sidrolândia,MS,500001,5001,5265.695,91570
5007935,Sonora,MS,500004,5001,4185.542,91880
5007950,Tacuru,MS,500009,5002,1784.207,98159
5007976,Taquarussu,MS,500007,5002,1052.232,98175
5008008,Terenos,MS,500001,5001,2845.653,91596
5008305,Três Lagoas,MS,500002,5001,10217.071,91650
5008404,Vicentina,MS,500005,5002,302.542,91901
5100102,Acorizal,MT,510001,5101,850.763,90018
5100201,Água Boa,MT,510015,5104,7549.308,91910
5100250,Alta Floresta,MT,510010,5103,8955.409,89877
5100300,Alto Araguaia,MT,510016,5105,5094.148,90050
5100359,Alto Boa Vista,MT,510014,5104,2248.414,90042
5100409,Alto Garças,MT,510016,5105,3857.559,90077
5100508,Alto Paraguai,MT,510003,5101,1847.354,90093
5100607,Alto Taquari,MT,510016,5105,1744.743,98612
5100805,Apiacás,MT,510010,5103,20488.646,90263
5101001,Araguaiana,MT,510013,5104,6380.7,98639
5101209,Araguainha,MT,510016,5105,675.231,90239
5101258,Araputanga,MT,510006,5102,1639.731,89893
5101308,Arenápolis,MT,510003,5101,417.337,90255
5101407,Aripuanã,MT,510009,5103,24678.135,90271
5101605,Barão de Melgaço,MT,510001,5101,11374.872,90310
5101704,Barra do Bugres,MT,510002,5101,5976.863,90336
5101803,Barra do Garças,MT,510013,5104,8362.912,90352
5101837,Boa Esperança do Norte,MT,510008,5103,4704.488,73709
5101852,Bom Jesus do Araguaia,MT,510014,5104,4266.636,90905
5101902,Brasnorte,MT,510002,5101,15968.355,90468
5102504,Cáceres,MT,510004,5102,24499.922,90476
5102603,Campinápolis,MT,510015,5104,5978.984,98655
5102637,Campo Novo do Parecis,MT,510002,5101,9428.585,90484
5102678,Campo Verde,MT,510001,5101,4771.091,90506
5102686,Campos de Júlio,MT,510005,5102,6792.808,90743
5102694,Canabrava do Norte,MT,510014,5104,3449.037,90085
5102702,Canarana,MT,510015,5104,10855.181,91936
5102793,Carlinda,MT,510010,5103,2421.788,90760
5102850,Castanheira,MT,510009,5103,3713.465,90549
5103007,Chapada dos Guimarães,MT,510001,5101,6603.253,90590
5103056,Cláudia,MT,510007,5103,3843.562,90522
5103106,Cocalinho,MT,510015,5104,16563.136,98671
5103205,Colíder,MT,510007,5103,3112.091,89796
5103254,Colniza,MT,510009,5103,27960.244,89788
5103304,Comodoro,MT,510005,5102,21485.018,99015
5103353,Confresa,MT,510014,5104,5802.302,90280
5103361,Conquista D'Oeste,MT,510005,5102,2684.676,91006
5103379,Cotriguaçu,MT,510009,5103,9469.956,90425
5103403,Cuiabá,MT,510001,5101,4327.22,90670
5103437,Curvelândia,MT,510004,5102,357.212,89800
5103452,Denise,MT,510002,5101,1273.178,98337
5103502,Diamantino,MT,510003,5101,8263.397,90697
5103601,Dom Aquino,MT,510018,5105,2183.603,90719
5103700,Feliz Natal,MT,510007,5103,11661.514,90786
5103809,Figueirópolis D'Oeste,MT,510006,5102,891.448,99031
5103858,Gaúcha do Norte,MT,510015,5104,16908.375,90824
5103908,General Carneiro,MT,510013,5104,4514.917,90778
5103957,Glória D'Oeste,MT,510006,5102,833.131,90204
5104104,Guarantã do Norte,MT,510011,5103,4725.273,99058
5104203,Guiratinga,MT,510016,5105,5044.493,90832
5104500,Indiavaí,MT,510006,5102,592.495,99074
5104526,Ipiranga do Norte,MT,510008,5103,3422.016,91081
5104542,Itanhangá,MT,510008,5103,2909.745,91103
5104559,Itaúba,MT,510007,5103,4521.79,98698
5104609,Itiquira,MT,510016,5105,8698.814,90913
5104807,Jaciara,MT,510018,5105,2429.678,90956
5104906,Jangada,MT,510001,5101,1114.302,90565
5105002,Jauru,MT,510006,5102,1345.411,89915
5105101,Juara,MT,510012,5103,22632.713,98191
5105150,Juína,MT,510009,5103,26397.173,98310
5105176,Juruena,MT,510009,5103,3207.837,90581
5105200,Juscimeira,MT,510018,5105,2291.301,91898
5105234,Lambari D'Oeste,MT,510004,5102,1810.463,90301
5105259,Lucas do Rio Verde,MT,510008,5103,3674.596,90603
5105309,Luciara,MT,510014,5104,4282.733,91057
5105507,Vila Bela da Santíssima Trindade,MT,510005,5102,13484.71,91090
5105580,Marcelândia,MT,510007,5103,12285.486,98710
5105606,Matupá,MT,510011,5103,5228.28,90620
5105622,Mirassol d'Oeste,MT,510006,5102,1085.488,91774
5105903,Nobres,MT,510001,5101,3908.739,91170
5106000,Nortelândia,MT,510003,5101,1336.754,91197
5106109,Nossa Senhora do Livramento,MT,510001,5101,5410.138,91219
5106158,Nova Bandeirantes,MT,510010,5103,9556.661,90387
5106174,Nova Nazaré,MT,510015,5104,4034.539,90964
5106182,Nova Lacerda,MT,510005,5102,4780.426,90867
5106190,Nova Santa Helena,MT,510007,5103,2385.611,89826
5106208,Nova Brasilândia,MT,510001,5101,3289.572,89818
5106216,Nova Canaã do Norte,MT,510007,5103,5953.099,98752
5106224,Nova Mutum,MT,510008,5103,9536.814,90646
5106232,Nova Olímpia,MT,510002,5101,1327.266,98736
5106240,Nova Ubiratã,MT,510008,5103,8720.777,90883
5106257,Nova Xavantina,MT,510013,5104,5492.21,91952
5106265,Novo Mundo,MT,510011,5103,5800.758,90808
5106273,Novo Horizonte do Norte,MT,510012,5103,920.048,98795
5106281,Novo São Joaquim,MT,510013,5104,5225.595,98779
5106299,Paranaíta,MT,510010,5103,4814.149,98833
5106307,Paranatinga,MT,510017,5105,24127.429,89834
5106315,Novo Santo Antônio,MT,510014,5104,4394.78,90948
5106372,Pedra Preta,MT,510016,5105,3841.672,91812
5106422,Peixoto de Azevedo,MT,510011,5103,14433.774,98817
5106455,Planalto da Serra,MT,510001,5101,2437.59,90344
5106505,Poconé,MT,510001,5101,17013.707,91294
5106653,Pontal do Araguaia,MT,510013,5104,2742.482,90700
5106703,Ponte Branca,MT,510013,5104,701.138,91332
5106752,Pontes e Lacerda,MT,510005,5102,8545.292,89990
5106778,Porto Alegre do Norte,MT,510014,5104,3971.733,98850
5106802,Porto dos Gaúchos,MT,510012,5103,6846.668,91359
5106828,Porto Esperidião,MT,510006,5102,5835.276,98876
5106851,Porto Estrela,MT,510002,5101,2045.467,90182
5107008,Poxoréu,MT,510017,5105,6915.298,91391
5107040,Primavera do Leste,MT,510017,5105,5470.383,98892
5107065,Querência,MT,510015,5104,17799.989,90069
5107107,São José dos Quatro Marcos,MT,510006,5102,1282.762,89931
5107156,Reserva do Cabaçal,MT,510006,5102,1331.677,98914
5107180,Ribeirão Cascalheira,MT,510015,5104,11354.555,90662
5107198,Ribeirãozinho,MT,510013,5104,624.997,90441
5107206,Rio Branco,MT,510004,5102,539.287,89958
5107248,Santa Carmem,MT,510007,5103,3812.09,90107
5107263,Santo Afonso,MT,510003,5101,1166.382,90328
5107297,São José do Povo,MT,510016,5105,489.737,90026
5107305,São José do Rio Claro,MT,510003,5101,4525.304,91995
5107354,São José do Xingu,MT,510014,5104,7465.563,90247
5107404,São Pedro da Cipa,MT,510018,5105,344.33,90409
5107578,Rondolândia,MT,510009,5103,12658.341,89960
5107602,Rondonópolis,MT,510016,5105,4824.505,91510
5107701,Rosário Oeste,MT,510001,5101,7339.442,91537
5107743,Santa Cruz do Xingu,MT,510014,5104,5623.39,90980
5107750,Salto do Céu,MT,510004,5102,1753.38,89974
5107768,Santa Rita do Trivelato,MT,510008,5103,4740.204,91049
5107776,Santa Terezinha,MT,510014,5104,6466.228,91979
5107792,Santo Antônio do Leste,MT,510017,5105,3403.593,89843
5107800,Santo Antônio de Leverger,MT,510001,5101,9519.194,91553
5107859,São Félix do Araguaia,MT,510014,5104,16682.473,91839
5107875,Sapezal,MT,510002,5101,13614.552,90727
5107883,Serra Nova Dourada,MT,510014,5104,1490.793,90921
5107909,Sinop,MT,510007,5103,3990.87,89850
5107925,Sorriso,MT,510008,5103,8454.83,98930
5107941,Tabaporã,MT,510012,5103,8439.05,90220
5107958,Tangará da Serra,MT,510002,5101,11636.262,91855
5108006,Tapurah,MT,510008,5103,4492.539,90689
5108055,Terra Nova do Norte,MT,510007,5103,2399.737,98957
5108105,Tesouro,MT,510016,5105,4244.073,91618
5108204,Torixoréu,MT,510013,5104,2398.383,91634
5108303,União do Sul,MT,510007,5103,4590.628,90840
5108352,Vale de São Domingos,MT,510005,5102,1902.108,91022
5108402,Várzea Grande,MT,510001,5101,939.887,91677
5108501,Vera,MT,510008,5103,2978.675,98973
5108600,Vila Rica,MT,510014,5104,7436.42,98990
5108808,Nova Guarita,MT,510007,5103,1121.928,90140
5108857,Nova Marilândia,MT,510003,5101,1905.744,90166
5108907,Nova Maringá,MT,510003,5101,11553.479,90123
5108956,Nova Monte Verde,MT,510010,5103,5139.307,90360
5200050,Abadia de Goiás,GO,520001,5201,143.357,93360
5200100,Abadiânia,GO,520002,5201,1044.555,92010
5200134,Acreúna,GO,520015,5204,1566.742,96458
5200159,Adelândia,GO,520003,5201,115.385,96911
5200175,Água Fria de Goiás,GO,520022,5206,2023.636,96938
5200209,Água Limpa,GO,520008,5202,458.836,92037
5200258,Águas Lindas de Goiás,GO,520020,5206,191.817,93343
5200308,Alexânia,GO,520002,5201,846.876,92053
5200506,Aloândia,GO,520007,5202,102.094,92096
5200555,Alto Horizonte,GO,520017,5205,500.342,92940
5200605,Alto Paraíso de Goiás,GO,520022,5206,2594.998,92118
5200803,Alvorada do Norte,GO,520021,5206,1268.347,92150
5200829,Amaralina,GO,520017,5205,1343.742,93386
5200852,Americano do Brasil,GO,520003,5201,133.834,96610
5200902,Amorinópolis,GO,520014,5204,406.93,92177
5201108,Anápolis,GO,520002,5201,935.671,92215
5201207,Anhanguera,GO,520004,5201,55.569,92231
5201306,Anicuns,GO,520003,5201,976.038,92258
5201405,Aparecida de Goiânia,GO,520001,5201,279.954,92274
5201454,Aparecida do Rio Doce,GO,520010,5203,603.254,93009
5201504,Aporé,GO,520011,5203,2899.237,92290
5201603,Araçu,GO,520003,5201,149.776,92312
5201702,Aragarças,GO,520014,5204,661.673,92339
5201801,Aragoiânia,GO,520001,5201,218.125,92355
5202155,Araguapaz,GO,520005,5201,2188.1,96695
5202353,Arenópolis,GO,520014,5204,1075.535,96717
5202502,Aruanã,GO,520005,5201,3054.773,92495
5202601,Aurilândia,GO,520013,5204,565.514,92517
5202809,Avelinópolis,GO,520003,5201,170.228,92550
5203104,Baliza,GO,520014,5204,1780.173,92614
5203203,Barro Alto,GO,520018,5205,1080.268,92630
5203302,Bela Vista de Goiás,GO,520001,5201,1274.034,92657
5203401,Bom Jardim de Goiás,GO,520014,5204,1901.141,92673
5203500,Bom Jesus de Goiás,GO,520007,5202,1405.605,92690
5203559,Bonfinópolis,GO,520001,5201,121.915,92029
5203575,Bonópolis,GO,520016,5205,1635.319,93408
5203609,Brazabrantes,GO,520001,5201,125.326,92711
5203807,Britânia,GO,520005,5201,1458.459,92754
5203906,Buriti Alegre,GO,520007,5202,901.932,92770
5203939,Buriti de Goiás,GO,520013,5204,202.576,93106
5203962,Buritinópolis,GO,520021,5206,246.075,93262
5204003,Cabeceiras,GO,520020,5206,1126.434,92797
5204102,Cachoeira Alta,GO,520010,5203,1657.226,92819
5204201,Cachoeira de Goiás,GO,520013,5204,424.49,92835
5204250,Cachoeira Dourada,GO,520007,5202,528.281,96733
5204300,Caçu,GO,520010,5203,2254.34,92851
5204409,Caiapônia,GO,520011,5203,8627.961,92878
5204508,Caldas Novas,GO,520008,5202,1608.523,92894
5204557,Caldazinha,GO,520001,5201,251.72,93122
5204607,Campestre de Goiás,GO,520015,5204,272.734,92916
5204656,Campinaçu,GO,520016,5205,1978.386,96873
5204706,Campinorte,GO,520017,5205,1064.527,92932
5204805,Campo Alegre de Goiás,GO,520004,5201,2450.111,92959
5204854,Campo Limpo de Goiás,GO,520002,5201,156.113,93580
5204904,Campos Belos,GO,520021,5206,735.128,92975
5204953,Campos Verdes,GO,520018,5205,443.125,92061
5205000,Carmo do Rio Verde,GO,520018,5205,419.821,92991
5205059,Castelândia,GO,520010,5203,299.228,92967
5205109,Catalão,GO,520004,5201,3826.37,93017
5205208,Caturaí,GO,520001,5201,205.065,93033
5205307,Cavalcante,GO,520022,5206,6948.78,93050
5205406,Ceres,GO,520018,5205,213.07,93076
5205455,Cezarina,GO,520015,5204,417.08,92100
5205471,Chapadão do Céu,GO,520011,5203,2184.077,92924
5205497,Cidade Ocidental,GO,520019,5206,389.985,93025
5205513,Cocalzinho de Goiás,GO,520020,5206,1785.339,92886
5205521,Colinas do Sul,GO,520017,5205,1707.52,92126
5205703,Córrego do Ouro,GO,520013,5204,458.077,93157
5205802,Corumbá de Goiás,GO,520002,5201,1064.833,93173
5205901,Corumbaíba,GO,520008,5202,1864.277,93190
5206206,Cristalina,GO,520019,5206,6153.921,93254
5206305,Cristianópolis,GO,520009,5202,221.624,93270
5206404,Crixás,GO,520018,5205,4673.037,93297
5206503,Cromínia,GO,520009,5202,364.918,93319
5206602,Cumari,GO,520004,5201,568.365,93335
5206701,Damianópolis,GO,520021,5206,417.625,93351
5206800,Damolândia,GO,520003,5201,86.057,93378
5206909,Davinópolis,GO,520004,5201,482.857,93394
5207105,Diorama,GO,520014,5204,685.382,93432
5207253,Doverlândia,GO,520011,5203,3227.558,96750
5207352,Edealina,GO,520009,5202,598.218,92207
5207402,Edéia,GO,520015,5204,1469.099,93491
5207501,Estrela do Norte,GO,520016,5205,301.139,93513
5207535,Faina,GO,520005,5201,1949.685,92223
5207600,Fazenda Nova,GO,520013,5204,1279.107,93530
5207808,Firminópolis,GO,520015,5204,422.34,93572
5207907,Flores de Goiás,GO,520022,5206,3695.106,93599
5208004,Formosa,GO,520020,5206,5804.292,93610
5208103,Formoso,GO,520016,5205,843.42,93637
5208152,Gameleira de Goiás,GO,520002,5201,588.328,93564
5208301,Divinópolis de Goiás,GO,520021,5206,828.874,93092
5208400,Goianápolis,GO,520002,5201,166.642,93670
5208509,Goiandira,GO,520004,5201,569.917,93696
5208608,Goianésia,GO,520018,5205,1547.319,93718
5208707,Goiânia,GO,520001,5201,729.296,93734
5208806,Goianira,GO,520001,5201,213.772,93750
5208905,Goiás,GO,520005,5201,3108.423,93777
5209101,Goiatuba,GO,520007,5202,2479.58,93793
5209150,Gouvelândia,GO,520012,5203,827.373,92266
5209200,Guapó,GO,520001,5201,514.178,93815
5209291,Guaraíta,GO,520005,5201,205.533,93149
5209408,Guarani de Goiás,GO,520021,5206,1221.054,93831
5209457,Guarinos,GO,520018,5205,593.188,92860
5209606,Heitoraí,GO,520003,5201,228.615,93874
5209705,Hidrolândia,GO,520001,5201,952.122,93890
5209804,Hidrolina,GO,520017,5205,583.756,93912
5209903,Iaciara,GO,520021,5206,1547.183,93939
5209937,Inaciolândia,GO,520012,5203,689.201,93165
5209952,Indiara,GO,520015,5204,955.419,96814
5210000,Inhumas,GO,520003,5201,614.889,93955
5210109,Ipameri,GO,520004,5201,4382.863,93971
5210158,Ipiranga de Goiás,GO,520018,5205,244.209,93548
5210208,Iporá,GO,520014,5204,1027.249,93998
5210307,Israelândia,GO,520014,5204,579.19,94013
5210406,Itaberaí,GO,520003,5201,1461.916,94030
5210562,Itaguari,GO,520003,5201,142.652,92282
5210604,Itaguaru,GO,520003,5201,241.029,94072
5210802,Itajá,GO,520010,5203,2082.737,94110
5210901,Itapaci,GO,520018,5205,952.998,94137
5211008,Itapirapuã,GO,520005,5201,2047.873,94153
5211206,Itapuranga,GO,520005,5201,1281.404,94196
5211305,Itarumã,GO,520010,5203,3437.367,94218
5211404,Itauçu,GO,520003,5201,383.064,94234
5211503,Itumbiara,GO,520007,5202,2447.014,94250
5211602,Ivolândia,GO,520013,5204,1260.841,94277
5211701,Jandaia,GO,520015,5204,863.087,94293
5211800,Jaraguá,GO,520002,5201,1848.947,94315
5211909,Jataí,GO,520011,5203,7178.792,94331
5212006,Jaupaci,GO,520014,5204,528.783,94358
5212055,Jesúpolis,GO,520002,5201,115.211,92983
5212105,Joviânia,GO,520007,5202,446.258,94374
5212204,Jussara,GO,520005,5201,4092.339,94390
5212253,Lagoa Santa,GO,520010,5203,463.289,93602
5212303,Leopoldo de Bulhões,GO,520002,5201,476.138,94439
5212501,Luziânia,GO,520019,5206,3962.107,94455
5212600,Mairipotaba,GO,520009,5202,468.029,94471
5212709,Mambaí,GO,520021,5206,858.27,94498
5212808,Mara Rosa,GO,520017,5205,1695.463,94510
5212907,Marzagão,GO,520008,5202,225.518,94536
5212956,Matrinchã,GO,520005,5201,1150.502,92320
5213004,Maurilândia,GO,520010,5203,389.959,94579
5213053,Mimoso de Goiás,GO,520020,5206,1380.701,92347
5213087,Minaçu,GO,520016,5205,2854.137,96474
5213103,Mineiros,GO,520011,5203,9042.844,94595
5213400,Moiporá,GO,520013,5204,452.314,94650
5213509,Monte Alegre de Goiás,GO,520021,5206,3119.86,94676
5213707,Montes Claros de Goiás,GO,520014,5204,2900.397,94714
5213756,Montividiu,GO,520010,5203,1869.581,92363
5213772,Montividiu do Norte,GO,520016,5205,1337.232,93181
5213806,Morrinhos,GO,520008,5202,2846.299,94730
5213855,Morro Agudo de Goiás,GO,520018,5205,282.333,92169
5213905,Mossâmedes,GO,520005,5201,684.882,94757
5214002,Mozarlândia,GO,520005,5201,1738.516,94773
5214051,Mundo Novo,GO,520016,5205,2141.534,96512
5214101,Mutunópolis,GO,520016,5205,955.069,94790
5214408,Nazário,GO,520015,5204,281.144,94854
5214507,Nerópolis,GO,520001,5201,204.713,94870
5214606,Niquelândia,GO,520017,5205,9846.293,94897
5214705,Nova América,GO,520018,5205,209.432,94919
5214804,Nova Aurora,GO,520004,5201,307.335,94935
5214838,Nova Crixás,GO,520005,5201,7308.682,96539
5214861,Nova Glória,GO,520018,5205,411.753,96555
5214879,Nova Iguaçu de Goiás,GO,520017,5205,625.625,93084
5214903,Nova Roma,GO,520021,5206,2136.725,94951
5215009,Nova Veneza,GO,520001,5201,122.354,94978
5215207,Novo Brasil,GO,520005,5201,649.35,95010
5215231,Novo Gama,GO,520019,5206,192.285,93327
5215256,Novo Planalto,GO,520016,5205,1254.491,92444
5215306,Orizona,GO,520006,5201,1971.265,95036
5215405,Ouro Verde de Goiás,GO,520002,5201,208.804,95052
5215504,Ouvidor,GO,520004,5201,411.318,95079
5215603,Padre Bernardo,GO,520020,5206,3142.615,95095
5215652,Palestina de Goiás,GO,520014,5204,1318.047,92460
5215702,Palmeiras de Goiás,GO,520015,5204,1537.199,95117
5215801,Palmelo,GO,520006,5201,59.809,95133
5215900,Palminópolis,GO,520015,5204,393.326,95150
5216007,Panamá,GO,520007,5202,432.204,95176
5216304,Paranaiguara,GO,520012,5203,1153.415,94552
5216403,Paraúna,GO,520015,5204,3786.578,95230
5216452,Perolândia,GO,520011,5203,1033.657,93068
5216809,Petrolina de Goiás,GO,520002,5201,530.49,95311
5216908,Pilar de Goiás,GO,520018,5205,906.047,95354
5217104,Piracanjuba,GO,520009,5202,2374.232,95397
5217203,Piranhas,GO,520014,5204,2045.088,95419
5217302,Pirenópolis,GO,520002,5201,2200.369,95435
5217401,Pires do Rio,GO,520006,5201,1077.641,95451
5217609,Planaltina,GO,520020,5206,2558.922,95958
5217708,Pontalina,GO,520009,5202,1434.289,95494
5218003,Porangatu,GO,520016,5205,4825.287,95559
5218052,Porteirão,GO,520010,5203,606.273,93424
5218102,Portelândia,GO,520011,5203,553.411,95575
5218300,Posse,GO,520021,5206,2076.99,95613
5218391,Professor Jamil,GO,520009,5202,356.292,93041
5218508,Quirinópolis,GO,520012,5203,3786.026,95630
5218607,Rialma,GO,520018,5205,268.291,95656
5218706,Rianápolis,GO,520018,5205,157.379,95672
5218789,Rio Quente,GO,520008,5202,244.655,92827
5218805,Rio Verde,GO,520010,5203,8374.254,95710
5218904,Rubiataba,GO,520018,5205,750.659,95737
5219001,Sanclerlândia,GO,520013,5204,509.402,95753
5219100,Santa Bárbara de Goiás,GO,520015,5204,140.957,95770
5219209,Santa Cruz de Goiás,GO,520006,5201,1109.007,95796
5219258,Santa Fé de Goiás,GO,520005,5201,1164.186,92568
5219308,Santa Helena de Goiás,GO,520010,5203,1142.337,95818
5219357,Santa Isabel,GO,520018,5205,812.756,96890
5219407,Santa Rita do Araguaia,GO,520011,5203,1357.197,95834
5219456,Santa Rita do Novo Destino,GO,520018,5205,970.448,93440
5219506,Santa Rosa de Goiás,GO,520002,5201,166.44,95850
5219605,Santa Tereza de Goiás,GO,520016,5205,789.544,95877
5219704,Santa Terezinha de Goiás,GO,520018,5205,1206.601,95893
5219712,Santo Antônio da Barra,GO,520010,5203,450.336,93203
5219738,Santo Antônio de Goiás,GO,520001,5201,135.022,92908
5219753,Santo Antônio do Descoberto,GO,520019,5206,943.948,96776
5219803,São Domingos,GO,520021,5206,3335.999,95915
5219902,São Francisco de Goiás,GO,520002,5201,416.535,95931
5220009,São João d'Aliança,GO,520022,5206,3334.455,95974
5220058,São João da Paraúna,GO,520015,5204,286.979,92622
5220108,São Luís de Montes Belos,GO,520013,5204,829.62,95990
5220157,São Luiz do Norte,GO,520017,5205,583.832,92649
5220207,São Miguel do Araguaia,GO,520016,5205,6150.179,96016
5220264,São Miguel do Passa Quatro,GO,520002,5201,537.347,92665
5220280,São Patrício,GO,520018,5205,172.763,93483
5220405,São Simão,GO,520012,5203,415.015,96059
5220454,Senador Canedo,GO,520001,5201,247.005,92703
5220504,Serranópolis,GO,520011,5203,5521.775,96075
5220603,Silvânia,GO,520002,5201,2349.924,96091
5220686,Simolândia,GO,520021,5206,346.811,92720
5220702,Sítio d'Abadia,GO,520021,5206,1611.851,96113
5221007,Taquaral de Goiás,GO,520003,5201,205.665,96172
5221080,Teresina de Goiás,GO,520022,5206,784.793,92762
5221197,Terezópolis de Goiás,GO,520001,5201,107.407,93220
5221304,Três Ranchos,GO,520004,5201,284.034,96237
5221403,Trindade,GO,520001,5201,712.69,96253
5221452,Trombas,GO,520016,5205,802.905,92789
5221502,Turvânia,GO,520015,5204,482.317,96318
5221551,Turvelândia,GO,520010,5203,935.659,92800
5221577,Uirapuru,GO,520018,5205,1154.305,93246
5221601,Uruaçu,GO,520017,5205,2142.498,96334
5221700,Uruana,GO,520018,5205,522.904,96350
5221809,Urutaí,GO,520006,5201,623.821,96377
5221858,Valparaíso de Goiás,GO,520019,5206,61.488,93300
5221908,Varjão,GO,520001,5201,517.402,96393
5222005,Vianópolis,GO,520002,5201,954.115,96415
5222054,Vicentinópolis,GO,520009,5202,733.794,96571
5222203,Vila Boa,GO,520022,5206,1052.593,93289
5222302,Vila Propício,GO,520018,5205,2181.593,93505
5300108,Brasília,DF,530001,5301,5760.785,97012
